<?xml version="1.0" encoding="UTF-8"?>
<osm version="0.6" generator="openstreetmap-cgimap 2.1.0 (1335 spike-08.openstreetmap.org)" copyright="OpenStreetMap and contributors" attribution="http://www.openstreetmap.org/copyright" license="http://opendatacommons.org/licenses/odbl/1-0/">
 <bounds minlat="20.9813810" minlon="105.7807660" maxlat="20.9877720" maxlon="105.7923800"/>
 <node id="444394873" visible="true" version="2" changeset="121880471" timestamp="2022-06-03T07:36:52Z" user="Senior_Intern" uid="13899044" lat="20.9835021" lon="105.7922468">
  <tag k="amenity" v="post_office"/>
  <tag k="name" v="Bưu Cục Văn Mỗ"/>
 </node>
 <node id="444394874" visible="true" version="5" changeset="179967402" timestamp="2026-03-16T19:06:44Z" user="ZioDragon" uid="13799024" lat="20.9836648" lon="105.7924788"/>
 <node id="444394885" visible="true" version="4" changeset="150651115" timestamp="2024-04-29T08:41:19Z" user="vietnam321" uid="11196308" lat="20.9815170" lon="105.7898608"/>
 <node id="444394888" visible="true" version="4" changeset="179967402" timestamp="2026-03-16T19:06:44Z" user="ZioDragon" uid="13799024" lat="20.9814834" lon="105.7896959"/>
 <node id="444394900" visible="true" version="4" changeset="179967402" timestamp="2026-03-16T19:06:44Z" user="ZioDragon" uid="13799024" lat="20.9801729" lon="105.7880801"/>
 <node id="444394903" visible="true" version="3" changeset="136111199" timestamp="2023-05-15T07:01:51Z" user="Hoàng Tuấn Việt" uid="13707170" lat="20.9839016" lon="105.7849912"/>
 <node id="444394904" visible="true" version="4" changeset="139677421" timestamp="2023-08-09T20:36:25Z" user="Hoàng Tuấn Việt" uid="13707170" lat="20.9839339" lon="105.7840277"/>
 <node id="444394905" visible="true" version="3" changeset="153105689" timestamp="2024-06-24T10:37:33Z" user="openmap-vn" uid="21213273" lat="20.9831968" lon="105.7836262"/>
 <node id="444394907" visible="true" version="4" changeset="164466222" timestamp="2025-04-03T13:46:31Z" user="ZioDragon" uid="13799024" lat="20.9821855" lon="105.7832492"/>
 <node id="444394918" visible="true" version="5" changeset="179967402" timestamp="2026-03-16T19:06:44Z" user="ZioDragon" uid="13799024" lat="20.9796340" lon="105.7869542"/>
 <node id="444394922" visible="true" version="2" changeset="60061136" timestamp="2018-06-22T03:28:10Z" user="Kolla6" uid="7671615" lat="20.9821217" lon="105.7853128"/>
 <node id="444394923" visible="true" version="2" changeset="60061136" timestamp="2018-06-22T03:28:10Z" user="Kolla6" uid="7671615" lat="20.9830471" lon="105.7854154"/>
 <node id="444394925" visible="true" version="4" changeset="136111199" timestamp="2023-05-15T07:01:51Z" user="Hoàng Tuấn Việt" uid="13707170" lat="20.9818903" lon="105.7853692"/>
 <node id="444394928" visible="true" version="4" changeset="139677421" timestamp="2023-08-09T20:36:25Z" user="Hoàng Tuấn Việt" uid="13707170" lat="20.9814162" lon="105.7853670"/>
 <node id="444394931" visible="true" version="2" changeset="153847313" timestamp="2024-07-12T09:40:28Z" user="phoenixsaigon1698" uid="3323343" lat="20.9803147" lon="105.7838906"/>
 <node id="444394932" visible="true" version="7" changeset="179967402" timestamp="2026-03-16T19:06:44Z" user="ZioDragon" uid="13799024" lat="20.9816868" lon="105.7894858"/>
 <node id="444394935" visible="true" version="7" changeset="179967402" timestamp="2026-03-16T19:06:44Z" user="ZioDragon" uid="13799024" lat="20.9818237" lon="105.7896589"/>
 <node id="444394937" visible="true" version="7" changeset="179967402" timestamp="2026-03-16T19:06:44Z" user="ZioDragon" uid="13799024" lat="20.9820119" lon="105.7898992"/>
 <node id="444394938" visible="true" version="5" changeset="72954205" timestamp="2019-08-02T19:28:12Z" user="UncoolGuyJake" uid="7674729" lat="20.9820752" lon="105.7898366">
  <tag k="highway" v="traffic_signals"/>
  <tag k="traffic_signals:direction" v="backward"/>
 </node>
 <node id="444394939" visible="true" version="6" changeset="179967402" timestamp="2026-03-16T19:06:44Z" user="ZioDragon" uid="13799024" lat="20.9827338" lon="105.7908205"/>
 <node id="444394951" visible="true" version="5" changeset="179967402" timestamp="2026-03-16T19:06:44Z" user="ZioDragon" uid="13799024" lat="20.9807187" lon="105.7882919"/>
 <node id="444394953" visible="true" version="6" changeset="179967402" timestamp="2026-03-16T19:06:44Z" user="ZioDragon" uid="13799024" lat="20.9813513" lon="105.7890720"/>
 <node id="444394956" visible="true" version="6" changeset="140058736" timestamp="2023-08-18T13:36:55Z" user="vietnam321" uid="11196308" lat="20.9833568" lon="105.7915400">
  <tag k="bus" v="yes"/>
  <tag k="departures_board" v="yes"/>
  <tag k="highway" v="bus_stop"/>
  <tag k="name" v="Số 10 Trần Phú - Siêu thị Việt Long"/>
  <tag k="public_transport" v="platform"/>
 </node>
 <node id="444394958" visible="true" version="1" changeset="1884507" timestamp="2009-07-20T13:28:15Z" user="Minh Ngoc Le" uid="138760" lat="20.9832853" lon="105.7913258">
  <tag k="amenity" v="atm"/>
  <tag k="name" v="VCB ATM"/>
 </node>
 <node id="444394959" visible="true" version="2" changeset="62218602" timestamp="2018-09-02T12:46:28Z" user="TuanIfan" uid="625303" lat="20.9832643" lon="105.7909297"/>
 <node id="444394961" visible="true" version="6" changeset="179967402" timestamp="2026-03-16T19:06:44Z" user="ZioDragon" uid="13799024" lat="20.9829951" lon="105.7911540"/>
 <node id="444394965" visible="true" version="2" changeset="62218602" timestamp="2018-09-02T12:46:28Z" user="TuanIfan" uid="625303" lat="20.9840436" lon="105.7916948"/>
 <node id="444394966" visible="true" version="4" changeset="179967402" timestamp="2026-03-16T19:06:44Z" user="ZioDragon" uid="13799024" lat="20.9836811" lon="105.7920297"/>
 <node id="444878348" visible="true" version="3" changeset="153105689" timestamp="2024-06-24T10:37:33Z" user="openmap-vn" uid="21213273" lat="20.9819237" lon="105.7885008"/>
 <node id="444878349" visible="true" version="2" changeset="153105689" timestamp="2024-06-24T10:37:33Z" user="openmap-vn" uid="21213273" lat="20.9825596" lon="105.7877654"/>
 <node id="444878350" visible="true" version="3" changeset="153105689" timestamp="2024-06-24T10:37:33Z" user="openmap-vn" uid="21213273" lat="20.9833123" lon="105.7868146"/>
 <node id="444878351" visible="true" version="1" changeset="1895750" timestamp="2009-07-21T15:38:59Z" user="ninomax" uid="47976" lat="20.9806298" lon="105.7904092"/>
 <node id="444878651" visible="true" version="2" changeset="106067202" timestamp="2021-06-09T04:52:38Z" user="ItsLouisAnderson" uid="11691953" lat="20.9809721" lon="105.7881019"/>
 <node id="444878654" visible="true" version="1" changeset="1895750" timestamp="2009-07-21T15:39:17Z" user="ninomax" uid="47976" lat="20.9813671" lon="105.7878257"/>
 <node id="444878657" visible="true" version="1" changeset="1895750" timestamp="2009-07-21T15:39:17Z" user="ninomax" uid="47976" lat="20.9816476" lon="105.7875940"/>
 <node id="444878659" visible="true" version="1" changeset="1895750" timestamp="2009-07-21T15:39:17Z" user="ninomax" uid="47976" lat="20.9819281" lon="105.7873708"/>
 <node id="444878661" visible="true" version="2" changeset="153105689" timestamp="2024-06-24T10:37:33Z" user="openmap-vn" uid="21213273" lat="20.9821285" lon="105.7871941"/>
 <node id="444878663" visible="true" version="2" changeset="130820896" timestamp="2023-01-03T10:49:26Z" user="Arkskyle" uid="17344224" lat="20.9822411" lon="105.7870641"/>
 <node id="444878665" visible="true" version="3" changeset="130820896" timestamp="2023-01-03T10:49:26Z" user="Arkskyle" uid="17344224" lat="20.9824876" lon="105.7868651"/>
 <node id="444878720" visible="true" version="3" changeset="12942853" timestamp="2012-09-01T16:03:38Z" user="Dymo12" uid="509465" lat="20.9815793" lon="105.7888421"/>
 <node id="445223135" visible="true" version="3" changeset="152578294" timestamp="2024-06-12T09:26:11Z" user="phoenixsaigon1698" uid="3323343" lat="20.9872378" lon="105.7918249"/>
 <node id="445223151" visible="true" version="4" changeset="152576953" timestamp="2024-06-12T08:52:50Z" user="phoenixsaigon1698" uid="3323343" lat="20.9868218" lon="105.7920959"/>
 <node id="445223163" visible="true" version="3" changeset="153105689" timestamp="2024-06-24T10:37:33Z" user="openmap-vn" uid="21213273" lat="20.9872544" lon="105.7914887"/>
 <node id="445223166" visible="true" version="4" changeset="152578294" timestamp="2024-06-12T09:26:11Z" user="phoenixsaigon1698" uid="3323343" lat="20.9872004" lon="105.7920443"/>
 <node id="445223233" visible="true" version="3" changeset="152578294" timestamp="2024-06-12T09:26:11Z" user="phoenixsaigon1698" uid="3323343" lat="20.9872219" lon="105.7919722"/>
 <node id="445223260" visible="true" version="3" changeset="60061136" timestamp="2018-06-22T03:28:10Z" user="Kolla6" uid="7671615" lat="20.9867354" lon="105.7896203"/>
 <node id="445223304" visible="true" version="7" changeset="152578294" timestamp="2024-06-12T09:26:11Z" user="phoenixsaigon1698" uid="3323343" lat="20.9872516" lon="105.7901916"/>
 <node id="445223328" visible="true" version="3" changeset="152578294" timestamp="2024-06-12T09:26:11Z" user="phoenixsaigon1698" uid="3323343" lat="20.9871635" lon="105.7920981"/>
 <node id="445223330" visible="true" version="4" changeset="152578294" timestamp="2024-06-12T09:26:11Z" user="phoenixsaigon1698" uid="3323343" lat="20.9866967" lon="105.7899852"/>
 <node id="445223333" visible="true" version="3" changeset="152578294" timestamp="2024-06-12T09:26:11Z" user="phoenixsaigon1698" uid="3323343" lat="20.9872580" lon="105.7916435"/>
 <node id="445223362" visible="true" version="6" changeset="153105689" timestamp="2024-06-24T10:37:33Z" user="openmap-vn" uid="21213273" lat="20.9857798" lon="105.7906574"/>
 <node id="445223416" visible="true" version="4" changeset="152578294" timestamp="2024-06-12T09:26:11Z" user="phoenixsaigon1698" uid="3323343" lat="20.9868025" lon="105.7906721"/>
 <node id="445223463" visible="true" version="5" changeset="152578294" timestamp="2024-06-12T09:26:11Z" user="phoenixsaigon1698" uid="3323343" lat="20.9867073" lon="105.7901496"/>
 <node id="445223467" visible="true" version="3" changeset="152578294" timestamp="2024-06-12T09:26:11Z" user="phoenixsaigon1698" uid="3323343" lat="20.9868417" lon="105.7920956"/>
 <node id="445223496" visible="true" version="5" changeset="152576953" timestamp="2024-06-12T08:52:50Z" user="phoenixsaigon1698" uid="3323343" lat="20.9868401" lon="105.7933520"/>
 <node id="447036972" visible="true" version="2" changeset="150651115" timestamp="2024-04-29T08:41:19Z" user="vietnam321" uid="11196308" lat="20.9822156" lon="105.7920054"/>
 <node id="447036974" visible="true" version="2" changeset="150651115" timestamp="2024-04-29T08:41:19Z" user="vietnam321" uid="11196308" lat="20.9821125" lon="105.7920946"/>
 <node id="447036976" visible="true" version="2" changeset="150651115" timestamp="2024-04-29T08:41:19Z" user="vietnam321" uid="11196308" lat="20.9820525" lon="105.7920150"/>
 <node id="447036977" visible="true" version="2" changeset="150651115" timestamp="2024-04-29T08:41:19Z" user="vietnam321" uid="11196308" lat="20.9823259" lon="105.7917786"/>
 <node id="447036979" visible="true" version="2" changeset="150651115" timestamp="2024-04-29T08:41:19Z" user="vietnam321" uid="11196308" lat="20.9823842" lon="105.7918559"/>
 <node id="447036982" visible="true" version="2" changeset="150651115" timestamp="2024-04-29T08:41:19Z" user="vietnam321" uid="11196308" lat="20.9822833" lon="105.7919432"/>
 <node id="447036987" visible="true" version="2" changeset="150651115" timestamp="2024-04-29T08:41:19Z" user="vietnam321" uid="11196308" lat="20.9824945" lon="105.7922233"/>
 <node id="447036991" visible="true" version="2" changeset="150651115" timestamp="2024-04-29T08:41:19Z" user="vietnam321" uid="11196308" lat="20.9825965" lon="105.7921352"/>
 <node id="447036999" visible="true" version="2" changeset="150651115" timestamp="2024-04-29T08:41:19Z" user="vietnam321" uid="11196308" lat="20.9826513" lon="105.7922078"/>
 <node id="447037002" visible="true" version="2" changeset="150651115" timestamp="2024-04-29T08:41:19Z" user="vietnam321" uid="11196308" lat="20.9823786" lon="105.7924437"/>
 <node id="447037008" visible="true" version="2" changeset="150651115" timestamp="2024-04-29T08:41:19Z" user="vietnam321" uid="11196308" lat="20.9823227" lon="105.7923695"/>
 <node id="447037012" visible="true" version="2" changeset="150651115" timestamp="2024-04-29T08:41:19Z" user="vietnam321" uid="11196308" lat="20.9824240" lon="105.7922818"/>
 <node id="2189336864" visible="true" version="2" changeset="153105689" timestamp="2024-06-24T10:37:33Z" user="openmap-vn" uid="21213273" lat="20.9835795" lon="105.7900124"/>
 <node id="2189336867" visible="true" version="2" changeset="153105689" timestamp="2024-06-24T10:37:33Z" user="openmap-vn" uid="21213273" lat="20.9828462" lon="105.7890684"/>
 <node id="2189336868" visible="true" version="2" changeset="178325826" timestamp="2026-02-09T18:48:23Z" user="HoangQuanHDFPV" uid="22644759" lat="20.9839758" lon="105.7852170"/>
 <node id="2189336869" visible="true" version="2" changeset="144889286" timestamp="2023-12-08T06:29:14Z" user="ItsLouisAnderson" uid="11691953" lat="20.9831779" lon="105.7800582"/>
 <node id="2189336870" visible="true" version="1" changeset="15278495" timestamp="2013-03-07T06:49:28Z" user="samgrahk" uid="294689" lat="20.9850469" lon="105.7847347"/>
 <node id="2189336871" visible="true" version="1" changeset="15278495" timestamp="2013-03-07T06:49:28Z" user="samgrahk" uid="294689" lat="20.9839492" lon="105.7864761"/>
 <node id="2189336874" visible="true" version="2" changeset="60061136" timestamp="2018-06-22T03:28:10Z" user="Kolla6" uid="7671615" lat="20.9832140" lon="105.7859187"/>
 <node id="2189336876" visible="true" version="1" changeset="15278495" timestamp="2013-03-07T06:49:28Z" user="samgrahk" uid="294689" lat="20.9846755" lon="105.7847166"/>
 <node id="2189336878" visible="true" version="1" changeset="15278495" timestamp="2013-03-07T06:49:28Z" user="samgrahk" uid="294689" lat="20.9843650" lon="105.7843142"/>
 <node id="2189336881" visible="true" version="1" changeset="15278495" timestamp="2013-03-07T06:49:28Z" user="samgrahk" uid="294689" lat="20.9841205" lon="105.7855245"/>
 <node id="2189336883" visible="true" version="3" changeset="128395616" timestamp="2022-11-02T14:23:59Z" user="Hoàng Tuấn Việt" uid="13707170" lat="20.9836489" lon="105.7822046"/>
 <node id="2189336888" visible="true" version="1" changeset="15278495" timestamp="2013-03-07T06:49:28Z" user="samgrahk" uid="294689" lat="20.9860358" lon="105.7852866"/>
 <node id="2189336890" visible="true" version="1" changeset="15278495" timestamp="2013-03-07T06:49:28Z" user="samgrahk" uid="294689" lat="20.9858435" lon="105.7857659"/>
 <node id="2189336895" visible="true" version="3" changeset="153105689" timestamp="2024-06-24T10:37:33Z" user="openmap-vn" uid="21213273" lat="20.9865307" lon="105.7840363"/>
 <node id="2189336897" visible="true" version="1" changeset="15278495" timestamp="2013-03-07T06:49:28Z" user="samgrahk" uid="294689" lat="20.9828183" lon="105.7818498"/>
 <node id="2189336899" visible="true" version="4" changeset="164466222" timestamp="2025-04-03T13:46:31Z" user="ZioDragon" uid="13799024" lat="20.9823099" lon="105.7834085"/>
 <node id="2189336902" visible="true" version="2" changeset="110278194" timestamp="2021-08-26T10:15:35Z" user="vietnam321" uid="11196308" lat="20.9843679" lon="105.7831357"/>
 <node id="2189336907" visible="true" version="3" changeset="152578294" timestamp="2024-06-12T09:26:11Z" user="phoenixsaigon1698" uid="3323343" lat="20.9851839" lon="105.7894955"/>
 <node id="2189336911" visible="true" version="3" changeset="154092337" timestamp="2024-07-18T09:42:31Z" user="phoenixsaigon1698" uid="3323343" lat="20.9848243" lon="105.7892601"/>
 <node id="2189336916" visible="true" version="1" changeset="15278495" timestamp="2013-03-07T06:49:28Z" user="samgrahk" uid="294689" lat="20.9868978" lon="105.7843844"/>
 <node id="2189336921" visible="true" version="1" changeset="15278495" timestamp="2013-03-07T06:49:28Z" user="samgrahk" uid="294689" lat="20.9834293" lon="105.7884899"/>
 <node id="2189336923" visible="true" version="1" changeset="15278495" timestamp="2013-03-07T06:49:28Z" user="samgrahk" uid="294689" lat="20.9856056" lon="105.7864229"/>
 <node id="2189336926" visible="true" version="3" changeset="153105689" timestamp="2024-06-24T10:37:33Z" user="openmap-vn" uid="21213273" lat="20.9838603" lon="105.7880305"/>
 <node id="2189336927" visible="true" version="1" changeset="15278495" timestamp="2013-03-07T06:49:29Z" user="samgrahk" uid="294689" lat="20.9843449" lon="105.7874632"/>
 <node id="2189336928" visible="true" version="1" changeset="15278495" timestamp="2013-03-07T06:49:29Z" user="samgrahk" uid="294689" lat="20.9849520" lon="105.7863828"/>
 <node id="2189336929" visible="true" version="2" changeset="154092337" timestamp="2024-07-18T09:42:31Z" user="phoenixsaigon1698" uid="3323343" lat="20.9853995" lon="105.7851257"/>
 <node id="2189336930" visible="true" version="2" changeset="154092337" timestamp="2024-07-18T09:42:31Z" user="phoenixsaigon1698" uid="3323343" lat="20.9855483" lon="105.7846556"/>
 <node id="2189336932" visible="true" version="3" changeset="153105689" timestamp="2024-06-24T10:37:33Z" user="openmap-vn" uid="21213273" lat="20.9856953" lon="105.7836548"/>
 <node id="2189336936" visible="true" version="7" changeset="167515746" timestamp="2025-06-12T04:16:12Z" user="phoenixsaigon1698" uid="3323343" lat="20.9854514" lon="105.7821182"/>
 <node id="2189336938" visible="true" version="4" changeset="164466222" timestamp="2025-04-03T13:46:31Z" user="ZioDragon" uid="13799024" lat="20.9848271" lon="105.7811874"/>
 <node id="2189336941" visible="true" version="3" changeset="164466222" timestamp="2025-04-03T13:46:31Z" user="ZioDragon" uid="13799024" lat="20.9846980" lon="105.7810268"/>
 <node id="2189336943" visible="true" version="2" changeset="144889286" timestamp="2023-12-08T06:29:14Z" user="ItsLouisAnderson" uid="11691953" lat="20.9842004" lon="105.7804940"/>
 <node id="2189336946" visible="true" version="2" changeset="144889286" timestamp="2023-12-08T06:29:14Z" user="ItsLouisAnderson" uid="11691953" lat="20.9836747" lon="105.7801954"/>
 <node id="2189336959" visible="true" version="2" changeset="144889286" timestamp="2023-12-08T06:29:14Z" user="ItsLouisAnderson" uid="11691953" lat="20.9827431" lon="105.7800214"/>
 <node id="2189336961" visible="true" version="2" changeset="106324732" timestamp="2021-06-14T09:36:09Z" user="azeez007" uid="11515811" lat="20.9840141" lon="105.7891547"/>
 <node id="2189336968" visible="true" version="1" changeset="15278495" timestamp="2013-03-07T06:49:29Z" user="samgrahk" uid="294689" lat="20.9834625" lon="105.7884546"/>
 <node id="2189336974" visible="true" version="3" changeset="154092022" timestamp="2024-07-18T09:34:47Z" user="phoenixsaigon1698" uid="3323343" lat="20.9870048" lon="105.7828965"/>
 <node id="2189336975" visible="true" version="2" changeset="144889286" timestamp="2023-12-08T06:29:14Z" user="ItsLouisAnderson" uid="11691953" lat="20.9818882" lon="105.7812775"/>
 <node id="2189336976" visible="true" version="2" changeset="144889286" timestamp="2023-12-08T06:29:14Z" user="ItsLouisAnderson" uid="11691953" lat="20.9820915" lon="105.7811884"/>
 <node id="2189336977" visible="true" version="2" changeset="144889286" timestamp="2023-12-08T06:29:14Z" user="ItsLouisAnderson" uid="11691953" lat="20.9822996" lon="105.7810411"/>
 <node id="2189336978" visible="true" version="2" changeset="144889286" timestamp="2023-12-08T06:29:14Z" user="ItsLouisAnderson" uid="11691953" lat="20.9825261" lon="105.7808426"/>
 <node id="2189336979" visible="true" version="2" changeset="144889286" timestamp="2023-12-08T06:29:14Z" user="ItsLouisAnderson" uid="11691953" lat="20.9820537" lon="105.7801608"/>
 <node id="2189336982" visible="true" version="1" changeset="15278495" timestamp="2013-03-07T06:49:29Z" user="samgrahk" uid="294689" lat="20.9804129" lon="105.7818266"/>
 <node id="2189336984" visible="true" version="1" changeset="15278495" timestamp="2013-03-07T06:49:29Z" user="samgrahk" uid="294689" lat="20.9810603" lon="105.7819862"/>
 <node id="2189336995" visible="true" version="2" changeset="153105689" timestamp="2024-06-24T10:37:33Z" user="openmap-vn" uid="21213273" lat="20.9807144" lon="105.7819108"/>
 <node id="2189337011" visible="true" version="1" changeset="15278495" timestamp="2013-03-07T06:49:29Z" user="samgrahk" uid="294689" lat="20.9810051" lon="105.7832070"/>
 <node id="2189337016" visible="true" version="4" changeset="164466222" timestamp="2025-04-03T13:46:31Z" user="ZioDragon" uid="13799024" lat="20.9833227" lon="105.7825088"/>
 <node id="2189337018" visible="true" version="4" changeset="164466222" timestamp="2025-04-03T13:46:31Z" user="ZioDragon" uid="13799024" lat="20.9808793" lon="105.7846792"/>
 <node id="2189337021" visible="true" version="2" changeset="164466222" timestamp="2025-04-03T13:46:31Z" user="ZioDragon" uid="13799024" lat="20.9831975" lon="105.7823496"/>
 <node id="2189337025" visible="true" version="2" changeset="60031425" timestamp="2018-06-21T06:15:44Z" user="Kolla6" uid="7671615" lat="20.9852499" lon="105.7790576"/>
 <node id="2189337028" visible="true" version="1" changeset="15278495" timestamp="2013-03-07T06:49:30Z" user="samgrahk" uid="294689" lat="20.9850361" lon="105.7794004"/>
 <node id="2189337030" visible="true" version="2" changeset="144889286" timestamp="2023-12-08T06:29:14Z" user="ItsLouisAnderson" uid="11691953" lat="20.9838518" lon="105.7808897"/>
 <node id="2189337032" visible="true" version="2" changeset="144889286" timestamp="2023-12-08T06:29:14Z" user="ItsLouisAnderson" uid="11691953" lat="20.9834539" lon="105.7812783"/>
 <node id="2189337035" visible="true" version="2" changeset="144889286" timestamp="2023-12-08T06:29:14Z" user="ItsLouisAnderson" uid="11691953" lat="20.9824528" lon="105.7820493"/>
 <node id="2189337036" visible="true" version="2" changeset="144889286" timestamp="2023-12-08T06:29:14Z" user="ItsLouisAnderson" uid="11691953" lat="20.9816277" lon="105.7820977"/>
 <node id="2189337038" visible="true" version="4" changeset="164466222" timestamp="2025-04-03T13:46:31Z" user="ZioDragon" uid="13799024" lat="20.9852545" lon="105.7805231"/>
 <node id="2189337039" visible="true" version="4" changeset="164466222" timestamp="2025-04-03T13:46:31Z" user="ZioDragon" uid="13799024" lat="20.9853918" lon="105.7806679"/>
 <node id="2189337040" visible="true" version="2" changeset="44207432" timestamp="2016-12-06T11:55:26Z" user="ndhoang91hn" uid="4923260" lat="20.9857046" lon="105.7808177"/>
 <node id="2189337041" visible="true" version="1" changeset="15278495" timestamp="2013-03-07T06:49:30Z" user="samgrahk" uid="294689" lat="20.9865587" lon="105.7808327"/>
 <node id="2189337043" visible="true" version="3" changeset="154092337" timestamp="2024-07-18T09:42:31Z" user="phoenixsaigon1698" uid="3323343" lat="20.9868049" lon="105.7803412"/>
 <node id="2189337045" visible="true" version="4" changeset="164466222" timestamp="2025-04-03T13:46:31Z" user="ZioDragon" uid="13799024" lat="20.9839835" lon="105.7819219"/>
 <node id="2189337047" visible="true" version="2" changeset="164466222" timestamp="2025-04-03T13:46:31Z" user="ZioDragon" uid="13799024" lat="20.9838584" lon="105.7817621"/>
 <node id="2189337054" visible="true" version="2" changeset="155495613" timestamp="2024-08-20T08:16:12Z" user="phoenixsaigon1698" uid="3323343" lat="20.9844625" lon="105.7801395"/>
 <node id="2189337089" visible="true" version="2" changeset="144889286" timestamp="2023-12-08T06:29:14Z" user="ItsLouisAnderson" uid="11691953" lat="20.9816126" lon="105.7812702"/>
 <node id="2189337095" visible="true" version="4" changeset="46875245" timestamp="2017-03-15T17:20:07Z" user="vietld" uid="5490700" lat="20.9878500" lon="105.7809596"/>
 <node id="2189337097" visible="true" version="1" changeset="15278495" timestamp="2013-03-07T06:49:30Z" user="samgrahk" uid="294689" lat="20.9854879" lon="105.7869566"/>
 <node id="2189337102" visible="true" version="2" changeset="153105689" timestamp="2024-06-24T10:37:33Z" user="openmap-vn" uid="21213273" lat="20.9854253" lon="105.7875024"/>
 <node id="2189337104" visible="true" version="3" changeset="154092022" timestamp="2024-07-18T09:34:47Z" user="phoenixsaigon1698" uid="3323343" lat="20.9875457" lon="105.7819590"/>
 <node id="2189337108" visible="true" version="3" changeset="154092022" timestamp="2024-07-18T09:34:47Z" user="phoenixsaigon1698" uid="3323343" lat="20.9872494" lon="105.7824693"/>
 <node id="2189337111" visible="true" version="2" changeset="106324732" timestamp="2021-06-14T09:36:09Z" user="azeez007" uid="11515811" lat="20.9837165" lon="105.7894508"/>
 <node id="2189337117" visible="true" version="4" changeset="183161673" timestamp="2026-05-25T14:34:40Z" user="Hung Tran 9x0" uid="20910140" lat="20.9816596" lon="105.7851336"/>
 <node id="2189337131" visible="true" version="2" changeset="153105689" timestamp="2024-06-24T10:37:33Z" user="openmap-vn" uid="21213273" lat="20.9805287" lon="105.7836740"/>
 <node id="2189337133" visible="true" version="3" changeset="153105689" timestamp="2024-06-24T10:37:33Z" user="openmap-vn" uid="21213273" lat="20.9861976" lon="105.7848782"/>
 <node id="2189337136" visible="true" version="3" changeset="153105689" timestamp="2024-06-24T10:37:33Z" user="openmap-vn" uid="21213273" lat="20.9856402" lon="105.7841792"/>
 <node id="2189337138" visible="true" version="3" changeset="153105689" timestamp="2024-06-24T10:37:33Z" user="openmap-vn" uid="21213273" lat="20.9863569" lon="105.7844848"/>
 <node id="2189337141" visible="true" version="4" changeset="154092022" timestamp="2024-07-18T09:34:47Z" user="phoenixsaigon1698" uid="3323343" lat="20.9856974" lon="105.7830284"/>
 <node id="2189337142" visible="true" version="2" changeset="44167559" timestamp="2016-12-04T21:46:58Z" user="ndhoang91hn" uid="4923260" lat="20.9833958" lon="105.7832389"/>
 <node id="2189337143" visible="true" version="1" changeset="15278495" timestamp="2013-03-07T06:49:31Z" user="samgrahk" uid="294689" lat="20.9840394" lon="105.7871735"/>
 <node id="2189337144" visible="true" version="1" changeset="15278495" timestamp="2013-03-07T06:49:31Z" user="samgrahk" uid="294689" lat="20.9838496" lon="105.7869922"/>
 <node id="2189337145" visible="true" version="1" changeset="15278495" timestamp="2013-03-07T06:49:31Z" user="samgrahk" uid="294689" lat="20.9837299" lon="105.7868870"/>
 <node id="2189337146" visible="true" version="1" changeset="15278495" timestamp="2013-03-07T06:49:31Z" user="samgrahk" uid="294689" lat="20.9829335" lon="105.7862755"/>
 <node id="2189337147" visible="true" version="1" changeset="15278495" timestamp="2013-03-07T06:49:31Z" user="samgrahk" uid="294689" lat="20.9824416" lon="105.7856714"/>
 <node id="2189337148" visible="true" version="2" changeset="60061136" timestamp="2018-06-22T03:28:10Z" user="Kolla6" uid="7671615" lat="20.9830863" lon="105.7856424"/>
 <node id="2189337149" visible="true" version="2" changeset="178325826" timestamp="2026-02-09T18:48:23Z" user="HoangQuanHDFPV" uid="22644759" lat="20.9841081" lon="105.7850918"/>
 <node id="2189337150" visible="true" version="1" changeset="15278495" timestamp="2013-03-07T06:49:31Z" user="samgrahk" uid="294689" lat="20.9843599" lon="105.7851994"/>
 <node id="2189337151" visible="true" version="1" changeset="15278495" timestamp="2013-03-07T06:49:31Z" user="samgrahk" uid="294689" lat="20.9845102" lon="105.7852906"/>
 <node id="2189337152" visible="true" version="2" changeset="153105689" timestamp="2024-06-24T10:37:33Z" user="openmap-vn" uid="21213273" lat="20.9848208" lon="105.7854193"/>
 <node id="2189337153" visible="true" version="2" changeset="118591270" timestamp="2022-03-17T12:21:17Z" user="san_ju" uid="13958160" lat="20.9834243" lon="105.7875468"/>
 <node id="2189337154" visible="true" version="3" changeset="153105689" timestamp="2024-06-24T10:37:33Z" user="openmap-vn" uid="21213273" lat="20.9832453" lon="105.7874945"/>
 <node id="2189337155" visible="true" version="2" changeset="169934334" timestamp="2025-08-04T05:38:19Z" user="Hung Tran 9x0" uid="20910140" lat="20.9828392" lon="105.7879820"/>
 <node id="2189337156" visible="true" version="1" changeset="15278495" timestamp="2013-03-07T06:49:31Z" user="samgrahk" uid="294689" lat="20.9830677" lon="105.7881981"/>
 <node id="2189337157" visible="true" version="3" changeset="178325826" timestamp="2026-02-09T18:48:23Z" user="HoangQuanHDFPV" uid="22644759" lat="20.9835518" lon="105.7877006"/>
 <node id="2189337158" visible="true" version="1" changeset="15278495" timestamp="2013-03-07T06:49:31Z" user="samgrahk" uid="294689" lat="20.9844000" lon="105.7864493"/>
 <node id="2189337159" visible="true" version="1" changeset="15278495" timestamp="2013-03-07T06:49:31Z" user="samgrahk" uid="294689" lat="20.9861014" lon="105.7853741"/>
 <node id="2189337163" visible="true" version="1" changeset="15278495" timestamp="2013-03-07T06:49:31Z" user="samgrahk" uid="294689" lat="20.9865747" lon="105.7841618"/>
 <node id="2189337165" visible="true" version="2" changeset="46875245" timestamp="2017-03-15T17:20:07Z" user="vietld" uid="5490700" lat="20.9867028" lon="105.7835528"/>
 <node id="2189337170" visible="true" version="3" changeset="154092611" timestamp="2024-07-18T09:48:22Z" user="phoenixsaigon1698" uid="3323343" lat="20.9832380" lon="105.7903294"/>
 <node id="2189337172" visible="true" version="2" changeset="153105689" timestamp="2024-06-24T10:37:33Z" user="openmap-vn" uid="21213273" lat="20.9824843" lon="105.7894292"/>
 <node id="2189337174" visible="true" version="4" changeset="167378730" timestamp="2025-06-09T05:24:51Z" user="Hung Tran 9x0" uid="20910140" lat="20.9860045" lon="105.7826447"/>
 <node id="2189337180" visible="true" version="2" changeset="144889286" timestamp="2023-12-08T06:29:14Z" user="ItsLouisAnderson" uid="11691953" lat="20.9819936" lon="105.7801923"/>
 <node id="2189337181" visible="true" version="2" changeset="60061136" timestamp="2018-06-22T03:28:10Z" user="Kolla6" uid="7671615" lat="20.9830051" lon="105.7856499"/>
 <node id="2189337182" visible="true" version="3" changeset="144889286" timestamp="2023-12-08T06:29:14Z" user="ItsLouisAnderson" uid="11691953" lat="20.9835169" lon="105.7804211"/>
 <node id="2189337183" visible="true" version="4" changeset="154092337" timestamp="2024-07-18T09:42:31Z" user="phoenixsaigon1698" uid="3323343" lat="20.9860294" lon="105.7809308"/>
 <node id="2189337184" visible="true" version="2" changeset="144889286" timestamp="2023-12-08T06:29:14Z" user="ItsLouisAnderson" uid="11691953" lat="20.9820821" lon="105.7821298"/>
 <node id="2189337185" visible="true" version="1" changeset="15278495" timestamp="2013-03-07T06:49:32Z" user="samgrahk" uid="294689" lat="20.9844050" lon="105.7849258"/>
 <node id="2189337187" visible="true" version="1" changeset="15278495" timestamp="2013-03-07T06:49:32Z" user="samgrahk" uid="294689" lat="20.9831869" lon="105.7887310"/>
 <node id="2189337189" visible="true" version="4" changeset="150436362" timestamp="2024-04-24T10:01:03Z" user="Grab_Cong" uid="18820325" lat="20.9881858" lon="105.7864112"/>
 <node id="2189337193" visible="true" version="1" changeset="15278495" timestamp="2013-03-07T06:49:32Z" user="samgrahk" uid="294689" lat="20.9864245" lon="105.7854090"/>
 <node id="2189337194" visible="true" version="3" changeset="154092022" timestamp="2024-07-18T09:34:47Z" user="phoenixsaigon1698" uid="3323343" lat="20.9864614" lon="105.7876851">
  <tag k="highway" v="turning_circle"/>
 </node>
 <node id="2189337199" visible="true" version="4" changeset="154092022" timestamp="2024-07-18T09:34:47Z" user="phoenixsaigon1698" uid="3323343" lat="20.9876217" lon="105.7847325"/>
 <node id="2189337200" visible="true" version="5" changeset="154092022" timestamp="2024-07-18T09:34:47Z" user="phoenixsaigon1698" uid="3323343" lat="20.9871547" lon="105.7858037"/>
 <node id="2189337204" visible="true" version="4" changeset="154092611" timestamp="2024-07-18T09:48:22Z" user="phoenixsaigon1698" uid="3323343" lat="20.9839169" lon="105.7897115"/>
 <node id="2189337205" visible="true" version="1" changeset="15278495" timestamp="2013-03-07T06:49:32Z" user="samgrahk" uid="294689" lat="20.9824176" lon="105.7800474"/>
 <node id="2189337206" visible="true" version="1" changeset="15278495" timestamp="2013-03-07T06:49:32Z" user="samgrahk" uid="294689" lat="20.9816613" lon="105.7804497"/>
 <node id="2189337207" visible="true" version="2" changeset="144889286" timestamp="2023-12-08T06:29:14Z" user="ItsLouisAnderson" uid="11691953" lat="20.9814091" lon="105.7808069"/>
 <node id="2189337208" visible="true" version="2" changeset="144889286" timestamp="2023-12-08T06:29:14Z" user="ItsLouisAnderson" uid="11691953" lat="20.9812837" lon="105.7812518"/>
 <node id="2189337209" visible="true" version="2" changeset="144889286" timestamp="2023-12-08T06:29:14Z" user="ItsLouisAnderson" uid="11691953" lat="20.9812677" lon="105.7816486"/>
 <node id="2189337210" visible="true" version="2" changeset="144889286" timestamp="2023-12-08T06:29:14Z" user="ItsLouisAnderson" uid="11691953" lat="20.9813784" lon="105.7820322"/>
 <node id="2189337211" visible="true" version="2" changeset="144889286" timestamp="2023-12-08T06:29:14Z" user="ItsLouisAnderson" uid="11691953" lat="20.9816688" lon="105.7826019"/>
 <node id="2189337213" visible="true" version="2" changeset="44167559" timestamp="2016-12-04T21:46:58Z" user="ndhoang91hn" uid="4923260" lat="20.9840476" lon="105.7837859"/>
 <node id="2189337214" visible="true" version="2" changeset="44167559" timestamp="2016-12-04T21:46:58Z" user="ndhoang91hn" uid="4923260" lat="20.9839253" lon="105.7839342"/>
 <node id="2189337215" visible="true" version="2" changeset="44167559" timestamp="2016-12-04T21:46:58Z" user="ndhoang91hn" uid="4923260" lat="20.9832766" lon="105.7836201"/>
 <node id="2189337216" visible="true" version="2" changeset="44167559" timestamp="2016-12-04T21:46:58Z" user="ndhoang91hn" uid="4923260" lat="20.9832392" lon="105.7834143"/>
 <node id="2471646372" visible="true" version="4" changeset="179967402" timestamp="2026-03-16T19:06:44Z" user="ZioDragon" uid="13799024" lat="20.9843088" lon="105.7933708"/>
 <node id="2570959069" visible="true" version="1" changeset="19334942" timestamp="2013-12-08T04:20:36Z" user="Lee South" uid="1743585" lat="20.9811574" lon="105.7879559"/>
 <node id="2570959070" visible="true" version="2" changeset="153105689" timestamp="2024-06-24T10:37:33Z" user="openmap-vn" uid="21213273" lat="20.9817585" lon="105.7886825"/>
 <node id="2570960522" visible="true" version="3" changeset="179967402" timestamp="2026-03-16T19:06:44Z" user="ZioDragon" uid="13799024" lat="20.9806152" lon="105.7886254"/>
 <node id="2570968292" visible="true" version="1" changeset="19335008" timestamp="2013-12-08T04:35:30Z" user="Lee South" uid="1743585" lat="20.9815475" lon="105.7876767"/>
 <node id="2570968293" visible="true" version="2" changeset="153105689" timestamp="2024-06-24T10:37:33Z" user="openmap-vn" uid="21213273" lat="20.9820718" lon="105.7883019"/>
 <node id="2570968294" visible="true" version="2" changeset="153105689" timestamp="2024-06-24T10:37:33Z" user="openmap-vn" uid="21213273" lat="20.9817490" lon="105.7875197"/>
 <node id="2570968295" visible="true" version="2" changeset="153105689" timestamp="2024-06-24T10:37:33Z" user="openmap-vn" uid="21213273" lat="20.9822365" lon="105.7881255"/>
 <node id="2570968296" visible="true" version="2" changeset="153105689" timestamp="2024-06-24T10:37:33Z" user="openmap-vn" uid="21213273" lat="20.9824048" lon="105.7879448"/>
 <node id="2570968737" visible="true" version="3" changeset="179967402" timestamp="2026-03-16T19:06:44Z" user="ZioDragon" uid="13799024" lat="20.9818069" lon="105.7901080"/>
 <node id="2570969331" visible="true" version="3" changeset="179967402" timestamp="2026-03-16T19:06:44Z" user="ZioDragon" uid="13799024" lat="20.9832549" lon="105.7919557"/>
 <node id="3219075218" visible="true" version="4" changeset="164466222" timestamp="2025-04-03T13:46:31Z" user="ZioDragon" uid="13799024" lat="20.9826682" lon="105.7830902"/>
 <node id="3676142293" visible="true" version="3" changeset="62218602" timestamp="2018-09-02T12:46:29Z" user="TuanIfan" uid="625303" lat="20.9624940" lon="105.7650633"/>
 <node id="3676142295" visible="true" version="3" changeset="62218602" timestamp="2018-09-02T12:46:29Z" user="TuanIfan" uid="625303" lat="20.9653466" lon="105.7687309"/>
 <node id="3676142296" visible="true" version="3" changeset="62219047" timestamp="2018-09-02T13:12:03Z" user="TuanIfan" uid="625303" lat="20.9668765" lon="105.7706867"/>
 <node id="3676142297" visible="true" version="3" changeset="62218602" timestamp="2018-09-02T12:46:29Z" user="TuanIfan" uid="625303" lat="20.9696465" lon="105.7742120"/>
 <node id="3676142299" visible="true" version="3" changeset="62218602" timestamp="2018-09-02T12:46:29Z" user="TuanIfan" uid="625303" lat="20.9714824" lon="105.7764156"/>
 <node id="3676142300" visible="true" version="3" changeset="62218602" timestamp="2018-09-02T12:46:29Z" user="TuanIfan" uid="625303" lat="20.9725380" lon="105.7777407"/>
 <node id="3676142301" visible="true" version="3" changeset="62218602" timestamp="2018-09-02T12:46:29Z" user="TuanIfan" uid="625303" lat="20.9738525" lon="105.7795886"/>
 <node id="3676142302" visible="true" version="4" changeset="62218602" timestamp="2018-09-02T12:46:29Z" user="TuanIfan" uid="625303" lat="20.9772225" lon="105.7841070"/>
 <node id="3676142304" visible="true" version="4" changeset="116246038" timestamp="2022-01-17T09:54:12Z" user="ItsLouisAnderson" uid="11691953" lat="20.9820426" lon="105.7901353"/>
 <node id="3809778688" visible="true" version="1" changeset="34969656" timestamp="2015-10-30T10:53:29Z" user="Yevgeny Pi" uid="440914" lat="20.9890350" lon="105.7825223"/>
 <node id="3809778689" visible="true" version="1" changeset="34969656" timestamp="2015-10-30T10:53:29Z" user="Yevgeny Pi" uid="440914" lat="20.9890091" lon="105.7825520"/>
 <node id="3809778690" visible="true" version="1" changeset="34969656" timestamp="2015-10-30T10:53:29Z" user="Yevgeny Pi" uid="440914" lat="20.9888707" lon="105.7826588"/>
 <node id="3809778691" visible="true" version="1" changeset="34969656" timestamp="2015-10-30T10:53:29Z" user="Yevgeny Pi" uid="440914" lat="20.9888264" lon="105.7827220"/>
 <node id="3809778692" visible="true" version="1" changeset="34969656" timestamp="2015-10-30T10:53:29Z" user="Yevgeny Pi" uid="440914" lat="20.9887451" lon="105.7829138"/>
 <node id="3809778693" visible="true" version="1" changeset="34969656" timestamp="2015-10-30T10:53:29Z" user="Yevgeny Pi" uid="440914" lat="20.9887008" lon="105.7829850"/>
 <node id="3809778694" visible="true" version="1" changeset="34969656" timestamp="2015-10-30T10:53:29Z" user="Yevgeny Pi" uid="440914" lat="20.9885642" lon="105.7831096"/>
 <node id="3809778695" visible="true" version="1" changeset="34969656" timestamp="2015-10-30T10:53:29Z" user="Yevgeny Pi" uid="440914" lat="20.9884756" lon="105.7832302"/>
 <node id="3809778696" visible="true" version="1" changeset="34969656" timestamp="2015-10-30T10:53:29Z" user="Yevgeny Pi" uid="440914" lat="20.9884203" lon="105.7833824"/>
 <node id="3809778697" visible="true" version="1" changeset="34969656" timestamp="2015-10-30T10:53:29Z" user="Yevgeny Pi" uid="440914" lat="20.9884166" lon="105.7836355"/>
 <node id="3809778698" visible="true" version="1" changeset="34969656" timestamp="2015-10-30T10:53:29Z" user="Yevgeny Pi" uid="440914" lat="20.9882264" lon="105.7841258"/>
 <node id="3809778699" visible="true" version="1" changeset="34969656" timestamp="2015-10-30T10:53:29Z" user="Yevgeny Pi" uid="440914" lat="20.9881249" lon="105.7842029"/>
 <node id="3809778700" visible="true" version="1" changeset="34969656" timestamp="2015-10-30T10:53:29Z" user="Yevgeny Pi" uid="440914" lat="20.9880178" lon="105.7842168"/>
 <node id="3809778701" visible="true" version="1" changeset="34969656" timestamp="2015-10-30T10:53:29Z" user="Yevgeny Pi" uid="440914" lat="20.9872813" lon="105.7838668"/>
 <node id="3809778702" visible="true" version="1" changeset="34969656" timestamp="2015-10-30T10:53:29Z" user="Yevgeny Pi" uid="440914" lat="20.9872241" lon="105.7838075"/>
 <node id="3809778703" visible="true" version="1" changeset="34969656" timestamp="2015-10-30T10:53:29Z" user="Yevgeny Pi" uid="440914" lat="20.9871927" lon="105.7837343"/>
 <node id="3809778704" visible="true" version="1" changeset="34969656" timestamp="2015-10-30T10:53:29Z" user="Yevgeny Pi" uid="440914" lat="20.9871908" lon="105.7836375"/>
 <node id="3809778705" visible="true" version="1" changeset="34969656" timestamp="2015-10-30T10:53:29Z" user="Yevgeny Pi" uid="440914" lat="20.9873662" lon="105.7831471"/>
 <node id="3809778706" visible="true" version="1" changeset="34969656" timestamp="2015-10-30T10:53:30Z" user="Yevgeny Pi" uid="440914" lat="20.9874234" lon="105.7830542"/>
 <node id="3809778707" visible="true" version="1" changeset="34969656" timestamp="2015-10-30T10:53:30Z" user="Yevgeny Pi" uid="440914" lat="20.9875582" lon="105.7829178"/>
 <node id="3809778708" visible="true" version="1" changeset="34969656" timestamp="2015-10-30T10:53:30Z" user="Yevgeny Pi" uid="440914" lat="20.9876339" lon="105.7828248"/>
 <node id="3809778709" visible="true" version="1" changeset="34969656" timestamp="2015-10-30T10:53:30Z" user="Yevgeny Pi" uid="440914" lat="20.9877114" lon="105.7827102"/>
 <node id="3809778710" visible="true" version="1" changeset="34969656" timestamp="2015-10-30T10:53:30Z" user="Yevgeny Pi" uid="440914" lat="20.9877963" lon="105.7825540"/>
 <node id="3809778711" visible="true" version="1" changeset="34969656" timestamp="2015-10-30T10:53:30Z" user="Yevgeny Pi" uid="440914" lat="20.9878314" lon="105.7824274"/>
 <node id="3809778712" visible="true" version="1" changeset="34969656" timestamp="2015-10-30T10:53:30Z" user="Yevgeny Pi" uid="440914" lat="20.9879181" lon="105.7823266"/>
 <node id="3809778713" visible="true" version="1" changeset="34969656" timestamp="2015-10-30T10:53:30Z" user="Yevgeny Pi" uid="440914" lat="20.9880012" lon="105.7823068"/>
 <node id="3809778714" visible="true" version="1" changeset="34969656" timestamp="2015-10-30T10:53:30Z" user="Yevgeny Pi" uid="440914" lat="20.9881101" lon="105.7823226"/>
 <node id="3809778715" visible="true" version="1" changeset="34969656" timestamp="2015-10-30T10:53:30Z" user="Yevgeny Pi" uid="440914" lat="20.9881821" lon="105.7824057"/>
 <node id="3809778716" visible="true" version="1" changeset="34969656" timestamp="2015-10-30T10:53:30Z" user="Yevgeny Pi" uid="440914" lat="20.9882190" lon="105.7825421"/>
 <node id="3809778717" visible="true" version="1" changeset="34969656" timestamp="2015-10-30T10:53:30Z" user="Yevgeny Pi" uid="440914" lat="20.9883243" lon="105.7826252"/>
 <node id="3809778718" visible="true" version="1" changeset="34969656" timestamp="2015-10-30T10:53:30Z" user="Yevgeny Pi" uid="440914" lat="20.9884129" lon="105.7826390"/>
 <node id="3809778719" visible="true" version="1" changeset="34969656" timestamp="2015-10-30T10:53:30Z" user="Yevgeny Pi" uid="440914" lat="20.9885162" lon="105.7825817"/>
 <node id="3809778720" visible="true" version="1" changeset="34969656" timestamp="2015-10-30T10:53:30Z" user="Yevgeny Pi" uid="440914" lat="20.9886067" lon="105.7824966"/>
 <node id="3809778721" visible="true" version="1" changeset="34969656" timestamp="2015-10-30T10:53:30Z" user="Yevgeny Pi" uid="440914" lat="20.9886085" lon="105.7823839"/>
 <node id="3809778722" visible="true" version="1" changeset="34969656" timestamp="2015-10-30T10:53:30Z" user="Yevgeny Pi" uid="440914" lat="20.9886067" lon="105.7823167"/>
 <node id="3809778723" visible="true" version="1" changeset="34969656" timestamp="2015-10-30T10:53:30Z" user="Yevgeny Pi" uid="440914" lat="20.9886381" lon="105.7822416"/>
 <node id="3809778724" visible="true" version="1" changeset="34969656" timestamp="2015-10-30T10:53:30Z" user="Yevgeny Pi" uid="440914" lat="20.9887027" lon="105.7821981"/>
 <node id="3809778725" visible="true" version="1" changeset="34969656" timestamp="2015-10-30T10:53:30Z" user="Yevgeny Pi" uid="440914" lat="20.9887728" lon="105.7821763"/>
 <node id="3809778726" visible="true" version="1" changeset="34969656" timestamp="2015-10-30T10:53:30Z" user="Yevgeny Pi" uid="440914" lat="20.9888614" lon="105.7821981"/>
 <node id="3809778727" visible="true" version="1" changeset="34969656" timestamp="2015-10-30T10:53:30Z" user="Yevgeny Pi" uid="440914" lat="20.9890423" lon="105.7824551"/>
 <node id="3815208322" visible="true" version="1" changeset="35051216" timestamp="2015-11-03T08:55:15Z" user="Yevgeny Pi" uid="440914" lat="20.9862035" lon="105.7860306"/>
 <node id="3815208323" visible="true" version="1" changeset="35051216" timestamp="2015-11-03T08:55:15Z" user="Yevgeny Pi" uid="440914" lat="20.9859298" lon="105.7858970"/>
 <node id="3815208324" visible="true" version="1" changeset="35051216" timestamp="2015-11-03T08:55:15Z" user="Yevgeny Pi" uid="440914" lat="20.9859846" lon="105.7857537"/>
 <node id="3815208325" visible="true" version="1" changeset="35051216" timestamp="2015-11-03T08:55:15Z" user="Yevgeny Pi" uid="440914" lat="20.9861214" lon="105.7856658"/>
 <node id="3815208326" visible="true" version="1" changeset="35051216" timestamp="2015-11-03T08:55:15Z" user="Yevgeny Pi" uid="440914" lat="20.9860758" lon="105.7854769"/>
 <node id="3815208327" visible="true" version="1" changeset="35051216" timestamp="2015-11-03T08:55:15Z" user="Yevgeny Pi" uid="440914" lat="20.9862810" lon="105.7854337"/>
 <node id="3815208473" visible="true" version="2" changeset="130535343" timestamp="2022-12-27T00:17:33Z" user="Haris IRM-ED" uid="12027858" lat="20.9857533" lon="105.7862967"/>
 <node id="3815208474" visible="true" version="2" changeset="130535343" timestamp="2022-12-27T00:17:33Z" user="Haris IRM-ED" uid="12027858" lat="20.9860194" lon="105.7863584"/>
 <node id="3815208475" visible="true" version="2" changeset="130535343" timestamp="2022-12-27T00:17:33Z" user="Haris IRM-ED" uid="12027858" lat="20.9859236" lon="105.7873669"/>
 <node id="3815208476" visible="true" version="2" changeset="130535343" timestamp="2022-12-27T00:17:33Z" user="Haris IRM-ED" uid="12027858" lat="20.9858735" lon="105.7876351"/>
 <node id="3815208477" visible="true" version="2" changeset="130535343" timestamp="2022-12-27T00:17:33Z" user="Haris IRM-ED" uid="12027858" lat="20.9857333" lon="105.7883821"/>
 <node id="3815208478" visible="true" version="2" changeset="130535343" timestamp="2022-12-27T00:17:33Z" user="Haris IRM-ED" uid="12027858" lat="20.9856970" lon="105.7885297"/>
 <node id="3815208479" visible="true" version="2" changeset="130535343" timestamp="2022-12-27T00:17:33Z" user="Haris IRM-ED" uid="12027858" lat="20.9856519" lon="105.7887885"/>
 <node id="3815208480" visible="true" version="2" changeset="130535343" timestamp="2022-12-27T00:17:33Z" user="Haris IRM-ED" uid="12027858" lat="20.9855667" lon="105.7893947"/>
 <node id="3815208481" visible="true" version="2" changeset="130535343" timestamp="2022-12-27T00:17:33Z" user="Haris IRM-ED" uid="12027858" lat="20.9855091" lon="105.7894443"/>
 <node id="3815208482" visible="true" version="2" changeset="130535343" timestamp="2022-12-27T00:17:33Z" user="Haris IRM-ED" uid="12027858" lat="20.9854015" lon="105.7894215"/>
 <node id="3815208483" visible="true" version="2" changeset="130535343" timestamp="2022-12-27T00:17:33Z" user="Haris IRM-ED" uid="12027858" lat="20.9853752" lon="105.7893772"/>
 <node id="3815208484" visible="true" version="1" changeset="35051239" timestamp="2015-11-03T08:56:55Z" user="Yevgeny Pi" uid="440914" lat="20.9855710" lon="105.7874472"/>
 <node id="3815208485" visible="true" version="2" changeset="130535343" timestamp="2022-12-27T00:17:33Z" user="Haris IRM-ED" uid="12027858" lat="20.9856118" lon="105.7869391"/>
 <node id="3815208486" visible="true" version="1" changeset="35051239" timestamp="2015-11-03T08:56:55Z" user="Yevgeny Pi" uid="440914" lat="20.9856562" lon="105.7866917"/>
 <node id="3821178987" visible="true" version="2" changeset="153105689" timestamp="2024-06-24T10:37:33Z" user="openmap-vn" uid="21213273" lat="20.9839026" lon="105.7879898"/>
 <node id="3821178988" visible="true" version="4" changeset="153105689" timestamp="2024-06-24T10:37:33Z" user="openmap-vn" uid="21213273" lat="20.9848496" lon="105.7888969"/>
 <node id="3821180082" visible="true" version="2" changeset="153105689" timestamp="2024-06-24T10:37:33Z" user="openmap-vn" uid="21213273" lat="20.9846421" lon="105.7869501"/>
 <node id="4025077317" visible="true" version="1" changeset="37427139" timestamp="2016-02-25T04:20:04Z" user="Pizza Hut VN" uid="3628881" lat="20.9831923" lon="105.7888659"/>
 <node id="4025077318" visible="true" version="1" changeset="37427139" timestamp="2016-02-25T04:20:04Z" user="Pizza Hut VN" uid="3628881" lat="20.9838300" lon="105.7896709"/>
 <node id="4025077319" visible="true" version="1" changeset="37427139" timestamp="2016-02-25T04:20:04Z" user="Pizza Hut VN" uid="3628881" lat="20.9826837" lon="105.7907279"/>
 <node id="4025077320" visible="true" version="1" changeset="37427139" timestamp="2016-02-25T04:20:04Z" user="Pizza Hut VN" uid="3628881" lat="20.9820687" lon="105.7899799"/>
 <node id="4025232650" visible="true" version="1" changeset="37429055" timestamp="2016-02-25T07:28:19Z" user="Pizza Hut VN" uid="3628881" lat="20.9801782" lon="105.7907962"/>
 <node id="4025232651" visible="true" version="2" changeset="88272143" timestamp="2020-07-21T03:26:08Z" user="vietnam321" uid="11196308" lat="20.9800415" lon="105.7906236"/>
 <node id="4025232653" visible="true" version="2" changeset="88272143" timestamp="2020-07-21T03:26:08Z" user="vietnam321" uid="11196308" lat="20.9796337" lon="105.7909620"/>
 <node id="4025232654" visible="true" version="3" changeset="155778103" timestamp="2024-08-26T11:43:42Z" user="openmap-vn" uid="21213273" lat="20.9794746" lon="105.7909358"/>
 <node id="4025232655" visible="true" version="2" changeset="106140121" timestamp="2021-06-10T08:25:30Z" user="Deep_112" uid="11555451" lat="20.9790370" lon="105.7912657"/>
 <node id="4025232656" visible="true" version="4" changeset="144402158" timestamp="2023-11-24T10:31:09Z" user="Grab_Cong" uid="18820325" lat="20.9787406" lon="105.7915951"/>
 <node id="4025232657" visible="true" version="5" changeset="144402158" timestamp="2023-11-24T10:31:09Z" user="Grab_Cong" uid="18820325" lat="20.9784098" lon="105.7919540"/>
 <node id="4025242586" visible="true" version="5" changeset="179967402" timestamp="2026-03-16T19:06:44Z" user="ZioDragon" uid="13799024" lat="20.9818420" lon="105.7901528"/>
 <node id="4025242587" visible="true" version="1" changeset="37429071" timestamp="2016-02-25T07:29:25Z" user="Pizza Hut VN" uid="3628881" lat="20.9800394" lon="105.7916810"/>
 <node id="4025242588" visible="true" version="2" changeset="155186798" timestamp="2024-08-13T09:48:27Z" user="phoenixsaigon1698" uid="3323343" lat="20.9786935" lon="105.7927082"/>
 <node id="4025271093" visible="true" version="3" changeset="155186090" timestamp="2024-08-13T09:32:13Z" user="phoenixsaigon1698" uid="3323343" lat="20.9781889" lon="105.7856258"/>
 <node id="4025271094" visible="true" version="1" changeset="37429180" timestamp="2016-02-25T07:39:44Z" user="Pizza Hut VN" uid="3628881" lat="20.9831484" lon="105.7923523"/>
 <node id="4025271095" visible="true" version="2" changeset="145424970" timestamp="2023-12-23T01:57:14Z" user="phoenixsaigon1698" uid="3323343" lat="20.9771438" lon="105.7976862"/>
 <node id="4025271096" visible="true" version="1" changeset="37429180" timestamp="2016-02-25T07:39:44Z" user="Pizza Hut VN" uid="3628881" lat="20.9730906" lon="105.7921162"/>
 <node id="4025271097" visible="true" version="2" changeset="145424970" timestamp="2023-12-23T01:57:14Z" user="phoenixsaigon1698" uid="3323343" lat="20.9716096" lon="105.7886770"/>
 <node id="4277861297" visible="true" version="1" changeset="40435875" timestamp="2016-07-02T08:58:26Z" user="buivanthanh" uid="4200554" lat="20.9782150" lon="105.7972016"/>
 <node id="4368898592" visible="true" version="1" changeset="41727618" timestamp="2016-08-27T04:39:51Z" user="Nguyen Thang Long" uid="4434451" lat="20.9814220" lon="105.7852800">
  <tag k="amenity" v="shelter"/>
 </node>
 <node id="4538570274" visible="true" version="1" changeset="44167559" timestamp="2016-12-04T21:46:55Z" user="ndhoang91hn" uid="4923260" lat="20.9835895" lon="105.7832329"/>
 <node id="4538570275" visible="true" version="1" changeset="44167559" timestamp="2016-12-04T21:46:55Z" user="ndhoang91hn" uid="4923260" lat="20.9834914" lon="105.7831971"/>
 <node id="4538570276" visible="true" version="1" changeset="44167559" timestamp="2016-12-04T21:46:55Z" user="ndhoang91hn" uid="4923260" lat="20.9832341" lon="105.7835360"/>
 <node id="4538570277" visible="true" version="1" changeset="44167559" timestamp="2016-12-04T21:46:55Z" user="ndhoang91hn" uid="4923260" lat="20.9840115" lon="105.7839003"/>
 <node id="4736479743" visible="true" version="3" changeset="107814813" timestamp="2021-07-12T06:44:46Z" user="vietnam321" uid="11196308" lat="20.9820785" lon="105.7864213"/>
 <node id="4736479744" visible="true" version="1" changeset="46874253" timestamp="2017-03-15T16:42:01Z" user="vietld" uid="5490700" lat="20.9817868" lon="105.7860662"/>
 <node id="4736479745" visible="true" version="3" changeset="107814813" timestamp="2021-07-12T06:44:46Z" user="vietnam321" uid="11196308" lat="20.9810904" lon="105.7859409"/>
 <node id="4736479746" visible="true" version="4" changeset="107814813" timestamp="2021-07-12T06:44:46Z" user="vietnam321" uid="11196308" lat="20.9807950" lon="105.7882131"/>
 <node id="4736479747" visible="true" version="2" changeset="62219303" timestamp="2018-09-02T13:27:21Z" user="TuanIfan" uid="625303" lat="20.9818061" lon="105.7874347"/>
 <node id="4736479748" visible="true" version="4" changeset="107814813" timestamp="2021-07-12T06:44:46Z" user="vietnam321" uid="11196308" lat="20.9798439" lon="105.7870533"/>
 <node id="4736479749" visible="true" version="1" changeset="46874253" timestamp="2017-03-15T16:42:01Z" user="vietld" uid="5490700" lat="20.9812770" lon="105.7861777"/>
 <node id="4736479750" visible="true" version="2" changeset="107814813" timestamp="2021-07-12T06:44:46Z" user="vietnam321" uid="11196308" lat="20.9814070" lon="105.7860567"/>
 <node id="4736479751" visible="true" version="2" changeset="107023906" timestamp="2021-06-27T06:32:10Z" user="Hanh Hoang" uid="4391953" lat="20.9815834" lon="105.7862602"/>
 <node id="4736479752" visible="true" version="3" changeset="107023906" timestamp="2021-06-27T06:32:10Z" user="Hanh Hoang" uid="4391953" lat="20.9814513" lon="105.7869990"/>
 <node id="4736515095" visible="true" version="1" changeset="46875245" timestamp="2017-03-15T17:20:06Z" user="vietld" uid="5490700" lat="20.9872771" lon="105.7807672"/>
 <node id="4736515096" visible="true" version="1" changeset="46875245" timestamp="2017-03-15T17:20:06Z" user="vietld" uid="5490700" lat="20.9875612" lon="105.7808985"/>
 <node id="4736515098" visible="true" version="2" changeset="153105689" timestamp="2024-06-24T10:37:33Z" user="openmap-vn" uid="21213273" lat="20.9850406" lon="105.7872311"/>
 <node id="4736515100" visible="true" version="3" changeset="153105689" timestamp="2024-06-24T10:37:33Z" user="openmap-vn" uid="21213273" lat="20.9844673" lon="105.7879472"/>
 <node id="4736520745" visible="true" version="3" changeset="153105689" timestamp="2024-06-24T10:37:33Z" user="openmap-vn" uid="21213273" lat="20.9853780" lon="105.7912689"/>
 <node id="4736520746" visible="true" version="5" changeset="162559221" timestamp="2025-02-16T06:04:30Z" user="Hung Tran 9x0" uid="20910140" lat="20.9855657" lon="105.7909994"/>
 <node id="4736520747" visible="true" version="5" changeset="162559221" timestamp="2025-02-16T06:04:30Z" user="Hung Tran 9x0" uid="20910140" lat="20.9857097" lon="105.7908432"/>
 <node id="4736520748" visible="true" version="3" changeset="162559221" timestamp="2025-02-16T06:04:30Z" user="Hung Tran 9x0" uid="20910140" lat="20.9857563" lon="105.7907456"/>
 <node id="4736520749" visible="true" version="3" changeset="60066711" timestamp="2018-06-22T07:52:41Z" user="Kolla6" uid="7671615" lat="20.9853281" lon="105.7910037"/>
 <node id="4736520750" visible="true" version="2" changeset="60061136" timestamp="2018-06-22T03:28:10Z" user="Kolla6" uid="7671615" lat="20.9852707" lon="105.7909371"/>
 <node id="4740642391" visible="true" version="2" changeset="153105689" timestamp="2024-06-24T10:37:33Z" user="openmap-vn" uid="21213273" lat="20.9849095" lon="105.7884031"/>
 <node id="4740642392" visible="true" version="2" changeset="153105689" timestamp="2024-06-24T10:37:33Z" user="openmap-vn" uid="21213273" lat="20.9849370" lon="105.7871705"/>
 <node id="4759894605" visible="true" version="4" changeset="155186090" timestamp="2024-08-13T09:32:13Z" user="phoenixsaigon1698" uid="3323343" lat="20.9806884" lon="105.7949476"/>
 <node id="5009272216" visible="true" version="3" changeset="62218602" timestamp="2018-09-02T12:46:30Z" user="TuanIfan" uid="625303" lat="20.9553385" lon="105.7557587"/>
 <node id="5009272217" visible="true" version="2" changeset="62006433" timestamp="2018-08-26T13:06:19Z" user="TuanIfan" uid="625303" lat="20.9559073" lon="105.7565206"/>
 <node id="5009272219" visible="true" version="4" changeset="62218602" timestamp="2018-09-02T12:46:30Z" user="TuanIfan" uid="625303" lat="20.9543584" lon="105.7544305"/>
 <node id="5009273622" visible="true" version="3" changeset="62218602" timestamp="2018-09-02T12:46:30Z" user="TuanIfan" uid="625303" lat="20.9541160" lon="105.7541263"/>
 <node id="5009273642" visible="true" version="5" changeset="62219047" timestamp="2018-09-02T13:12:03Z" user="TuanIfan" uid="625303" lat="20.9501541" lon="105.7488816"/>
 <node id="5009273648" visible="true" version="2" changeset="62006433" timestamp="2018-08-26T13:06:20Z" user="TuanIfan" uid="625303" lat="20.9640608" lon="105.7670769"/>
 <node id="5009273651" visible="true" version="2" changeset="62006433" timestamp="2018-08-26T13:06:19Z" user="TuanIfan" uid="625303" lat="20.9634920" lon="105.7663450"/>
 <node id="5009273657" visible="true" version="3" changeset="62218602" timestamp="2018-09-02T12:46:30Z" user="TuanIfan" uid="625303" lat="20.9698777" lon="105.7745054"/>
 <node id="5009273660" visible="true" version="3" changeset="62218602" timestamp="2018-09-02T12:46:30Z" user="TuanIfan" uid="625303" lat="20.9846141" lon="105.7934732"/>
 <node id="5009273663" visible="true" version="3" changeset="62218602" timestamp="2018-09-02T12:46:31Z" user="TuanIfan" uid="625303" lat="20.9839539" lon="105.7925731"/>
 <node id="5608880649" visible="true" version="2" changeset="168028716" timestamp="2025-06-24T04:12:27Z" user="Tewuzij" uid="16194143" lat="20.9825760" lon="105.7902660">
  <tag k="alt_name" v="PNJ Co.opmart Hà Đông"/>
  <tag k="brand" v="PNJ"/>
  <tag k="brand:wikidata" v="Q61129183"/>
  <tag k="name" v="PNJ"/>
  <tag k="shop" v="jewelry"/>
  <tag k="website" v="https://www.pnj.com.vn/"/>
 </node>
 <node id="5639988476" visible="true" version="3" changeset="162168939" timestamp="2025-02-05T14:54:39Z" user="Hung Tran 9x0" uid="20910140" lat="20.9825538" lon="105.7902001">
  <tag k="name" v="Co.opmart"/>
  <tag k="shop" v="supermarket"/>
 </node>
 <node id="5707271718" visible="true" version="1" changeset="60030762" timestamp="2018-06-21T05:47:04Z" user="Kolla6" uid="7671615" lat="20.9868983" lon="105.7838142"/>
 <node id="5707271719" visible="true" version="1" changeset="60030762" timestamp="2018-06-21T05:47:04Z" user="Kolla6" uid="7671615" lat="20.9870180" lon="105.7837164"/>
 <node id="5707271720" visible="true" version="1" changeset="60030762" timestamp="2018-06-21T05:47:04Z" user="Kolla6" uid="7671615" lat="20.9870530" lon="105.7836494"/>
 <node id="5707272821" visible="true" version="1" changeset="60030762" timestamp="2018-06-21T05:47:04Z" user="Kolla6" uid="7671615" lat="20.9870681" lon="105.7835770"/>
 <node id="5707272822" visible="true" version="1" changeset="60030762" timestamp="2018-06-21T05:47:04Z" user="Kolla6" uid="7671615" lat="20.9871757" lon="105.7832149"/>
 <node id="5707272823" visible="true" version="1" changeset="60030762" timestamp="2018-06-21T05:47:04Z" user="Kolla6" uid="7671615" lat="20.9873135" lon="105.7829574"/>
 <node id="5707272824" visible="true" version="1" changeset="60030762" timestamp="2018-06-21T05:47:04Z" user="Kolla6" uid="7671615" lat="20.9879045" lon="105.7820803"/>
 <node id="5707272826" visible="true" version="1" changeset="60030762" timestamp="2018-06-21T05:47:04Z" user="Kolla6" uid="7671615" lat="20.9875201" lon="105.7826355"/>
 <node id="5707272828" visible="true" version="1" changeset="60030762" timestamp="2018-06-21T05:47:04Z" user="Kolla6" uid="7671615" lat="20.9868164" lon="105.7822627"/>
 <node id="5707272829" visible="true" version="1" changeset="60030762" timestamp="2018-06-21T05:47:04Z" user="Kolla6" uid="7671615" lat="20.9864645" lon="105.7821769"/>
 <node id="5707272830" visible="true" version="2" changeset="153847313" timestamp="2024-07-12T09:40:28Z" user="phoenixsaigon1698" uid="3323343" lat="20.9860271" lon="105.7821342"/>
 <node id="5707368291" visible="true" version="2" changeset="144889286" timestamp="2023-12-08T06:29:14Z" user="ItsLouisAnderson" uid="11691953" lat="20.9832980" lon="105.7800922"/>
 <node id="5707368312" visible="true" version="2" changeset="155495613" timestamp="2024-08-20T08:16:12Z" user="phoenixsaigon1698" uid="3323343" lat="20.9846854" lon="105.7798543"/>
 <node id="5707368314" visible="true" version="1" changeset="60031425" timestamp="2018-06-21T06:15:42Z" user="Kolla6" uid="7671615" lat="20.9835282" lon="105.7827691"/>
 <node id="5707368315" visible="true" version="1" changeset="60031425" timestamp="2018-06-21T06:15:42Z" user="Kolla6" uid="7671615" lat="20.9829813" lon="105.7832642"/>
 <node id="5707368320" visible="true" version="1" changeset="60031425" timestamp="2018-06-21T06:15:43Z" user="Kolla6" uid="7671615" lat="20.9831789" lon="105.7813641"/>
 <node id="5707369421" visible="true" version="2" changeset="144889286" timestamp="2023-12-08T06:29:14Z" user="ItsLouisAnderson" uid="11691953" lat="20.9832602" lon="105.7814581"/>
 <node id="5709972952" visible="true" version="2" changeset="179967402" timestamp="2026-03-16T19:06:44Z" user="ZioDragon" uid="13799024" lat="20.9809402" lon="105.7890262"/>
 <node id="5710056496" visible="true" version="1" changeset="60061136" timestamp="2018-06-22T03:28:08Z" user="Kolla6" uid="7671615" lat="20.9833920" lon="105.7885270"/>
 <node id="5710056498" visible="true" version="1" changeset="60061136" timestamp="2018-06-22T03:28:08Z" user="Kolla6" uid="7671615" lat="20.9841330" lon="105.7842180"/>
 <node id="5710056499" visible="true" version="1" changeset="60061136" timestamp="2018-06-22T03:28:08Z" user="Kolla6" uid="7671615" lat="20.9841812" lon="105.7840288"/>
 <node id="5710056500" visible="true" version="1" changeset="60061136" timestamp="2018-06-22T03:28:08Z" user="Kolla6" uid="7671615" lat="20.9843029" lon="105.7837718"/>
 <node id="5710056502" visible="true" version="1" changeset="60061136" timestamp="2018-06-22T03:28:08Z" user="Kolla6" uid="7671615" lat="20.9872362" lon="105.7842660"/>
 <node id="5710056503" visible="true" version="1" changeset="60061136" timestamp="2018-06-22T03:28:08Z" user="Kolla6" uid="7671615" lat="20.9821586" lon="105.7853132"/>
 <node id="5710056504" visible="true" version="2" changeset="92185544" timestamp="2020-10-08T16:20:02Z" user="ntmnhwt" uid="11952676" lat="20.9806662" lon="105.7880563"/>
 <node id="5710056505" visible="true" version="6" changeset="179967402" timestamp="2026-03-16T19:06:44Z" user="ZioDragon" uid="13799024" lat="20.9805860" lon="105.7881282"/>
 <node id="5710056506" visible="true" version="3" changeset="162559221" timestamp="2025-02-16T06:04:30Z" user="Hung Tran 9x0" uid="20910140" lat="20.9850632" lon="105.7906513">
  <tag k="noexit" v="yes"/>
 </node>
 <node id="5710056507" visible="true" version="2" changeset="153105689" timestamp="2024-06-24T10:37:33Z" user="openmap-vn" uid="21213273" lat="20.9850471" lon="105.7899204"/>
 <node id="5710056509" visible="true" version="2" changeset="153105689" timestamp="2024-06-24T10:37:33Z" user="openmap-vn" uid="21213273" lat="20.9848755" lon="105.7898346"/>
 <node id="5710056510" visible="true" version="2" changeset="153105689" timestamp="2024-06-24T10:37:33Z" user="openmap-vn" uid="21213273" lat="20.9847052" lon="105.7901162"/>
 <node id="5710056511" visible="true" version="2" changeset="153105689" timestamp="2024-06-24T10:37:33Z" user="openmap-vn" uid="21213273" lat="20.9844761" lon="105.7899995"/>
 <node id="5710056512" visible="true" version="2" changeset="153105689" timestamp="2024-06-24T10:37:33Z" user="openmap-vn" uid="21213273" lat="20.9843734" lon="105.7900277"/>
 <node id="5710056513" visible="true" version="2" changeset="153105689" timestamp="2024-06-24T10:37:33Z" user="openmap-vn" uid="21213273" lat="20.9842883" lon="105.7901242"/>
 <node id="5710056514" visible="true" version="1" changeset="60061136" timestamp="2018-06-22T03:28:08Z" user="Kolla6" uid="7671615" lat="20.9855680" lon="105.7897702"/>
 <node id="5710056515" visible="true" version="1" changeset="60061136" timestamp="2018-06-22T03:28:08Z" user="Kolla6" uid="7671615" lat="20.9853451" lon="105.7897568"/>
 <node id="5710056516" visible="true" version="1" changeset="60061136" timestamp="2018-06-22T03:28:08Z" user="Kolla6" uid="7671615" lat="20.9852725" lon="105.7897702"/>
 <node id="5710056517" visible="true" version="1" changeset="60061136" timestamp="2018-06-22T03:28:09Z" user="Kolla6" uid="7671615" lat="20.9852476" lon="105.7898009"/>
 <node id="5710056518" visible="true" version="1" changeset="60061136" timestamp="2018-06-22T03:28:09Z" user="Kolla6" uid="7671615" lat="20.9858410" lon="105.7895046"/>
 <node id="5710056519" visible="true" version="2" changeset="174005768" timestamp="2025-10-31T06:39:23Z" user="Hung Tran 9x0" uid="20910140" lat="20.9859833" lon="105.7894198"/>
 <node id="5710058421" visible="true" version="2" changeset="60065876" timestamp="2018-06-22T07:25:15Z" user="Kolla6" uid="7671615" lat="20.9861822" lon="105.7903547"/>
 <node id="5710058422" visible="true" version="1" changeset="60061136" timestamp="2018-06-22T03:28:09Z" user="Kolla6" uid="7671615" lat="20.9859489" lon="105.7899634"/>
 <node id="5710058423" visible="true" version="2" changeset="125881362" timestamp="2022-09-07T04:13:59Z" user="GrabVN_QThoai" uid="15740602" lat="20.9863411" lon="105.7899748"/>
 <node id="5710058424" visible="true" version="1" changeset="60061136" timestamp="2018-06-22T03:28:09Z" user="Kolla6" uid="7671615" lat="20.9855680" lon="105.7899526"/>
 <node id="5710058425" visible="true" version="2" changeset="106303156" timestamp="2021-06-14T03:39:57Z" user="go_vind" uid="11589191" lat="20.9858034" lon="105.7881676"/>
 <node id="5710058426" visible="true" version="1" changeset="60061136" timestamp="2018-06-22T03:28:09Z" user="Kolla6" uid="7671615" lat="20.9855680" lon="105.7903388"/>
 <node id="5710058427" visible="true" version="2" changeset="152578294" timestamp="2024-06-12T09:26:11Z" user="phoenixsaigon1698" uid="3323343" lat="20.9855937" lon="105.7894569"/>
 <node id="5710058428" visible="true" version="1" changeset="60061136" timestamp="2018-06-22T03:28:09Z" user="Kolla6" uid="7671615" lat="20.9867663" lon="105.7890431"/>
 <node id="5710058429" visible="true" version="2" changeset="152578294" timestamp="2024-06-12T09:26:11Z" user="phoenixsaigon1698" uid="3323343" lat="20.9860613" lon="105.7889343"/>
 <node id="5710058430" visible="true" version="1" changeset="60061136" timestamp="2018-06-22T03:28:09Z" user="Kolla6" uid="7671615" lat="20.9856832" lon="105.7888636"/>
 <node id="5710058431" visible="true" version="1" changeset="60061136" timestamp="2018-06-22T03:28:09Z" user="Kolla6" uid="7671615" lat="20.9861815" lon="105.7881474"/>
 <node id="5710058432" visible="true" version="2" changeset="152578294" timestamp="2024-06-12T09:26:11Z" user="phoenixsaigon1698" uid="3323343" lat="20.9866411" lon="105.7883083"/>
 <node id="5710058433" visible="true" version="1" changeset="60061136" timestamp="2018-06-22T03:28:09Z" user="Kolla6" uid="7671615" lat="20.9868076" lon="105.7884291"/>
 <node id="5710058434" visible="true" version="1" changeset="60061136" timestamp="2018-06-22T03:28:09Z" user="Kolla6" uid="7671615" lat="20.9868276" lon="105.7885364"/>
 <node id="5710058436" visible="true" version="2" changeset="170810696" timestamp="2025-08-22T05:54:05Z" user="Hung Tran 9x0" uid="20910140" lat="20.9867675" lon="105.7891586">
  <tag k="barrier" v="gate"/>
  <tag k="opening_hours" v="Mo-Su 05:00-22:30"/>
 </node>
 <node id="5710058437" visible="true" version="1" changeset="60061136" timestamp="2018-06-22T03:28:09Z" user="Kolla6" uid="7671615" lat="20.9867575" lon="105.7893491"/>
 <node id="5710058438" visible="true" version="2" changeset="154092337" timestamp="2024-07-18T09:42:31Z" user="phoenixsaigon1698" uid="3323343" lat="20.9851471" lon="105.7869870">
  <tag k="highway" v="turning_circle"/>
 </node>
 <node id="5710058440" visible="true" version="1" changeset="60061136" timestamp="2018-06-22T03:28:09Z" user="Kolla6" uid="7671615" lat="20.9832662" lon="105.7853301"/>
 <node id="5710058441" visible="true" version="1" changeset="60061136" timestamp="2018-06-22T03:28:09Z" user="Kolla6" uid="7671615" lat="20.9832014" lon="105.7851863"/>
 <node id="5710058442" visible="true" version="1" changeset="60061136" timestamp="2018-06-22T03:28:09Z" user="Kolla6" uid="7671615" lat="20.9831714" lon="105.7850736"/>
 <node id="5710058443" visible="true" version="1" changeset="60061136" timestamp="2018-06-22T03:28:09Z" user="Kolla6" uid="7671615" lat="20.9831764" lon="105.7849476"/>
 <node id="5710058444" visible="true" version="1" changeset="60061136" timestamp="2018-06-22T03:28:09Z" user="Kolla6" uid="7671615" lat="20.9831889" lon="105.7848483"/>
 <node id="5710058445" visible="true" version="1" changeset="60061136" timestamp="2018-06-22T03:28:09Z" user="Kolla6" uid="7671615" lat="20.9831714" lon="105.7847947"/>
 <node id="5710058446" visible="true" version="1" changeset="60061136" timestamp="2018-06-22T03:28:09Z" user="Kolla6" uid="7671615" lat="20.9831663" lon="105.7847169"/>
 <node id="5710058447" visible="true" version="1" changeset="60061136" timestamp="2018-06-22T03:28:09Z" user="Kolla6" uid="7671615" lat="20.9823599" lon="105.7853365"/>
 <node id="5710058448" visible="true" version="1" changeset="60061136" timestamp="2018-06-22T03:28:09Z" user="Kolla6" uid="7671615" lat="20.9826454" lon="105.7853982"/>
 <node id="5710058449" visible="true" version="2" changeset="114904395" timestamp="2021-12-14T03:50:42Z" user="Quyen Hoang Bui" uid="14629289" lat="20.9851220" lon="105.7841080"/>
 <node id="5710078137" visible="true" version="3" changeset="152578294" timestamp="2024-06-12T09:26:11Z" user="phoenixsaigon1698" uid="3323343" lat="20.9872613" lon="105.7906677"/>
 <node id="5710078138" visible="true" version="3" changeset="125881496" timestamp="2022-09-07T04:22:27Z" user="GrabVN_QThoai" uid="15740602" lat="20.9876898" lon="105.7906639"/>
 <node id="5710078139" visible="true" version="3" changeset="152578294" timestamp="2024-06-12T09:26:11Z" user="phoenixsaigon1698" uid="3323343" lat="20.9877000" lon="105.7902657"/>
 <node id="5710512756" visible="true" version="2" changeset="153105689" timestamp="2024-06-24T10:37:33Z" user="openmap-vn" uid="21213273" lat="20.9876520" lon="105.7914768"/>
 <node id="5710512757" visible="true" version="1" changeset="60065876" timestamp="2018-06-22T07:25:13Z" user="Kolla6" uid="7671615" lat="20.9868141" lon="105.7914866"/>
 <node id="5710591075" visible="true" version="2" changeset="152578294" timestamp="2024-06-12T09:26:11Z" user="phoenixsaigon1698" uid="3323343" lat="20.9860797" lon="105.7911129"/>
 <node id="5710591077" visible="true" version="6" changeset="179967402" timestamp="2026-03-16T19:06:44Z" user="ZioDragon" uid="13799024" lat="20.9843140" lon="105.7928788"/>
 <node id="5710591078" visible="true" version="4" changeset="179967402" timestamp="2026-03-16T19:06:44Z" user="ZioDragon" uid="13799024" lat="20.9839119" lon="105.7923243"/>
 <node id="5710591079" visible="true" version="1" changeset="60066711" timestamp="2018-06-22T07:52:38Z" user="Kolla6" uid="7671615" lat="20.9842933" lon="105.7919428"/>
 <node id="5710591080" visible="true" version="5" changeset="179967402" timestamp="2026-03-16T19:06:44Z" user="ZioDragon" uid="13799024" lat="20.9832451" lon="105.7914732"/>
 <node id="5710591081" visible="true" version="1" changeset="60066711" timestamp="2018-06-22T07:52:38Z" user="Kolla6" uid="7671615" lat="20.9840829" lon="105.7907411"/>
 <node id="5710591082" visible="true" version="1" changeset="60066711" timestamp="2018-06-22T07:52:39Z" user="Kolla6" uid="7671615" lat="20.9841581" lon="105.7907653"/>
 <node id="5710591083" visible="true" version="3" changeset="153105689" timestamp="2024-06-24T10:37:33Z" user="openmap-vn" uid="21213273" lat="20.9844029" lon="105.7909913"/>
 <node id="5710591093" visible="true" version="2" changeset="154092611" timestamp="2024-07-18T09:48:22Z" user="phoenixsaigon1698" uid="3323343" lat="20.9861164" lon="105.7924502"/>
 <node id="5710591095" visible="true" version="2" changeset="152578294" timestamp="2024-06-12T09:26:11Z" user="phoenixsaigon1698" uid="3323343" lat="20.9864748" lon="105.7902721"/>
 <node id="5710591096" visible="true" version="2" changeset="152578294" timestamp="2024-06-12T09:26:11Z" user="phoenixsaigon1698" uid="3323343" lat="20.9860983" lon="105.7905925"/>
 <node id="5710591097" visible="true" version="2" changeset="152578294" timestamp="2024-06-12T09:26:11Z" user="phoenixsaigon1698" uid="3323343" lat="20.9860781" lon="105.7906643"/>
 <node id="5710591099" visible="true" version="3" changeset="162559221" timestamp="2025-02-16T06:04:30Z" user="Hung Tran 9x0" uid="20910140" lat="20.9853071" lon="105.7910726"/>
 <node id="5710591100" visible="true" version="4" changeset="154092611" timestamp="2024-07-18T09:48:22Z" user="phoenixsaigon1698" uid="3323343" lat="20.9860663" lon="105.7915266"/>
 <node id="5710591101" visible="true" version="3" changeset="153105689" timestamp="2024-06-24T10:37:33Z" user="openmap-vn" uid="21213273" lat="20.9853946" lon="105.7915627"/>
 <node id="5710591102" visible="true" version="3" changeset="152578294" timestamp="2024-06-12T09:26:11Z" user="phoenixsaigon1698" uid="3323343" lat="20.9857291" lon="105.7920781"/>
 <node id="5710591103" visible="true" version="4" changeset="154092611" timestamp="2024-07-18T09:48:22Z" user="phoenixsaigon1698" uid="3323343" lat="20.9856870" lon="105.7915396"/>
 <node id="5710591529" visible="true" version="3" changeset="152578294" timestamp="2024-06-12T09:26:11Z" user="phoenixsaigon1698" uid="3323343" lat="20.9860862" lon="105.7923984"/>
 <node id="5710591530" visible="true" version="2" changeset="152578294" timestamp="2024-06-12T09:26:11Z" user="phoenixsaigon1698" uid="3323343" lat="20.9854547" lon="105.7924427"/>
 <node id="5710591531" visible="true" version="3" changeset="152578294" timestamp="2024-06-12T09:26:11Z" user="phoenixsaigon1698" uid="3323343" lat="20.9854339" lon="105.7920872"/>
 <node id="5710591532" visible="true" version="2" changeset="152578294" timestamp="2024-06-12T09:26:11Z" user="phoenixsaigon1698" uid="3323343" lat="20.9856708" lon="105.7913415"/>
 <node id="5710591533" visible="true" version="2" changeset="152578294" timestamp="2024-06-12T09:26:11Z" user="phoenixsaigon1698" uid="3323343" lat="20.9858091" lon="105.7912484"/>
 <node id="5710591534" visible="true" version="2" changeset="152578294" timestamp="2024-06-12T09:26:11Z" user="phoenixsaigon1698" uid="3323343" lat="20.9860926" lon="105.7912173"/>
 <node id="5710591537" visible="true" version="2" changeset="152578294" timestamp="2024-06-12T09:26:11Z" user="phoenixsaigon1698" uid="3323343" lat="20.9865096" lon="105.7906813"/>
 <node id="5710591538" visible="true" version="2" changeset="152578294" timestamp="2024-06-12T09:26:11Z" user="phoenixsaigon1698" uid="3323343" lat="20.9863521" lon="105.7908167"/>
 <node id="5710591539" visible="true" version="2" changeset="152578294" timestamp="2024-06-12T09:26:11Z" user="phoenixsaigon1698" uid="3323343" lat="20.9863650" lon="105.7914657"/>
 <node id="5710591540" visible="true" version="2" changeset="152578294" timestamp="2024-06-12T09:26:11Z" user="phoenixsaigon1698" uid="3323343" lat="20.9861099" lon="105.7914479"/>
 <node id="5710591541" visible="true" version="3" changeset="152578294" timestamp="2024-06-12T09:26:11Z" user="phoenixsaigon1698" uid="3323343" lat="20.9859969" lon="105.7920651"/>
 <node id="5710591542" visible="true" version="2" changeset="106324887" timestamp="2021-06-14T09:38:34Z" user="azeez007" uid="11515811" lat="20.9861928" lon="105.7926824"/>
 <node id="5710675029" visible="true" version="1" changeset="60067683" timestamp="2018-06-22T08:24:39Z" user="Kolla6" uid="7671615" lat="20.9795789" lon="105.7920822"/>
 <node id="5858990367" visible="true" version="2" changeset="62218602" timestamp="2018-09-02T12:46:33Z" user="TuanIfan" uid="625303" lat="20.9517276" lon="105.7510369"/>
 <node id="5858990589" visible="true" version="2" changeset="62218602" timestamp="2018-09-02T12:46:33Z" user="TuanIfan" uid="625303" lat="20.9820118" lon="105.7901704"/>
 <node id="5858990590" visible="true" version="2" changeset="62218602" timestamp="2018-09-02T12:46:33Z" user="TuanIfan" uid="625303" lat="20.9552920" lon="105.7557753"/>
 <node id="5858990595" visible="true" version="2" changeset="62218602" timestamp="2018-09-02T12:46:33Z" user="TuanIfan" uid="625303" lat="20.9653284" lon="105.7687502"/>
 <node id="5858990601" visible="true" version="3" changeset="72788053" timestamp="2019-07-29T21:51:36Z" user="Kaarti_B" uid="9029309" lat="20.9714554" lon="105.7764443"/>
 <node id="5858990602" visible="true" version="2" changeset="62218602" timestamp="2018-09-02T12:46:33Z" user="TuanIfan" uid="625303" lat="20.9521023" lon="105.7515283"/>
 <node id="5858990607" visible="true" version="2" changeset="62218602" timestamp="2018-09-02T12:46:33Z" user="TuanIfan" uid="625303" lat="20.9839994" lon="105.7927024"/>
 <node id="5858990608" visible="true" version="2" changeset="62218602" timestamp="2018-09-02T12:46:33Z" user="TuanIfan" uid="625303" lat="20.9558765" lon="105.7565480"/>
 <node id="5858990613" visible="true" version="2" changeset="62219047" timestamp="2018-09-02T13:12:03Z" user="TuanIfan" uid="625303" lat="20.9668482" lon="105.7707087"/>
 <node id="5858990619" visible="true" version="2" changeset="62218602" timestamp="2018-09-02T12:46:33Z" user="TuanIfan" uid="625303" lat="20.9724934" lon="105.7777493"/>
 <node id="5858990620" visible="true" version="2" changeset="62218602" timestamp="2018-09-02T12:46:33Z" user="TuanIfan" uid="625303" lat="20.9542505" lon="105.7543575"/>
 <node id="5858990626" visible="true" version="2" changeset="62218602" timestamp="2018-09-02T12:46:34Z" user="TuanIfan" uid="625303" lat="20.9624719" lon="105.7650934"/>
 <node id="5858990631" visible="true" version="2" changeset="62218602" timestamp="2018-09-02T12:46:34Z" user="TuanIfan" uid="625303" lat="20.9696319" lon="105.7742340"/>
 <node id="5858990637" visible="true" version="2" changeset="62218602" timestamp="2018-09-02T12:46:34Z" user="TuanIfan" uid="625303" lat="20.9738286" lon="105.7796073"/>
 <node id="5858990638" visible="true" version="2" changeset="62218602" timestamp="2018-09-02T12:46:34Z" user="TuanIfan" uid="625303" lat="20.9544846" lon="105.7546767"/>
 <node id="5858990643" visible="true" version="2" changeset="62218602" timestamp="2018-09-02T12:46:34Z" user="TuanIfan" uid="625303" lat="20.9845864" lon="105.7934932"/>
 <node id="5858990644" visible="true" version="2" changeset="62218602" timestamp="2018-09-02T12:46:34Z" user="TuanIfan" uid="625303" lat="20.9634700" lon="105.7663710"/>
 <node id="5858990649" visible="true" version="3" changeset="183238632" timestamp="2026-05-27T06:07:17Z" user="21nekoburu" uid="24152732" lat="20.9698607" lon="105.7745314">
  <tag k="railway" v="signal"/>
  <tag k="railway:signal:direction" v="forward"/>
 </node>
 <node id="5858990650" visible="true" version="2" changeset="62218602" timestamp="2018-09-02T12:46:34Z" user="TuanIfan" uid="625303" lat="20.9501264" lon="105.7489156"/>
 <node id="5858990655" visible="true" version="2" changeset="62218602" timestamp="2018-09-02T12:46:34Z" user="TuanIfan" uid="625303" lat="20.9772030" lon="105.7841304"/>
 <node id="5875603064" visible="true" version="1" changeset="62218602" timestamp="2018-09-02T12:46:23Z" user="TuanIfan" uid="625303" lat="20.9510497" lon="105.7501432"/>
 <node id="5875603065" visible="true" version="1" changeset="62218602" timestamp="2018-09-02T12:46:23Z" user="TuanIfan" uid="625303" lat="20.9510657" lon="105.7501001"/>
 <node id="5875603070" visible="true" version="2" changeset="128668523" timestamp="2022-11-09T06:02:20Z" user="ItsLouisAnderson" uid="11691953" lat="20.9543875" lon="105.7545442">
  <tag k="railway" v="switch"/>
 </node>
 <node id="5875603071" visible="true" version="2" changeset="128668523" timestamp="2022-11-09T06:02:20Z" user="ItsLouisAnderson" uid="11691953" lat="20.9552480" lon="105.7556360">
  <tag k="railway" v="switch"/>
 </node>
 <node id="5875603073" visible="true" version="2" changeset="128668523" timestamp="2022-11-09T06:02:20Z" user="ItsLouisAnderson" uid="11691953" lat="20.9549607" lon="105.7553326">
  <tag k="railway" v="switch"/>
 </node>
 <node id="5875603103" visible="true" version="1" changeset="62218602" timestamp="2018-09-02T12:46:24Z" user="TuanIfan" uid="625303" lat="20.9517517" lon="105.7510082"/>
 <node id="5875603104" visible="true" version="2" changeset="128668523" timestamp="2022-11-09T06:02:20Z" user="ItsLouisAnderson" uid="11691953" lat="20.9518740" lon="105.7512317">
  <tag k="railway" v="switch"/>
 </node>
 <node id="5875603105" visible="true" version="1" changeset="62218602" timestamp="2018-09-02T12:46:24Z" user="TuanIfan" uid="625303" lat="20.9531125" lon="105.7528751"/>
 <node id="5875603106" visible="true" version="1" changeset="62218602" timestamp="2018-09-02T12:46:24Z" user="TuanIfan" uid="625303" lat="20.9531300" lon="105.7528375"/>
 <node id="5875603107" visible="true" version="1" changeset="62218602" timestamp="2018-09-02T12:46:24Z" user="TuanIfan" uid="625303" lat="20.9566021" lon="105.7575247"/>
 <node id="5875603108" visible="true" version="1" changeset="62218602" timestamp="2018-09-02T12:46:24Z" user="TuanIfan" uid="625303" lat="20.9566278" lon="105.7575000"/>
 <node id="5875603109" visible="true" version="1" changeset="62218602" timestamp="2018-09-02T12:46:24Z" user="TuanIfan" uid="625303" lat="20.9596702" lon="105.7615057"/>
 <node id="5875603110" visible="true" version="1" changeset="62218602" timestamp="2018-09-02T12:46:24Z" user="TuanIfan" uid="625303" lat="20.9596888" lon="105.7614814"/>
 <node id="5875603111" visible="true" version="1" changeset="62218602" timestamp="2018-09-02T12:46:24Z" user="TuanIfan" uid="625303" lat="20.9619854" lon="105.7644879"/>
 <node id="5875603112" visible="true" version="1" changeset="62218602" timestamp="2018-09-02T12:46:24Z" user="TuanIfan" uid="625303" lat="20.9620134" lon="105.7644629"/>
 <node id="5875603114" visible="true" version="1" changeset="62218602" timestamp="2018-09-02T12:46:24Z" user="TuanIfan" uid="625303" lat="20.9710680" lon="105.7759555"/>
 <node id="5875603115" visible="true" version="1" changeset="62218602" timestamp="2018-09-02T12:46:24Z" user="TuanIfan" uid="625303" lat="20.9710461" lon="105.7759803"/>
 <node id="5875603116" visible="true" version="1" changeset="62218602" timestamp="2018-09-02T12:46:24Z" user="TuanIfan" uid="625303" lat="20.9706820" lon="105.7754895"/>
 <node id="5875603117" visible="true" version="1" changeset="62218602" timestamp="2018-09-02T12:46:24Z" user="TuanIfan" uid="625303" lat="20.9706560" lon="105.7755015"/>
 <node id="5875603118" visible="true" version="1" changeset="62218602" timestamp="2018-09-02T12:46:24Z" user="TuanIfan" uid="625303" lat="20.9734429" lon="105.7790346"/>
 <node id="5875603119" visible="true" version="1" changeset="62218602" timestamp="2018-09-02T12:46:24Z" user="TuanIfan" uid="625303" lat="20.9734617" lon="105.7790038"/>
 <node id="5875603120" visible="true" version="1" changeset="62218602" timestamp="2018-09-02T12:46:24Z" user="TuanIfan" uid="625303" lat="20.9730209" lon="105.7784526"/>
 <node id="5875603121" visible="true" version="1" changeset="62218602" timestamp="2018-09-02T12:46:24Z" user="TuanIfan" uid="625303" lat="20.9730372" lon="105.7784244"/>
 <node id="5875603126" visible="true" version="1" changeset="62218602" timestamp="2018-09-02T12:46:24Z" user="TuanIfan" uid="625303" lat="20.9795112" lon="105.7870442"/>
 <node id="5875603127" visible="true" version="1" changeset="62218602" timestamp="2018-09-02T12:46:24Z" user="TuanIfan" uid="625303" lat="20.9795340" lon="105.7870249"/>
 <node id="5875603128" visible="true" version="1" changeset="62218602" timestamp="2018-09-02T12:46:24Z" user="TuanIfan" uid="625303" lat="20.9765657" lon="105.7833069"/>
 <node id="5875603129" visible="true" version="1" changeset="62218602" timestamp="2018-09-02T12:46:24Z" user="TuanIfan" uid="625303" lat="20.9765893" lon="105.7832784"/>
 <node id="5875603130" visible="true" version="1" changeset="62218602" timestamp="2018-09-02T12:46:24Z" user="TuanIfan" uid="625303" lat="20.9746750" lon="105.7807937"/>
 <node id="5875603131" visible="true" version="1" changeset="62218602" timestamp="2018-09-02T12:46:24Z" user="TuanIfan" uid="625303" lat="20.9747035" lon="105.7807781"/>
 <node id="5875603136" visible="true" version="1" changeset="62218602" timestamp="2018-09-02T12:46:24Z" user="TuanIfan" uid="625303" lat="20.9799625" lon="105.7876004"/>
 <node id="5875603137" visible="true" version="1" changeset="62218602" timestamp="2018-09-02T12:46:24Z" user="TuanIfan" uid="625303" lat="20.9799863" lon="105.7875731"/>
 <node id="5875603138" visible="true" version="1" changeset="62218602" timestamp="2018-09-02T12:46:24Z" user="TuanIfan" uid="625303" lat="20.9811916" lon="105.7891251"/>
 <node id="5875603139" visible="true" version="1" changeset="62218602" timestamp="2018-09-02T12:46:24Z" user="TuanIfan" uid="625303" lat="20.9812109" lon="105.7891083"/>
 <node id="5875603140" visible="true" version="1" changeset="62218602" timestamp="2018-09-02T12:46:24Z" user="TuanIfan" uid="625303" lat="20.9828633" lon="105.7912146"/>
 <node id="5875603141" visible="true" version="2" changeset="116246038" timestamp="2022-01-17T09:54:12Z" user="ItsLouisAnderson" uid="11691953" lat="20.9828879" lon="105.7911794"/>
 <node id="5875603142" visible="true" version="1" changeset="62218602" timestamp="2018-09-02T12:46:24Z" user="TuanIfan" uid="625303" lat="20.9849187" lon="105.7939276"/>
 <node id="5875603143" visible="true" version="1" changeset="62218602" timestamp="2018-09-02T12:46:24Z" user="TuanIfan" uid="625303" lat="20.9847566" lon="105.7937090"/>
 <node id="5875603144" visible="true" version="1" changeset="62218602" timestamp="2018-09-02T12:46:24Z" user="TuanIfan" uid="625303" lat="20.9850661" lon="105.7941557"/>
 <node id="5875603145" visible="true" version="1" changeset="62218602" timestamp="2018-09-02T12:46:24Z" user="TuanIfan" uid="625303" lat="20.9848768" lon="105.7938042"/>
 <node id="5875603146" visible="true" version="1" changeset="62218602" timestamp="2018-09-02T12:46:24Z" user="TuanIfan" uid="625303" lat="20.9847278" lon="105.7936124"/>
 <node id="5875603147" visible="true" version="1" changeset="62218602" timestamp="2018-09-02T12:46:24Z" user="TuanIfan" uid="625303" lat="20.9849862" lon="105.7939728"/>
 <node id="5875603148" visible="true" version="1" changeset="62218602" timestamp="2018-09-02T12:46:24Z" user="TuanIfan" uid="625303" lat="20.9850925" lon="105.7941328"/>
 <node id="5875603149" visible="true" version="1" changeset="62218602" timestamp="2018-09-02T12:46:24Z" user="TuanIfan" uid="625303" lat="20.9835220" lon="105.7920635"/>
 <node id="5875603150" visible="true" version="2" changeset="116246038" timestamp="2022-01-17T09:54:12Z" user="ItsLouisAnderson" uid="11691953" lat="20.9835561" lon="105.7920511">
  <tag k="railway" v="switch"/>
 </node>
 <node id="5875603153" visible="true" version="1" changeset="62218602" timestamp="2018-09-02T12:46:24Z" user="TuanIfan" uid="625303" lat="20.9868114" lon="105.7966152"/>
 <node id="5875603154" visible="true" version="1" changeset="62218602" timestamp="2018-09-02T12:46:24Z" user="TuanIfan" uid="625303" lat="20.9868301" lon="105.7965884"/>
 <node id="5875603163" visible="true" version="1" changeset="62218602" timestamp="2018-09-02T12:46:24Z" user="TuanIfan" uid="625303" lat="20.9889939" lon="105.7997392"/>
 <node id="5875603164" visible="true" version="1" changeset="62218602" timestamp="2018-09-02T12:46:24Z" user="TuanIfan" uid="625303" lat="20.9890189" lon="105.7997135"/>
 <node id="5875623874" visible="true" version="1" changeset="62219047" timestamp="2018-09-02T13:12:01Z" user="TuanIfan" uid="625303" lat="20.9666280" lon="105.7703657"/>
 <node id="5875623875" visible="true" version="1" changeset="62219047" timestamp="2018-09-02T13:12:01Z" user="TuanIfan" uid="625303" lat="20.9664665" lon="105.7701968"/>
 <node id="5875623876" visible="true" version="1" changeset="62219047" timestamp="2018-09-02T13:12:01Z" user="TuanIfan" uid="625303" lat="20.9664815" lon="105.7701713"/>
 <node id="5875623877" visible="true" version="1" changeset="62219047" timestamp="2018-09-02T13:12:01Z" user="TuanIfan" uid="625303" lat="20.9661040" lon="105.7697728"/>
 <node id="5875623878" visible="true" version="1" changeset="62219047" timestamp="2018-09-02T13:12:01Z" user="TuanIfan" uid="625303" lat="20.9661295" lon="105.7697516"/>
 <node id="5875623880" visible="true" version="7" changeset="161517899" timestamp="2025-01-19T10:02:42Z" user="Lepuse" uid="9560399" lat="20.9497960" lon="105.7484068">
  <tag k="name" v="Yên Nghĩa"/>
  <tag k="name:en" v="Yen Nghia"/>
  <tag k="name:vi-Hani" v="安義"/>
  <tag k="name:zh" v="安義"/>
  <tag k="name:zh-Hans" v="安义"/>
  <tag k="name:zh-Hant" v="安義"/>
  <tag k="network" v="Hanoi Metro"/>
  <tag k="operator" v="Công ty TNHH MTV Đường sắt Hà Nội"/>
  <tag k="public_transport" v="stop_position"/>
  <tag k="railway" v="stop"/>
  <tag k="ref" v="C12"/>
  <tag k="subway" v="yes"/>
 </node>
 <node id="5875636907" visible="true" version="1" changeset="62219303" timestamp="2018-09-02T13:27:20Z" user="TuanIfan" uid="625303" lat="20.9836819" lon="105.7916368"/>
 <node id="5875636908" visible="true" version="1" changeset="62219303" timestamp="2018-09-02T13:27:20Z" user="TuanIfan" uid="625303" lat="20.9834560" lon="105.7913363"/>
 <node id="5875636909" visible="true" version="1" changeset="62219303" timestamp="2018-09-02T13:27:20Z" user="TuanIfan" uid="625303" lat="20.9840820" lon="105.7907964"/>
 <node id="5875636910" visible="true" version="1" changeset="62219303" timestamp="2018-09-02T13:27:20Z" user="TuanIfan" uid="625303" lat="20.9843079" lon="105.7910969"/>
 <node id="5875636922" visible="true" version="2" changeset="150651115" timestamp="2024-04-29T08:41:19Z" user="vietnam321" uid="11196308" lat="20.9783974" lon="105.7921895"/>
 <node id="5875636923" visible="true" version="1" changeset="62219303" timestamp="2018-09-02T13:27:20Z" user="TuanIfan" uid="625303" lat="20.9796728" lon="105.7909986"/>
 <node id="5875636924" visible="true" version="1" changeset="62219303" timestamp="2018-09-02T13:27:20Z" user="TuanIfan" uid="625303" lat="20.9797554" lon="105.7911167"/>
 <node id="5875636925" visible="true" version="2" changeset="150651115" timestamp="2024-04-29T08:41:19Z" user="vietnam321" uid="11196308" lat="20.9801439" lon="105.7907914"/>
 <node id="5875636926" visible="true" version="2" changeset="150651115" timestamp="2024-04-29T08:41:19Z" user="vietnam321" uid="11196308" lat="20.9802434" lon="105.7909102"/>
 <node id="5875636927" visible="true" version="2" changeset="150651115" timestamp="2024-04-29T08:41:19Z" user="vietnam321" uid="11196308" lat="20.9815910" lon="105.7899673"/>
 <node id="5875636928" visible="true" version="4" changeset="155186798" timestamp="2024-08-13T09:48:27Z" user="phoenixsaigon1698" uid="3323343" lat="20.9817706" lon="105.7902136">
  <tag k="access" v="no"/>
  <tag k="barrier" v="gate"/>
 </node>
 <node id="5875636929" visible="true" version="2" changeset="150651115" timestamp="2024-04-29T08:41:19Z" user="vietnam321" uid="11196308" lat="20.9830929" lon="105.7918529"/>
 <node id="5875636930" visible="true" version="2" changeset="150651115" timestamp="2024-04-29T08:41:19Z" user="vietnam321" uid="11196308" lat="20.9811412" lon="105.7935642"/>
 <node id="5875636931" visible="true" version="2" changeset="150651115" timestamp="2024-04-29T08:41:19Z" user="vietnam321" uid="11196308" lat="20.9808182" lon="105.7931947"/>
 <node id="5875636932" visible="true" version="2" changeset="152060285" timestamp="2024-05-31T03:22:08Z" user="vietnam321" uid="11196308" lat="20.9798681" lon="105.7940309"/>
 <node id="5875636933" visible="true" version="1" changeset="62219303" timestamp="2018-09-02T13:27:20Z" user="TuanIfan" uid="625303" lat="20.9797854" lon="105.7939947"/>
 <node id="5875636934" visible="true" version="1" changeset="62219303" timestamp="2018-09-02T13:27:20Z" user="TuanIfan" uid="625303" lat="20.9797228" lon="105.7940242"/>
 <node id="5911113953" visible="true" version="1" changeset="62655000" timestamp="2018-09-17T07:33:26Z" user="Trường Lâm" uid="8832210" lat="20.9585727" lon="105.7600817"/>
 <node id="6134580891" visible="true" version="1" changeset="65434447" timestamp="2018-12-13T08:46:22Z" user="Vũ Yến" uid="9203444" lat="20.9820999" lon="105.7882489">
  <tag k="addr:housenumber" v="1A"/>
  <tag k="addr:street" v="Ngõ 4 ao sen"/>
  <tag k="name" v="Tuấn Hương"/>
  <tag k="shop" v="convenience"/>
 </node>
 <node id="6312842335" visible="true" version="1" changeset="67719182" timestamp="2019-03-02T17:28:16Z" user="Thành Nam" uid="4948595" lat="20.9758023" lon="105.7822349"/>
 <node id="6312842336" visible="true" version="1" changeset="67719182" timestamp="2019-03-02T17:28:16Z" user="Thành Nam" uid="4948595" lat="20.9757785" lon="105.7822605"/>
 <node id="6352370461" visible="true" version="2" changeset="139569418" timestamp="2023-08-07T14:52:11Z" user="phoenixsaigon1698" uid="3323343" lat="20.9865921" lon="105.7840789"/>
 <node id="6352370470" visible="true" version="4" changeset="154092337" timestamp="2024-07-18T09:42:31Z" user="phoenixsaigon1698" uid="3323343" lat="20.9890349" lon="105.7841529"/>
 <node id="6352370484" visible="true" version="3" changeset="139569418" timestamp="2023-08-07T14:52:11Z" user="phoenixsaigon1698" uid="3323343" lat="20.9864940" lon="105.7880557"/>
 <node id="6352370488" visible="true" version="2" changeset="139569418" timestamp="2023-08-07T14:52:11Z" user="phoenixsaigon1698" uid="3323343" lat="20.9854332" lon="105.7928814"/>
 <node id="6352370494" visible="true" version="2" changeset="139520326" timestamp="2023-08-06T15:18:38Z" user="Hoàng Tuấn Việt" uid="13707170" lat="20.9871055" lon="105.7838197"/>
 <node id="6352370510" visible="true" version="3" changeset="139569418" timestamp="2023-08-07T14:52:11Z" user="phoenixsaigon1698" uid="3323343" lat="20.9855189" lon="105.7869418"/>
 <node id="6352370518" visible="true" version="3" changeset="139569418" timestamp="2023-08-07T14:52:11Z" user="phoenixsaigon1698" uid="3323343" lat="20.9885820" lon="105.7857654"/>
 <node id="6352370529" visible="true" version="4" changeset="154092337" timestamp="2024-07-18T09:42:31Z" user="phoenixsaigon1698" uid="3323343" lat="20.9881802" lon="105.7864437"/>
 <node id="6352370532" visible="true" version="2" changeset="139569418" timestamp="2023-08-07T14:52:11Z" user="phoenixsaigon1698" uid="3323343" lat="20.9843837" lon="105.7931848"/>
 <node id="6352370554" visible="true" version="2" changeset="139569418" timestamp="2023-08-07T14:52:11Z" user="phoenixsaigon1698" uid="3323343" lat="20.9868821" lon="105.7882976"/>
 <node id="6352370575" visible="true" version="3" changeset="139569418" timestamp="2023-08-07T14:52:11Z" user="phoenixsaigon1698" uid="3323343" lat="20.9877465" lon="105.7861041"/>
 <node id="6415929823" visible="true" version="5" changeset="143313801" timestamp="2023-10-29T14:05:34Z" user="anhtthr1111" uid="20516180" lat="20.9828792" lon="105.7922755"/>
 <node id="6417220844" visible="true" version="3" changeset="152576953" timestamp="2024-06-12T08:52:50Z" user="phoenixsaigon1698" uid="3323343" lat="20.9868366" lon="105.7925443"/>
 <node id="6417220846" visible="true" version="2" changeset="152576953" timestamp="2024-06-12T08:52:50Z" user="phoenixsaigon1698" uid="3323343" lat="20.9868530" lon="105.7930638"/>
 <node id="6417227889" visible="true" version="2" changeset="153105689" timestamp="2024-06-24T10:37:33Z" user="openmap-vn" uid="21213273" lat="20.9829700" lon="105.7841794"/>
 <node id="6417227890" visible="true" version="1" changeset="69393994" timestamp="2019-04-20T03:51:07Z" user="Corban8" uid="4240913" lat="20.9834875" lon="105.7838276"/>
 <node id="6417227891" visible="true" version="2" changeset="144740340" timestamp="2023-12-04T05:12:59Z" user="Grab_Cong" uid="18820325" lat="20.9834030" lon="105.7840242"/>
 <node id="6417228443" visible="true" version="2" changeset="155495613" timestamp="2024-08-20T08:16:12Z" user="phoenixsaigon1698" uid="3323343" lat="20.9868006" lon="105.7808994"/>
 <node id="6417228444" visible="true" version="2" changeset="155495613" timestamp="2024-08-20T08:16:12Z" user="phoenixsaigon1698" uid="3323343" lat="20.9872051" lon="105.7815082"/>
 <node id="6417228445" visible="true" version="2" changeset="155495613" timestamp="2024-08-20T08:16:12Z" user="phoenixsaigon1698" uid="3323343" lat="20.9871606" lon="105.7806904"/>
 <node id="6417228446" visible="true" version="3" changeset="167126911" timestamp="2025-06-03T09:57:42Z" user="phoenixsaigon1698" uid="3323343" lat="20.9876804" lon="105.7809237"/>
 <node id="6417228447" visible="true" version="6" changeset="155495613" timestamp="2024-08-20T08:16:12Z" user="phoenixsaigon1698" uid="3323343" lat="20.9870047" lon="105.7810393"/>
 <node id="6417228448" visible="true" version="2" changeset="155495613" timestamp="2024-08-20T08:16:12Z" user="phoenixsaigon1698" uid="3323343" lat="20.9873885" lon="105.7816417"/>
 <node id="6417228449" visible="true" version="3" changeset="167126911" timestamp="2025-06-03T09:57:42Z" user="phoenixsaigon1698" uid="3323343" lat="20.9869708" lon="105.7805040"/>
 <node id="6417228450" visible="true" version="1" changeset="69393948" timestamp="2019-04-20T03:43:12Z" user="Corban8" uid="4240913" lat="20.9874817" lon="105.7808618"/>
 <node id="6417230901" visible="true" version="3" changeset="153105689" timestamp="2024-06-24T10:37:33Z" user="openmap-vn" uid="21213273" lat="20.9821462" lon="105.7890321">
  <tag k="noexit" v="yes"/>
 </node>
 <node id="6417230902" visible="true" version="2" changeset="153105689" timestamp="2024-06-24T10:37:33Z" user="openmap-vn" uid="21213273" lat="20.9834243" lon="105.7901629"/>
 <node id="6417230903" visible="true" version="2" changeset="153105689" timestamp="2024-06-24T10:37:33Z" user="openmap-vn" uid="21213273" lat="20.9837698" lon="105.7905881"/>
 <node id="6417235192" visible="true" version="2" changeset="106303173" timestamp="2021-06-14T03:40:26Z" user="go_vind" uid="11589191" lat="20.9845100" lon="105.7892006"/>
 <node id="6417235193" visible="true" version="2" changeset="179208517" timestamp="2026-03-01T13:28:06Z" user="Hung Tran 9x0" uid="20910140" lat="20.9836765" lon="105.7882318"/>
 <node id="6417241460" visible="true" version="2" changeset="154092337" timestamp="2024-07-18T09:42:31Z" user="phoenixsaigon1698" uid="3323343" lat="20.9825777" lon="105.7839211"/>
 <node id="6417241463" visible="true" version="3" changeset="179967402" timestamp="2026-03-16T19:06:44Z" user="ZioDragon" uid="13799024" lat="20.9828754" lon="105.7910013"/>
 <node id="6417241469" visible="true" version="1" changeset="69394216" timestamp="2019-04-20T04:22:23Z" user="Corban8" uid="4240913" lat="20.9832373" lon="105.7906288"/>
 <node id="6417241473" visible="true" version="3" changeset="164466222" timestamp="2025-04-03T13:46:31Z" user="ZioDragon" uid="13799024" lat="20.9821673" lon="105.7835351"/>
 <node id="6443155029" visible="true" version="1" changeset="69807022" timestamp="2019-05-02T14:29:34Z" user="Copernicus529" uid="9319354" lat="20.9817825" lon="105.7890835"/>
 <node id="6443155030" visible="true" version="1" changeset="69807022" timestamp="2019-05-02T14:29:34Z" user="Copernicus529" uid="9319354" lat="20.9819034" lon="105.7892868"/>
 <node id="6443155031" visible="true" version="1" changeset="69807022" timestamp="2019-05-02T14:29:34Z" user="Copernicus529" uid="9319354" lat="20.9822756" lon="105.7891871"/>
 <node id="6544472082" visible="true" version="7" changeset="161517899" timestamp="2025-01-19T10:02:42Z" user="Lepuse" uid="9560399" lat="20.9842949" lon="105.7930346">
  <tag k="name" v="Phùng Khoang"/>
  <tag k="name:en" v="Phung Khoang"/>
  <tag k="name:vi-Hani" v="馮珖"/>
  <tag k="name:zh" v="馮珖"/>
  <tag k="name:zh-Hans" v="冯珖"/>
  <tag k="name:zh-Hant" v="馮珖"/>
  <tag k="network" v="Hanoi Metro"/>
  <tag k="operator" v="Công ty TNHH MTV Đường sắt Hà Nội"/>
  <tag k="public_transport" v="stop_position"/>
  <tag k="railway" v="stop"/>
  <tag k="ref" v="C07"/>
  <tag k="subway" v="yes"/>
 </node>
 <node id="6544472083" visible="true" version="7" changeset="161517899" timestamp="2025-01-19T10:02:42Z" user="Lepuse" uid="9560399" lat="20.9777421" lon="105.7847620">
  <tag k="name" v="Văn Quán"/>
  <tag k="name:en" v="Van Quan"/>
  <tag k="name:vi-Hani" v="文館"/>
  <tag k="name:zh" v="文館"/>
  <tag k="name:zh-Hans" v="文馆"/>
  <tag k="name:zh-Hant" v="文館"/>
  <tag k="network" v="Hanoi Metro"/>
  <tag k="operator" v="Công ty TNHH MTV Đường sắt Hà Nội"/>
  <tag k="public_transport" v="stop_position"/>
  <tag k="railway" v="stop"/>
  <tag k="ref" v="C08"/>
  <tag k="subway" v="yes"/>
 </node>
 <node id="6544472084" visible="true" version="5" changeset="161517899" timestamp="2025-01-19T10:02:42Z" user="Lepuse" uid="9560399" lat="20.9702707" lon="105.7749863">
  <tag k="name" v="Hà Đông"/>
  <tag k="name:en" v="Ha Dong"/>
  <tag k="name:vi-Hani" v="河東"/>
  <tag k="name:zh" v="河東"/>
  <tag k="name:zh-Hans" v="河东"/>
  <tag k="name:zh-Hant" v="河東"/>
  <tag k="network" v="Hanoi Metro"/>
  <tag k="operator" v="Công ty TNHH MTV Đường sắt Hà Nội"/>
  <tag k="public_transport" v="stop_position"/>
  <tag k="railway" v="stop"/>
  <tag k="ref" v="C09"/>
  <tag k="subway" v="yes"/>
 </node>
 <node id="6544495085" visible="true" version="5" changeset="161517899" timestamp="2025-01-19T10:02:42Z" user="Lepuse" uid="9560399" lat="20.9556221" lon="105.7562116">
  <tag k="name" v="Văn Khê"/>
  <tag k="name:en" v="Van Khe"/>
  <tag k="name:vi-Hani" v="文溪"/>
  <tag k="name:zh" v="文溪"/>
  <tag k="name:zh-Hans" v="文溪"/>
  <tag k="name:zh-Hant" v="文溪"/>
  <tag k="network" v="Hanoi Metro"/>
  <tag k="operator" v="Công ty TNHH MTV Đường sắt Hà Nội"/>
  <tag k="public_transport" v="stop_position"/>
  <tag k="railway" v="stop"/>
  <tag k="ref" v="C11"/>
  <tag k="subway" v="yes"/>
 </node>
 <node id="6661487944" visible="true" version="2" changeset="179967402" timestamp="2026-03-16T19:06:44Z" user="ZioDragon" uid="13799024" lat="20.9797897" lon="105.7876076"/>
 <node id="6661487945" visible="true" version="2" changeset="179967402" timestamp="2026-03-16T19:06:44Z" user="ZioDragon" uid="13799024" lat="20.9799959" lon="105.7874005"/>
 <node id="6661649324" visible="true" version="2" changeset="179967402" timestamp="2026-03-16T19:06:44Z" user="ZioDragon" uid="13799024" lat="20.9817479" lon="105.7900328">
  <tag k="highway" v="traffic_signals"/>
 </node>
 <node id="6661649325" visible="true" version="2" changeset="150651115" timestamp="2024-04-29T08:41:19Z" user="vietnam321" uid="11196308" lat="20.9814256" lon="105.7899480"/>
 <node id="6661649326" visible="true" version="2" changeset="150651115" timestamp="2024-04-29T08:41:19Z" user="vietnam321" uid="11196308" lat="20.9814640" lon="105.7897970"/>
 <node id="6661649327" visible="true" version="2" changeset="150651115" timestamp="2024-04-29T08:41:19Z" user="vietnam321" uid="11196308" lat="20.9813726" lon="105.7898842"/>
 <node id="6661649328" visible="true" version="3" changeset="179967402" timestamp="2026-03-16T19:06:44Z" user="ZioDragon" uid="13799024" lat="20.9808540" lon="105.7884587">
  <tag k="crossing" v="uncontrolled"/>
  <tag k="highway" v="crossing"/>
 </node>
 <node id="6661649329" visible="true" version="2" changeset="179967402" timestamp="2026-03-16T19:06:44Z" user="ZioDragon" uid="13799024" lat="20.9806401" lon="105.7886561">
  <tag k="crossing" v="uncontrolled"/>
  <tag k="highway" v="crossing"/>
 </node>
 <node id="6677230864" visible="true" version="2" changeset="179967402" timestamp="2026-03-16T19:06:44Z" user="ZioDragon" uid="13799024" lat="20.9821724" lon="105.7901041">
  <tag k="highway" v="traffic_signals"/>
 </node>
 <node id="6819506958" visible="true" version="4" changeset="161517899" timestamp="2025-01-19T10:02:42Z" user="Lepuse" uid="9560399" lat="20.9497634" lon="105.7484438">
  <tag k="name" v="Yên Nghĩa"/>
  <tag k="name:en" v="Yen Nghia"/>
  <tag k="name:vi-Hani" v="安義"/>
  <tag k="name:zh" v="安義"/>
  <tag k="name:zh-Hans" v="安义"/>
  <tag k="name:zh-Hant" v="安義"/>
  <tag k="network" v="Hanoi Metro"/>
  <tag k="operator" v="Công ty TNHH MTV Đường sắt Hà Nội"/>
  <tag k="public_transport" v="stop_position"/>
  <tag k="railway" v="stop"/>
  <tag k="ref" v="C12"/>
  <tag k="subway" v="yes"/>
 </node>
 <node id="6819506959" visible="true" version="4" changeset="161517899" timestamp="2025-01-19T10:02:42Z" user="Lepuse" uid="9560399" lat="20.9556553" lon="105.7561830">
  <tag k="name" v="Văn Khê"/>
  <tag k="name:en" v="Van Khe"/>
  <tag k="name:vi-Hani" v="文溪"/>
  <tag k="name:zh" v="文溪"/>
  <tag k="name:zh-Hans" v="文溪"/>
  <tag k="name:zh-Hant" v="文溪"/>
  <tag k="network" v="Hanoi Metro"/>
  <tag k="operator" v="Công ty TNHH MTV Đường sắt Hà Nội"/>
  <tag k="public_transport" v="stop_position"/>
  <tag k="railway" v="stop"/>
  <tag k="ref" v="C11"/>
  <tag k="subway" v="yes"/>
 </node>
 <node id="6819506960" visible="true" version="6" changeset="161517899" timestamp="2025-01-19T10:02:42Z" user="Lepuse" uid="9560399" lat="20.9638428" lon="105.7667964">
  <tag k="name" v="La Khê"/>
  <tag k="name:en" v="La Khe"/>
  <tag k="name:vi-Hani" v="羅溪"/>
  <tag k="name:zh" v="羅溪"/>
  <tag k="name:zh-Hans" v="罗溪"/>
  <tag k="name:zh-Hant" v="羅溪"/>
  <tag k="network" v="Hanoi Metro"/>
  <tag k="operator" v="Công ty TNHH MTV Đường sắt Hà Nội"/>
  <tag k="public_transport" v="stop_position"/>
  <tag k="railway" v="stop"/>
  <tag k="ref" v="C10"/>
  <tag k="subway" v="yes"/>
 </node>
 <node id="6819506961" visible="true" version="5" changeset="161517899" timestamp="2025-01-19T10:02:42Z" user="Lepuse" uid="9560399" lat="20.9638218" lon="105.7668214">
  <tag k="name" v="La Khê"/>
  <tag k="name:en" v="La Khe"/>
  <tag k="name:vi-Hani" v="羅溪"/>
  <tag k="name:zh" v="羅溪"/>
  <tag k="name:zh-Hans" v="罗溪"/>
  <tag k="name:zh-Hant" v="羅溪"/>
  <tag k="network" v="Hanoi Metro"/>
  <tag k="operator" v="Công ty TNHH MTV Đường sắt Hà Nội"/>
  <tag k="public_transport" v="stop_position"/>
  <tag k="railway" v="stop"/>
  <tag k="ref" v="C10"/>
  <tag k="subway" v="yes"/>
 </node>
 <node id="6819506962" visible="true" version="4" changeset="161517899" timestamp="2025-01-19T10:02:42Z" user="Lepuse" uid="9560399" lat="20.9702497" lon="105.7750059">
  <tag k="name" v="Hà Đông"/>
  <tag k="name:en" v="Ha Dong"/>
  <tag k="name:vi-Hani" v="河東"/>
  <tag k="name:zh" v="河東"/>
  <tag k="name:zh-Hans" v="河东"/>
  <tag k="name:zh-Hant" v="河東"/>
  <tag k="network" v="Hanoi Metro"/>
  <tag k="operator" v="Công ty TNHH MTV Đường sắt Hà Nội"/>
  <tag k="public_transport" v="stop_position"/>
  <tag k="railway" v="stop"/>
  <tag k="ref" v="C09"/>
  <tag k="subway" v="yes"/>
 </node>
 <node id="6819506963" visible="true" version="6" changeset="161517899" timestamp="2025-01-19T10:02:42Z" user="Lepuse" uid="9560399" lat="20.9777105" lon="105.7847894">
  <tag k="name" v="Văn Quán"/>
  <tag k="name:en" v="Van Quan"/>
  <tag k="name:vi-Hani" v="文館"/>
  <tag k="name:zh" v="文館"/>
  <tag k="name:zh-Hans" v="文馆"/>
  <tag k="name:zh-Hant" v="文館"/>
  <tag k="network" v="Hanoi Metro"/>
  <tag k="operator" v="Công ty TNHH MTV Đường sắt Hà Nội"/>
  <tag k="public_transport" v="stop_position"/>
  <tag k="railway" v="stop"/>
  <tag k="ref" v="C08"/>
  <tag k="subway" v="yes"/>
 </node>
 <node id="6819506964" visible="true" version="6" changeset="161517899" timestamp="2025-01-19T10:02:42Z" user="Lepuse" uid="9560399" lat="20.9842637" lon="105.7930607">
  <tag k="name" v="Phùng Khoang"/>
  <tag k="name:en" v="Phung Khoang"/>
  <tag k="name:vi-Hani" v="馮珖"/>
  <tag k="name:zh" v="馮珖"/>
  <tag k="name:zh-Hans" v="冯珖"/>
  <tag k="name:zh-Hant" v="馮珖"/>
  <tag k="network" v="Hanoi Metro"/>
  <tag k="operator" v="Công ty TNHH MTV Đường sắt Hà Nội"/>
  <tag k="public_transport" v="stop_position"/>
  <tag k="railway" v="stop"/>
  <tag k="ref" v="C07"/>
  <tag k="subway" v="yes"/>
 </node>
 <node id="7053856953" visible="true" version="2" changeset="144889286" timestamp="2023-12-08T06:29:14Z" user="ItsLouisAnderson" uid="11691953" lat="20.9849949" lon="105.7804518"/>
 <node id="7053856954" visible="true" version="2" changeset="144889286" timestamp="2023-12-08T06:29:14Z" user="ItsLouisAnderson" uid="11691953" lat="20.9849984" lon="105.7805201"/>
 <node id="7053856955" visible="true" version="2" changeset="144889286" timestamp="2023-12-08T06:29:14Z" user="ItsLouisAnderson" uid="11691953" lat="20.9847824" lon="105.7807116"/>
 <node id="7053856956" visible="true" version="2" changeset="144889286" timestamp="2023-12-08T06:29:14Z" user="ItsLouisAnderson" uid="11691953" lat="20.9844158" lon="105.7803626"/>
 <node id="7053856957" visible="true" version="2" changeset="144889286" timestamp="2023-12-08T06:29:14Z" user="ItsLouisAnderson" uid="11691953" lat="20.9843822" lon="105.7804006"/>
 <node id="7053856958" visible="true" version="2" changeset="144889286" timestamp="2023-12-08T06:29:14Z" user="ItsLouisAnderson" uid="11691953" lat="20.9844105" lon="105.7804309"/>
 <node id="7053856959" visible="true" version="2" changeset="144889286" timestamp="2023-12-08T06:29:14Z" user="ItsLouisAnderson" uid="11691953" lat="20.9843840" lon="105.7804575"/>
 <node id="7053856960" visible="true" version="2" changeset="144889286" timestamp="2023-12-08T06:29:14Z" user="ItsLouisAnderson" uid="11691953" lat="20.9847434" lon="105.7808235"/>
 <node id="7053856961" visible="true" version="2" changeset="144889286" timestamp="2023-12-08T06:29:14Z" user="ItsLouisAnderson" uid="11691953" lat="20.9847806" lon="105.7807951"/>
 <node id="7053856962" visible="true" version="2" changeset="144889286" timestamp="2023-12-08T06:29:14Z" user="ItsLouisAnderson" uid="11691953" lat="20.9848019" lon="105.7808197"/>
 <node id="7053856963" visible="true" version="2" changeset="144889286" timestamp="2023-12-08T06:29:14Z" user="ItsLouisAnderson" uid="11691953" lat="20.9851082" lon="105.7805637"/>
 <node id="7053856964" visible="true" version="2" changeset="144889286" timestamp="2023-12-08T06:29:14Z" user="ItsLouisAnderson" uid="11691953" lat="20.9851135" lon="105.7804954"/>
 <node id="7053856965" visible="true" version="2" changeset="144889286" timestamp="2023-12-08T06:29:14Z" user="ItsLouisAnderson" uid="11691953" lat="20.9850799" lon="105.7804157"/>
 <node id="7053856966" visible="true" version="2" changeset="137375133" timestamp="2023-06-15T14:50:13Z" user="vietnam321" uid="11196308" lat="20.9858621" lon="105.7809692"/>
 <node id="7053856967" visible="true" version="2" changeset="137375133" timestamp="2023-06-15T14:50:13Z" user="vietnam321" uid="11196308" lat="20.9858333" lon="105.7810714"/>
 <node id="7053856968" visible="true" version="2" changeset="137375133" timestamp="2023-06-15T14:50:13Z" user="vietnam321" uid="11196308" lat="20.9858326" lon="105.7817039"/>
 <node id="7053856969" visible="true" version="2" changeset="137375133" timestamp="2023-06-15T14:50:13Z" user="vietnam321" uid="11196308" lat="20.9859900" lon="105.7817041"/>
 <node id="7053856970" visible="true" version="2" changeset="137375133" timestamp="2023-06-15T14:50:13Z" user="vietnam321" uid="11196308" lat="20.9859909" lon="105.7810449"/>
 <node id="7053856971" visible="true" version="2" changeset="137375133" timestamp="2023-06-15T14:50:13Z" user="vietnam321" uid="11196308" lat="20.9859555" lon="105.7809994"/>
 <node id="7053856972" visible="true" version="2" changeset="137375133" timestamp="2023-06-15T14:50:13Z" user="vietnam321" uid="11196308" lat="20.9858093" lon="105.7809708"/>
 <node id="7053856973" visible="true" version="2" changeset="137375133" timestamp="2023-06-15T14:50:13Z" user="vietnam321" uid="11196308" lat="20.9857545" lon="105.7811220"/>
 <node id="7053856974" visible="true" version="2" changeset="137375133" timestamp="2023-06-15T14:50:13Z" user="vietnam321" uid="11196308" lat="20.9854203" lon="105.7809831"/>
 <node id="7053856975" visible="true" version="2" changeset="137375133" timestamp="2023-06-15T14:50:13Z" user="vietnam321" uid="11196308" lat="20.9850976" lon="105.7812769"/>
 <node id="7053856976" visible="true" version="2" changeset="137375133" timestamp="2023-06-15T14:50:13Z" user="vietnam321" uid="11196308" lat="20.9850165" lon="105.7811747"/>
 <node id="7053856977" visible="true" version="2" changeset="137375133" timestamp="2023-06-15T14:50:13Z" user="vietnam321" uid="11196308" lat="20.9850218" lon="105.7811197"/>
 <node id="7053856978" visible="true" version="2" changeset="137375133" timestamp="2023-06-15T14:50:13Z" user="vietnam321" uid="11196308" lat="20.9853512" lon="105.7808219"/>
 <node id="7053856979" visible="true" version="2" changeset="137375133" timestamp="2023-06-15T14:50:13Z" user="vietnam321" uid="11196308" lat="20.9854557" lon="105.7808238"/>
 <node id="7053856980" visible="true" version="2" changeset="137375133" timestamp="2023-06-15T14:50:13Z" user="vietnam321" uid="11196308" lat="20.9858523" lon="105.7817720"/>
 <node id="7053856981" visible="true" version="2" changeset="137375133" timestamp="2023-06-15T14:50:13Z" user="vietnam321" uid="11196308" lat="20.9859782" lon="105.7817724"/>
 <node id="7053856982" visible="true" version="2" changeset="137375133" timestamp="2023-06-15T14:50:13Z" user="vietnam321" uid="11196308" lat="20.9859775" lon="105.7820351"/>
 <node id="7053856983" visible="true" version="2" changeset="137375133" timestamp="2023-06-15T14:50:13Z" user="vietnam321" uid="11196308" lat="20.9859562" lon="105.7821034"/>
 <node id="7053856984" visible="true" version="2" changeset="137375133" timestamp="2023-06-15T14:50:13Z" user="vietnam321" uid="11196308" lat="20.9858287" lon="105.7821660"/>
 <node id="7053876465" visible="true" version="2" changeset="144889286" timestamp="2023-12-08T06:29:14Z" user="ItsLouisAnderson" uid="11691953" lat="20.9824561" lon="105.7811330"/>
 <node id="7053876466" visible="true" version="2" changeset="144889286" timestamp="2023-12-08T06:29:14Z" user="ItsLouisAnderson" uid="11691953" lat="20.9825894" lon="105.7813860"/>
 <node id="7053876467" visible="true" version="2" changeset="144889286" timestamp="2023-12-08T06:29:14Z" user="ItsLouisAnderson" uid="11691953" lat="20.9825153" lon="105.7814308"/>
 <node id="7053876468" visible="true" version="2" changeset="144889286" timestamp="2023-12-08T06:29:14Z" user="ItsLouisAnderson" uid="11691953" lat="20.9823820" lon="105.7811778"/>
 <node id="7053882785" visible="true" version="2" changeset="137375133" timestamp="2023-06-15T14:50:13Z" user="vietnam321" uid="11196308" lat="20.9857508" lon="105.7821489"/>
 <node id="7053882786" visible="true" version="2" changeset="137375133" timestamp="2023-06-15T14:50:13Z" user="vietnam321" uid="11196308" lat="20.9851204" lon="105.7813297"/>
 <node id="7053882787" visible="true" version="2" changeset="137375133" timestamp="2023-06-15T14:50:13Z" user="vietnam321" uid="11196308" lat="20.9852467" lon="105.7812182"/>
 <node id="7053882788" visible="true" version="2" changeset="137375133" timestamp="2023-06-15T14:50:13Z" user="vietnam321" uid="11196308" lat="20.9857898" lon="105.7819238"/>
 <node id="7053882789" visible="true" version="2" changeset="137375133" timestamp="2023-06-15T14:50:13Z" user="vietnam321" uid="11196308" lat="20.9857732" lon="105.7819385"/>
 <node id="7053882790" visible="true" version="2" changeset="137375133" timestamp="2023-06-15T14:50:13Z" user="vietnam321" uid="11196308" lat="20.9858344" lon="105.7820181"/>
 <node id="7053882791" visible="true" version="2" changeset="137375133" timestamp="2023-06-15T14:50:13Z" user="vietnam321" uid="11196308" lat="20.9858517" lon="105.7820029"/>
 <node id="7053882792" visible="true" version="1" changeset="78357641" timestamp="2019-12-13T07:51:18Z" user="Le Duong" uid="6531908" lat="20.9859908" lon="105.7823703"/>
 <node id="7053882793" visible="true" version="1" changeset="78357641" timestamp="2019-12-13T07:51:18Z" user="Le Duong" uid="6531908" lat="20.9864477" lon="105.7829601"/>
 <node id="7053882794" visible="true" version="1" changeset="78357641" timestamp="2019-12-13T07:51:18Z" user="Le Duong" uid="6531908" lat="20.9864884" lon="105.7828387"/>
 <node id="7053882795" visible="true" version="1" changeset="78357641" timestamp="2019-12-13T07:51:18Z" user="Le Duong" uid="6531908" lat="20.9864795" lon="105.7828160"/>
 <node id="7053882796" visible="true" version="1" changeset="78357641" timestamp="2019-12-13T07:51:18Z" user="Le Duong" uid="6531908" lat="20.9865362" lon="105.7827610"/>
 <node id="7053882797" visible="true" version="1" changeset="78357641" timestamp="2019-12-13T07:51:18Z" user="Le Duong" uid="6531908" lat="20.9865149" lon="105.7827325"/>
 <node id="7053882798" visible="true" version="1" changeset="78357641" timestamp="2019-12-13T07:51:18Z" user="Le Duong" uid="6531908" lat="20.9865415" lon="105.7826965"/>
 <node id="7053882799" visible="true" version="1" changeset="78357641" timestamp="2019-12-13T07:51:18Z" user="Le Duong" uid="6531908" lat="20.9864406" lon="105.7825561"/>
 <node id="7053882800" visible="true" version="1" changeset="78357641" timestamp="2019-12-13T07:51:18Z" user="Le Duong" uid="6531908" lat="20.9863981" lon="105.7825884"/>
 <node id="7053882801" visible="true" version="1" changeset="78357641" timestamp="2019-12-13T07:51:18Z" user="Le Duong" uid="6531908" lat="20.9863219" lon="105.7824917"/>
 <node id="7053882802" visible="true" version="1" changeset="78357641" timestamp="2019-12-13T07:51:18Z" user="Le Duong" uid="6531908" lat="20.9863627" lon="105.7824556"/>
 <node id="7053882803" visible="true" version="1" changeset="78357641" timestamp="2019-12-13T07:51:18Z" user="Le Duong" uid="6531908" lat="20.9862476" lon="105.7823210"/>
 <node id="7053882804" visible="true" version="1" changeset="78357641" timestamp="2019-12-13T07:51:18Z" user="Le Duong" uid="6531908" lat="20.9862157" lon="105.7823437"/>
 <node id="7053882805" visible="true" version="1" changeset="78357641" timestamp="2019-12-13T07:51:18Z" user="Le Duong" uid="6531908" lat="20.9861891" lon="105.7823210"/>
 <node id="7053882806" visible="true" version="1" changeset="78357641" timestamp="2019-12-13T07:51:18Z" user="Le Duong" uid="6531908" lat="20.9861342" lon="105.7823760"/>
 <node id="7053882807" visible="true" version="1" changeset="78357641" timestamp="2019-12-13T07:51:18Z" user="Le Duong" uid="6531908" lat="20.9861006" lon="105.7823475"/>
 <node id="7053915268" visible="true" version="1" changeset="78358894" timestamp="2019-12-13T08:15:55Z" user="Le Duong" uid="6531908" lat="20.9862425" lon="105.7867315"/>
 <node id="7053915269" visible="true" version="1" changeset="78358894" timestamp="2019-12-13T08:15:55Z" user="Le Duong" uid="6531908" lat="20.9862488" lon="105.7869063"/>
 <node id="7053915270" visible="true" version="1" changeset="78358894" timestamp="2019-12-13T08:15:55Z" user="Le Duong" uid="6531908" lat="20.9863510" lon="105.7868961"/>
 <node id="7053915271" visible="true" version="1" changeset="78358894" timestamp="2019-12-13T08:15:55Z" user="Le Duong" uid="6531908" lat="20.9863447" lon="105.7867642"/>
 <node id="7053915272" visible="true" version="1" changeset="78358894" timestamp="2019-12-13T08:15:55Z" user="Le Duong" uid="6531908" lat="20.9863973" lon="105.7867676"/>
 <node id="7053915273" visible="true" version="1" changeset="78358894" timestamp="2019-12-13T08:15:55Z" user="Le Duong" uid="6531908" lat="20.9864584" lon="105.7867822"/>
 <node id="7053915274" visible="true" version="1" changeset="78358894" timestamp="2019-12-13T08:15:55Z" user="Le Duong" uid="6531908" lat="20.9864710" lon="105.7868849"/>
 <node id="7053915275" visible="true" version="1" changeset="78358894" timestamp="2019-12-13T08:15:55Z" user="Le Duong" uid="6531908" lat="20.9864363" lon="105.7868882"/>
 <node id="7053915276" visible="true" version="1" changeset="78358894" timestamp="2019-12-13T08:15:55Z" user="Le Duong" uid="6531908" lat="20.9864436" lon="105.7869435"/>
 <node id="7053915277" visible="true" version="1" changeset="78358894" timestamp="2019-12-13T08:15:55Z" user="Le Duong" uid="6531908" lat="20.9864689" lon="105.7869390"/>
 <node id="7053915278" visible="true" version="1" changeset="78358894" timestamp="2019-12-13T08:15:55Z" user="Le Duong" uid="6531908" lat="20.9864794" lon="105.7870506"/>
 <node id="7053915279" visible="true" version="1" changeset="78358894" timestamp="2019-12-13T08:15:55Z" user="Le Duong" uid="6531908" lat="20.9864594" lon="105.7870574"/>
 <node id="7053915280" visible="true" version="1" changeset="78358894" timestamp="2019-12-13T08:15:55Z" user="Le Duong" uid="6531908" lat="20.9864657" lon="105.7871228"/>
 <node id="7053915281" visible="true" version="1" changeset="78358894" timestamp="2019-12-13T08:15:55Z" user="Le Duong" uid="6531908" lat="20.9864900" lon="105.7871160"/>
 <node id="7053915282" visible="true" version="1" changeset="78358894" timestamp="2019-12-13T08:15:55Z" user="Le Duong" uid="6531908" lat="20.9865026" lon="105.7872243"/>
 <node id="7053915283" visible="true" version="1" changeset="78358894" timestamp="2019-12-13T08:15:55Z" user="Le Duong" uid="6531908" lat="20.9863889" lon="105.7872570"/>
 <node id="7053915284" visible="true" version="1" changeset="78358894" timestamp="2019-12-13T08:15:55Z" user="Le Duong" uid="6531908" lat="20.9863784" lon="105.7871160"/>
 <node id="7053920034" visible="true" version="1" changeset="78359031" timestamp="2019-12-13T08:18:18Z" user="Le Duong" uid="6531908" lat="20.9865820" lon="105.7830502"/>
 <node id="7053920035" visible="true" version="1" changeset="78359031" timestamp="2019-12-13T08:18:18Z" user="Le Duong" uid="6531908" lat="20.9866559" lon="105.7828289"/>
 <node id="7053920036" visible="true" version="1" changeset="78359031" timestamp="2019-12-13T08:18:18Z" user="Le Duong" uid="6531908" lat="20.9867360" lon="105.7826546"/>
 <node id="7053920037" visible="true" version="1" changeset="78359031" timestamp="2019-12-13T08:18:18Z" user="Le Duong" uid="6531908" lat="20.9868638" lon="105.7824400"/>
 <node id="7053920038" visible="true" version="1" changeset="78359031" timestamp="2019-12-13T08:18:18Z" user="Le Duong" uid="6531908" lat="20.9870528" lon="105.7825379"/>
 <node id="7053920039" visible="true" version="1" changeset="78359031" timestamp="2019-12-13T08:18:18Z" user="Le Duong" uid="6531908" lat="20.9870315" lon="105.7825701"/>
 <node id="7053920040" visible="true" version="1" changeset="78359031" timestamp="2019-12-13T08:18:18Z" user="Le Duong" uid="6531908" lat="20.9870666" lon="105.7825942"/>
 <node id="7053920041" visible="true" version="1" changeset="78359031" timestamp="2019-12-13T08:18:18Z" user="Le Duong" uid="6531908" lat="20.9869264" lon="105.7828423"/>
 <node id="7053920042" visible="true" version="1" changeset="78359031" timestamp="2019-12-13T08:18:18Z" user="Le Duong" uid="6531908" lat="20.9869013" lon="105.7828329"/>
 <node id="7053920043" visible="true" version="1" changeset="78359031" timestamp="2019-12-13T08:18:18Z" user="Le Duong" uid="6531908" lat="20.9868550" lon="105.7829510"/>
 <node id="7053920044" visible="true" version="1" changeset="78359031" timestamp="2019-12-13T08:18:18Z" user="Le Duong" uid="6531908" lat="20.9868700" lon="105.7829617"/>
 <node id="7053920045" visible="true" version="1" changeset="78359031" timestamp="2019-12-13T08:18:18Z" user="Le Duong" uid="6531908" lat="20.9867536" lon="105.7832286"/>
 <node id="7053920046" visible="true" version="1" changeset="78359031" timestamp="2019-12-13T08:18:18Z" user="Le Duong" uid="6531908" lat="20.9867248" lon="105.7831521"/>
 <node id="7053920047" visible="true" version="3" changeset="152477693" timestamp="2024-06-10T04:18:06Z" user="vietnam321" uid="11196308" lat="20.9850960" lon="105.7827206"/>
 <node id="7053920048" visible="true" version="3" changeset="152477693" timestamp="2024-06-10T04:18:06Z" user="vietnam321" uid="11196308" lat="20.9854406" lon="105.7831513"/>
 <node id="7053920049" visible="true" version="3" changeset="152477693" timestamp="2024-06-10T04:18:06Z" user="vietnam321" uid="11196308" lat="20.9849989" lon="105.7835565"/>
 <node id="7053920051" visible="true" version="3" changeset="152477693" timestamp="2024-06-10T04:18:06Z" user="vietnam321" uid="11196308" lat="20.9848784" lon="105.7835260"/>
 <node id="7053920052" visible="true" version="3" changeset="152477693" timestamp="2024-06-10T04:18:06Z" user="vietnam321" uid="11196308" lat="20.9848684" lon="105.7834539"/>
 <node id="7053920053" visible="true" version="3" changeset="152477693" timestamp="2024-06-10T04:18:06Z" user="vietnam321" uid="11196308" lat="20.9848164" lon="105.7835004"/>
 <node id="7053920054" visible="true" version="3" changeset="152477693" timestamp="2024-06-10T04:18:06Z" user="vietnam321" uid="11196308" lat="20.9845757" lon="105.7831916"/>
 <node id="7053920055" visible="true" version="3" changeset="152477693" timestamp="2024-06-10T04:18:06Z" user="vietnam321" uid="11196308" lat="20.9846453" lon="105.7831293"/>
 <node id="7053920056" visible="true" version="3" changeset="152477693" timestamp="2024-06-10T04:18:06Z" user="vietnam321" uid="11196308" lat="20.9849283" lon="105.7834919"/>
 <node id="7053920057" visible="true" version="3" changeset="152477693" timestamp="2024-06-10T04:18:06Z" user="vietnam321" uid="11196308" lat="20.9850971" lon="105.7833601"/>
 <node id="7053920058" visible="true" version="3" changeset="152477693" timestamp="2024-06-10T04:18:06Z" user="vietnam321" uid="11196308" lat="20.9850823" lon="105.7833417"/>
 <node id="7053920059" visible="true" version="3" changeset="152477693" timestamp="2024-06-10T04:18:06Z" user="vietnam321" uid="11196308" lat="20.9851539" lon="105.7832760"/>
 <node id="7053920060" visible="true" version="3" changeset="152477693" timestamp="2024-06-10T04:18:06Z" user="vietnam321" uid="11196308" lat="20.9851699" lon="105.7832959"/>
 <node id="7053920061" visible="true" version="3" changeset="152477693" timestamp="2024-06-10T04:18:06Z" user="vietnam321" uid="11196308" lat="20.9853321" lon="105.7831469"/>
 <node id="7053920062" visible="true" version="3" changeset="152477693" timestamp="2024-06-10T04:18:06Z" user="vietnam321" uid="11196308" lat="20.9850355" lon="105.7827762"/>
 <node id="7053920063" visible="true" version="3" changeset="152477693" timestamp="2024-06-10T04:18:06Z" user="vietnam321" uid="11196308" lat="20.9853385" lon="105.7826823"/>
 <node id="7053920064" visible="true" version="3" changeset="152477693" timestamp="2024-06-10T04:18:06Z" user="vietnam321" uid="11196308" lat="20.9854987" lon="105.7828971"/>
 <node id="7053920065" visible="true" version="3" changeset="152477693" timestamp="2024-06-10T04:18:06Z" user="vietnam321" uid="11196308" lat="20.9853952" lon="105.7829857"/>
 <node id="7053920066" visible="true" version="3" changeset="152477693" timestamp="2024-06-10T04:18:06Z" user="vietnam321" uid="11196308" lat="20.9852350" lon="105.7827709"/>
 <node id="7053920067" visible="true" version="2" changeset="110278194" timestamp="2021-08-26T10:15:35Z" user="vietnam321" uid="11196308" lat="20.9853108" lon="105.7834583"/>
 <node id="7053920068" visible="true" version="2" changeset="110278194" timestamp="2021-08-26T10:15:35Z" user="vietnam321" uid="11196308" lat="20.9855205" lon="105.7837223"/>
 <node id="7053920069" visible="true" version="2" changeset="110278194" timestamp="2021-08-26T10:15:35Z" user="vietnam321" uid="11196308" lat="20.9854225" lon="105.7838117"/>
 <node id="7053920070" visible="true" version="2" changeset="110278194" timestamp="2021-08-26T10:15:35Z" user="vietnam321" uid="11196308" lat="20.9852127" lon="105.7835477"/>
 <node id="7053920071" visible="true" version="2" changeset="110278194" timestamp="2021-08-26T10:15:35Z" user="vietnam321" uid="11196308" lat="20.9853338" lon="105.7838090"/>
 <node id="7053920072" visible="true" version="2" changeset="110278194" timestamp="2021-08-26T10:15:35Z" user="vietnam321" uid="11196308" lat="20.9855043" lon="105.7840215"/>
 <node id="7053920073" visible="true" version="2" changeset="110278194" timestamp="2021-08-26T10:15:35Z" user="vietnam321" uid="11196308" lat="20.9853995" lon="105.7841180"/>
 <node id="7053920074" visible="true" version="2" changeset="110278194" timestamp="2021-08-26T10:15:35Z" user="vietnam321" uid="11196308" lat="20.9852290" lon="105.7839055"/>
 <node id="7053920075" visible="true" version="2" changeset="110278194" timestamp="2021-08-26T10:15:35Z" user="vietnam321" uid="11196308" lat="20.9851107" lon="105.7835659"/>
 <node id="7053920076" visible="true" version="2" changeset="110278194" timestamp="2021-08-26T10:15:35Z" user="vietnam321" uid="11196308" lat="20.9852628" lon="105.7837523"/>
 <node id="7053920077" visible="true" version="2" changeset="110278194" timestamp="2021-08-26T10:15:35Z" user="vietnam321" uid="11196308" lat="20.9852024" lon="105.7838088"/>
 <node id="7053920078" visible="true" version="2" changeset="110278194" timestamp="2021-08-26T10:15:35Z" user="vietnam321" uid="11196308" lat="20.9851019" lon="105.7836856"/>
 <node id="7053921385" visible="true" version="1" changeset="78358894" timestamp="2019-12-13T08:15:55Z" user="Le Duong" uid="6531908" lat="20.9862762" lon="105.7871352"/>
 <node id="7053921386" visible="true" version="1" changeset="78358894" timestamp="2019-12-13T08:15:55Z" user="Le Duong" uid="6531908" lat="20.9862815" lon="105.7872886"/>
 <node id="7053921387" visible="true" version="1" changeset="78358894" timestamp="2019-12-13T08:15:55Z" user="Le Duong" uid="6531908" lat="20.9861899" lon="105.7873111"/>
 <node id="7053921388" visible="true" version="1" changeset="78358894" timestamp="2019-12-13T08:15:55Z" user="Le Duong" uid="6531908" lat="20.9861688" lon="105.7870833"/>
 <node id="7053921389" visible="true" version="1" changeset="78358894" timestamp="2019-12-13T08:15:55Z" user="Le Duong" uid="6531908" lat="20.9861351" lon="105.7870901"/>
 <node id="7053921390" visible="true" version="1" changeset="78358894" timestamp="2019-12-13T08:15:55Z" user="Le Duong" uid="6531908" lat="20.9861246" lon="105.7869751"/>
 <node id="7053921391" visible="true" version="1" changeset="78358894" timestamp="2019-12-13T08:15:55Z" user="Le Duong" uid="6531908" lat="20.9861562" lon="105.7869683"/>
 <node id="7053921392" visible="true" version="1" changeset="78358894" timestamp="2019-12-13T08:15:55Z" user="Le Duong" uid="6531908" lat="20.9861414" lon="105.7867382"/>
 <node id="7053921393" visible="true" version="1" changeset="78358894" timestamp="2019-12-13T08:15:55Z" user="Le Duong" uid="6531908" lat="20.9867814" lon="105.7862622"/>
 <node id="7053921394" visible="true" version="1" changeset="78358894" timestamp="2019-12-13T08:15:55Z" user="Le Duong" uid="6531908" lat="20.9867326" lon="105.7864259"/>
 <node id="7053921395" visible="true" version="1" changeset="78358894" timestamp="2019-12-13T08:15:55Z" user="Le Duong" uid="6531908" lat="20.9866850" lon="105.7864098"/>
 <node id="7053921396" visible="true" version="1" changeset="78358894" timestamp="2019-12-13T08:15:55Z" user="Le Duong" uid="6531908" lat="20.9866462" lon="105.7865184"/>
 <node id="7053921397" visible="true" version="1" changeset="78358894" timestamp="2019-12-13T08:15:55Z" user="Le Duong" uid="6531908" lat="20.9866912" lon="105.7865425"/>
 <node id="7053921398" visible="true" version="1" changeset="78358894" timestamp="2019-12-13T08:15:55Z" user="Le Duong" uid="6531908" lat="20.9866349" lon="105.7866968"/>
 <node id="7053921399" visible="true" version="1" changeset="78358894" timestamp="2019-12-13T08:15:55Z" user="Le Duong" uid="6531908" lat="20.9865260" lon="105.7866552"/>
 <node id="7053921400" visible="true" version="1" changeset="78358894" timestamp="2019-12-13T08:15:55Z" user="Le Duong" uid="6531908" lat="20.9865610" lon="105.7865466"/>
 <node id="7053921401" visible="true" version="1" changeset="78358894" timestamp="2019-12-13T08:15:55Z" user="Le Duong" uid="6531908" lat="20.9865335" lon="105.7865318"/>
 <node id="7053921402" visible="true" version="1" changeset="78358894" timestamp="2019-12-13T08:15:55Z" user="Le Duong" uid="6531908" lat="20.9865022" lon="105.7865935"/>
 <node id="7053921403" visible="true" version="1" changeset="78358894" timestamp="2019-12-13T08:15:55Z" user="Le Duong" uid="6531908" lat="20.9864333" lon="105.7865626"/>
 <node id="7053921404" visible="true" version="1" changeset="78358894" timestamp="2019-12-13T08:15:55Z" user="Le Duong" uid="6531908" lat="20.9864408" lon="105.7865305"/>
 <node id="7053921405" visible="true" version="1" changeset="78358894" timestamp="2019-12-13T08:15:55Z" user="Le Duong" uid="6531908" lat="20.9863795" lon="105.7865077"/>
 <node id="7053921406" visible="true" version="1" changeset="78358894" timestamp="2019-12-13T08:15:55Z" user="Le Duong" uid="6531908" lat="20.9863820" lon="105.7864889"/>
 <node id="7053921407" visible="true" version="1" changeset="78358894" timestamp="2019-12-13T08:15:55Z" user="Le Duong" uid="6531908" lat="20.9862830" lon="105.7864513"/>
 <node id="7053921408" visible="true" version="1" changeset="78358894" timestamp="2019-12-13T08:15:55Z" user="Le Duong" uid="6531908" lat="20.9862918" lon="105.7864245"/>
 <node id="7053921409" visible="true" version="1" changeset="78358894" timestamp="2019-12-13T08:15:55Z" user="Le Duong" uid="6531908" lat="20.9862555" lon="105.7864057"/>
 <node id="7053921410" visible="true" version="1" changeset="78358894" timestamp="2019-12-13T08:15:55Z" user="Le Duong" uid="6531908" lat="20.9862630" lon="105.7863628"/>
 <node id="7053921411" visible="true" version="1" changeset="78358894" timestamp="2019-12-13T08:15:55Z" user="Le Duong" uid="6531908" lat="20.9862467" lon="105.7863534"/>
 <node id="7053921412" visible="true" version="1" changeset="78358894" timestamp="2019-12-13T08:15:55Z" user="Le Duong" uid="6531908" lat="20.9862730" lon="105.7862797"/>
 <node id="7053921413" visible="true" version="1" changeset="78358894" timestamp="2019-12-13T08:15:55Z" user="Le Duong" uid="6531908" lat="20.9862868" lon="105.7862810"/>
 <node id="7053921414" visible="true" version="1" changeset="78358894" timestamp="2019-12-13T08:15:55Z" user="Le Duong" uid="6531908" lat="20.9863031" lon="105.7862327"/>
 <node id="7053921415" visible="true" version="1" changeset="78358894" timestamp="2019-12-13T08:15:55Z" user="Le Duong" uid="6531908" lat="20.9863419" lon="105.7862502"/>
 <node id="7053921416" visible="true" version="1" changeset="78358894" timestamp="2019-12-13T08:15:55Z" user="Le Duong" uid="6531908" lat="20.9863544" lon="105.7862260"/>
 <node id="7053921417" visible="true" version="1" changeset="78358894" timestamp="2019-12-13T08:15:55Z" user="Le Duong" uid="6531908" lat="20.9865172" lon="105.7862917"/>
 <node id="7053921418" visible="true" version="1" changeset="78358894" timestamp="2019-12-13T08:15:55Z" user="Le Duong" uid="6531908" lat="20.9865297" lon="105.7862488"/>
 <node id="7053921419" visible="true" version="1" changeset="78358894" timestamp="2019-12-13T08:15:55Z" user="Le Duong" uid="6531908" lat="20.9865986" lon="105.7862783"/>
 <node id="7053921420" visible="true" version="1" changeset="78358894" timestamp="2019-12-13T08:15:55Z" user="Le Duong" uid="6531908" lat="20.9865848" lon="105.7863481"/>
 <node id="7053921421" visible="true" version="1" changeset="78358894" timestamp="2019-12-13T08:15:55Z" user="Le Duong" uid="6531908" lat="20.9866161" lon="105.7863588"/>
 <node id="7053921422" visible="true" version="1" changeset="78358894" timestamp="2019-12-13T08:15:55Z" user="Le Duong" uid="6531908" lat="20.9866649" lon="105.7862193"/>
 <node id="7053921423" visible="true" version="1" changeset="78358894" timestamp="2019-12-13T08:15:55Z" user="Le Duong" uid="6531908" lat="20.9869849" lon="105.7856990"/>
 <node id="7053921424" visible="true" version="1" changeset="78358894" timestamp="2019-12-13T08:15:55Z" user="Le Duong" uid="6531908" lat="20.9869360" lon="105.7858626"/>
 <node id="7053921425" visible="true" version="1" changeset="78358894" timestamp="2019-12-13T08:15:55Z" user="Le Duong" uid="6531908" lat="20.9868885" lon="105.7858465"/>
 <node id="7053921426" visible="true" version="1" changeset="78358894" timestamp="2019-12-13T08:15:55Z" user="Le Duong" uid="6531908" lat="20.9868496" lon="105.7859551"/>
 <node id="7053921427" visible="true" version="1" changeset="78358894" timestamp="2019-12-13T08:15:55Z" user="Le Duong" uid="6531908" lat="20.9868947" lon="105.7859793"/>
 <node id="7053921428" visible="true" version="1" changeset="78358894" timestamp="2019-12-13T08:15:55Z" user="Le Duong" uid="6531908" lat="20.9868384" lon="105.7861335"/>
 <node id="7053921429" visible="true" version="1" changeset="78358894" timestamp="2019-12-13T08:15:55Z" user="Le Duong" uid="6531908" lat="20.9867294" lon="105.7860919"/>
 <node id="7053921430" visible="true" version="1" changeset="78358894" timestamp="2019-12-13T08:15:55Z" user="Le Duong" uid="6531908" lat="20.9867645" lon="105.7859833"/>
 <node id="7053921431" visible="true" version="1" changeset="78358894" timestamp="2019-12-13T08:15:55Z" user="Le Duong" uid="6531908" lat="20.9867369" lon="105.7859685"/>
 <node id="7053921432" visible="true" version="1" changeset="78358894" timestamp="2019-12-13T08:15:55Z" user="Le Duong" uid="6531908" lat="20.9867056" lon="105.7860302"/>
 <node id="7053921433" visible="true" version="1" changeset="78358894" timestamp="2019-12-13T08:15:55Z" user="Le Duong" uid="6531908" lat="20.9866368" lon="105.7859994"/>
 <node id="7053921434" visible="true" version="1" changeset="78358894" timestamp="2019-12-13T08:15:55Z" user="Le Duong" uid="6531908" lat="20.9866443" lon="105.7859672"/>
 <node id="7053921435" visible="true" version="1" changeset="78358894" timestamp="2019-12-13T08:15:55Z" user="Le Duong" uid="6531908" lat="20.9865829" lon="105.7859444"/>
 <node id="7053921436" visible="true" version="1" changeset="78358894" timestamp="2019-12-13T08:15:55Z" user="Le Duong" uid="6531908" lat="20.9865854" lon="105.7859256"/>
 <node id="7053921437" visible="true" version="1" changeset="78358894" timestamp="2019-12-13T08:15:55Z" user="Le Duong" uid="6531908" lat="20.9864865" lon="105.7858881"/>
 <node id="7053921438" visible="true" version="1" changeset="78358894" timestamp="2019-12-13T08:15:55Z" user="Le Duong" uid="6531908" lat="20.9864953" lon="105.7858613"/>
 <node id="7053921439" visible="true" version="1" changeset="78358894" timestamp="2019-12-13T08:15:55Z" user="Le Duong" uid="6531908" lat="20.9864590" lon="105.7858425"/>
 <node id="7053921440" visible="true" version="1" changeset="78358894" timestamp="2019-12-13T08:15:55Z" user="Le Duong" uid="6531908" lat="20.9864665" lon="105.7857996"/>
 <node id="7053921441" visible="true" version="1" changeset="78358894" timestamp="2019-12-13T08:15:55Z" user="Le Duong" uid="6531908" lat="20.9864502" lon="105.7857902"/>
 <node id="7053921442" visible="true" version="1" changeset="78358894" timestamp="2019-12-13T08:15:55Z" user="Le Duong" uid="6531908" lat="20.9864765" lon="105.7857164"/>
 <node id="7053921443" visible="true" version="1" changeset="78358894" timestamp="2019-12-13T08:15:55Z" user="Le Duong" uid="6531908" lat="20.9864903" lon="105.7857178"/>
 <node id="7053921444" visible="true" version="1" changeset="78358894" timestamp="2019-12-13T08:15:55Z" user="Le Duong" uid="6531908" lat="20.9865066" lon="105.7856695"/>
 <node id="7053921445" visible="true" version="1" changeset="78358894" timestamp="2019-12-13T08:15:55Z" user="Le Duong" uid="6531908" lat="20.9865454" lon="105.7856869"/>
 <node id="7053921446" visible="true" version="1" changeset="78358894" timestamp="2019-12-13T08:15:55Z" user="Le Duong" uid="6531908" lat="20.9865579" lon="105.7856628"/>
 <node id="7053921447" visible="true" version="1" changeset="78358894" timestamp="2019-12-13T08:15:55Z" user="Le Duong" uid="6531908" lat="20.9867207" lon="105.7857285"/>
 <node id="7053921448" visible="true" version="1" changeset="78358894" timestamp="2019-12-13T08:15:55Z" user="Le Duong" uid="6531908" lat="20.9867332" lon="105.7856856"/>
 <node id="7053921449" visible="true" version="1" changeset="78358894" timestamp="2019-12-13T08:15:55Z" user="Le Duong" uid="6531908" lat="20.9868021" lon="105.7857151"/>
 <node id="7053921450" visible="true" version="1" changeset="78358894" timestamp="2019-12-13T08:15:55Z" user="Le Duong" uid="6531908" lat="20.9867883" lon="105.7857848"/>
 <node id="7053921451" visible="true" version="1" changeset="78358894" timestamp="2019-12-13T08:15:55Z" user="Le Duong" uid="6531908" lat="20.9868196" lon="105.7857955"/>
 <node id="7053921452" visible="true" version="1" changeset="78358894" timestamp="2019-12-13T08:15:55Z" user="Le Duong" uid="6531908" lat="20.9868684" lon="105.7856561"/>
 <node id="7053921453" visible="true" version="1" changeset="78358894" timestamp="2019-12-13T08:15:55Z" user="Le Duong" uid="6531908" lat="20.9871777" lon="105.7851236"/>
 <node id="7053921454" visible="true" version="1" changeset="78358894" timestamp="2019-12-13T08:15:55Z" user="Le Duong" uid="6531908" lat="20.9871289" lon="105.7852873"/>
 <node id="7053921455" visible="true" version="1" changeset="78358894" timestamp="2019-12-13T08:15:55Z" user="Le Duong" uid="6531908" lat="20.9870813" lon="105.7852712"/>
 <node id="7053921456" visible="true" version="1" changeset="78358894" timestamp="2019-12-13T08:15:55Z" user="Le Duong" uid="6531908" lat="20.9870425" lon="105.7853798"/>
 <node id="7053921457" visible="true" version="1" changeset="78358894" timestamp="2019-12-13T08:15:55Z" user="Le Duong" uid="6531908" lat="20.9870875" lon="105.7854039"/>
 <node id="7053921458" visible="true" version="1" changeset="78358894" timestamp="2019-12-13T08:15:55Z" user="Le Duong" uid="6531908" lat="20.9870312" lon="105.7855582"/>
 <node id="7053921459" visible="true" version="1" changeset="78358894" timestamp="2019-12-13T08:15:55Z" user="Le Duong" uid="6531908" lat="20.9869223" lon="105.7855166"/>
 <node id="7053921460" visible="true" version="1" changeset="78358894" timestamp="2019-12-13T08:15:55Z" user="Le Duong" uid="6531908" lat="20.9869573" lon="105.7854080"/>
 <node id="7053921461" visible="true" version="1" changeset="78358894" timestamp="2019-12-13T08:15:55Z" user="Le Duong" uid="6531908" lat="20.9869298" lon="105.7853932"/>
 <node id="7053921462" visible="true" version="1" changeset="78358894" timestamp="2019-12-13T08:15:55Z" user="Le Duong" uid="6531908" lat="20.9868985" lon="105.7854549"/>
 <node id="7053921463" visible="true" version="1" changeset="78358894" timestamp="2019-12-13T08:15:55Z" user="Le Duong" uid="6531908" lat="20.9868296" lon="105.7854241"/>
 <node id="7053921464" visible="true" version="1" changeset="78358894" timestamp="2019-12-13T08:15:55Z" user="Le Duong" uid="6531908" lat="20.9868371" lon="105.7853919"/>
 <node id="7053921465" visible="true" version="1" changeset="78358894" timestamp="2019-12-13T08:15:55Z" user="Le Duong" uid="6531908" lat="20.9867758" lon="105.7853691"/>
 <node id="7053921466" visible="true" version="1" changeset="78358894" timestamp="2019-12-13T08:15:55Z" user="Le Duong" uid="6531908" lat="20.9867783" lon="105.7853503"/>
 <node id="7053921467" visible="true" version="1" changeset="78358894" timestamp="2019-12-13T08:15:55Z" user="Le Duong" uid="6531908" lat="20.9866793" lon="105.7853127"/>
 <node id="7053921468" visible="true" version="1" changeset="78358894" timestamp="2019-12-13T08:15:55Z" user="Le Duong" uid="6531908" lat="20.9866881" lon="105.7852859"/>
 <node id="7053921469" visible="true" version="1" changeset="78358894" timestamp="2019-12-13T08:15:55Z" user="Le Duong" uid="6531908" lat="20.9866518" lon="105.7852671"/>
 <node id="7053921470" visible="true" version="1" changeset="78358894" timestamp="2019-12-13T08:15:55Z" user="Le Duong" uid="6531908" lat="20.9866593" lon="105.7852242"/>
 <node id="7053921471" visible="true" version="1" changeset="78358894" timestamp="2019-12-13T08:15:55Z" user="Le Duong" uid="6531908" lat="20.9866430" lon="105.7852148"/>
 <node id="7053921472" visible="true" version="1" changeset="78358894" timestamp="2019-12-13T08:15:55Z" user="Le Duong" uid="6531908" lat="20.9866693" lon="105.7851411"/>
 <node id="7053921473" visible="true" version="1" changeset="78358894" timestamp="2019-12-13T08:15:55Z" user="Le Duong" uid="6531908" lat="20.9866831" lon="105.7851424"/>
 <node id="7053921474" visible="true" version="1" changeset="78358894" timestamp="2019-12-13T08:15:55Z" user="Le Duong" uid="6531908" lat="20.9866994" lon="105.7850941"/>
 <node id="7053921475" visible="true" version="1" changeset="78358894" timestamp="2019-12-13T08:15:55Z" user="Le Duong" uid="6531908" lat="20.9867382" lon="105.7851116"/>
 <node id="7053921476" visible="true" version="1" changeset="78358894" timestamp="2019-12-13T08:15:55Z" user="Le Duong" uid="6531908" lat="20.9867507" lon="105.7850874"/>
 <node id="7053921477" visible="true" version="1" changeset="78358894" timestamp="2019-12-13T08:15:55Z" user="Le Duong" uid="6531908" lat="20.9869135" lon="105.7851531"/>
 <node id="7053921478" visible="true" version="1" changeset="78358894" timestamp="2019-12-13T08:15:55Z" user="Le Duong" uid="6531908" lat="20.9869260" lon="105.7851102"/>
 <node id="7053921479" visible="true" version="1" changeset="78358894" timestamp="2019-12-13T08:15:55Z" user="Le Duong" uid="6531908" lat="20.9869949" lon="105.7851397"/>
 <node id="7053921480" visible="true" version="1" changeset="78358894" timestamp="2019-12-13T08:15:55Z" user="Le Duong" uid="6531908" lat="20.9869811" lon="105.7852095"/>
 <node id="7053921481" visible="true" version="1" changeset="78358894" timestamp="2019-12-13T08:15:55Z" user="Le Duong" uid="6531908" lat="20.9870124" lon="105.7852202"/>
 <node id="7053921482" visible="true" version="1" changeset="78358894" timestamp="2019-12-13T08:15:55Z" user="Le Duong" uid="6531908" lat="20.9870612" lon="105.7850807"/>
 <node id="7053921483" visible="true" version="1" changeset="78358894" timestamp="2019-12-13T08:15:55Z" user="Le Duong" uid="6531908" lat="20.9867784" lon="105.7848540"/>
 <node id="7053921484" visible="true" version="1" changeset="78358894" timestamp="2019-12-13T08:15:55Z" user="Le Duong" uid="6531908" lat="20.9868357" lon="105.7848915"/>
 <node id="7053921485" visible="true" version="1" changeset="78358894" timestamp="2019-12-13T08:15:55Z" user="Le Duong" uid="6531908" lat="20.9868670" lon="105.7848237"/>
 <node id="7053921486" visible="true" version="1" changeset="78358894" timestamp="2019-12-13T08:15:55Z" user="Le Duong" uid="6531908" lat="20.9868841" lon="105.7848325"/>
 <node id="7053921487" visible="true" version="1" changeset="78358894" timestamp="2019-12-13T08:15:55Z" user="Le Duong" uid="6531908" lat="20.9869176" lon="105.7847639"/>
 <node id="7053921488" visible="true" version="1" changeset="78358894" timestamp="2019-12-13T08:15:55Z" user="Le Duong" uid="6531908" lat="20.9869578" lon="105.7847910"/>
 <node id="7053921489" visible="true" version="1" changeset="78358894" timestamp="2019-12-13T08:15:55Z" user="Le Duong" uid="6531908" lat="20.9869504" lon="105.7848069"/>
 <node id="7053921490" visible="true" version="1" changeset="78358894" timestamp="2019-12-13T08:15:55Z" user="Le Duong" uid="6531908" lat="20.9869809" lon="105.7848293"/>
 <node id="7053921491" visible="true" version="1" changeset="78358894" timestamp="2019-12-13T08:15:55Z" user="Le Duong" uid="6531908" lat="20.9870077" lon="105.7847750"/>
 <node id="7053921492" visible="true" version="1" changeset="78358894" timestamp="2019-12-13T08:15:55Z" user="Le Duong" uid="6531908" lat="20.9870620" lon="105.7848077"/>
 <node id="7053921493" visible="true" version="1" changeset="78358894" timestamp="2019-12-13T08:15:55Z" user="Le Duong" uid="6531908" lat="20.9870538" lon="105.7848269"/>
 <node id="7053921494" visible="true" version="1" changeset="78358894" timestamp="2019-12-13T08:15:55Z" user="Le Duong" uid="6531908" lat="20.9870978" lon="105.7848564"/>
 <node id="7053921495" visible="true" version="1" changeset="78358894" timestamp="2019-12-13T08:15:55Z" user="Le Duong" uid="6531908" lat="20.9870739" lon="105.7849026"/>
 <node id="7053921496" visible="true" version="1" changeset="78358894" timestamp="2019-12-13T08:15:55Z" user="Le Duong" uid="6531908" lat="20.9870859" lon="105.7849074"/>
 <node id="7053921497" visible="true" version="1" changeset="78358894" timestamp="2019-12-13T08:15:55Z" user="Le Duong" uid="6531908" lat="20.9870568" lon="105.7849656"/>
 <node id="7053921498" visible="true" version="1" changeset="78358894" timestamp="2019-12-13T08:15:55Z" user="Le Duong" uid="6531908" lat="20.9871305" lon="105.7850151"/>
 <node id="7053921499" visible="true" version="1" changeset="78358894" timestamp="2019-12-13T08:15:55Z" user="Le Duong" uid="6531908" lat="20.9873245" lon="105.7846082"/>
 <node id="7053921500" visible="true" version="1" changeset="78358894" timestamp="2019-12-13T08:15:55Z" user="Le Duong" uid="6531908" lat="20.9872705" lon="105.7845627"/>
 <node id="7053921501" visible="true" version="1" changeset="78358894" timestamp="2019-12-13T08:15:55Z" user="Le Duong" uid="6531908" lat="20.9872359" lon="105.7846177"/>
 <node id="7053921502" visible="true" version="1" changeset="78358894" timestamp="2019-12-13T08:15:55Z" user="Le Duong" uid="6531908" lat="20.9872182" lon="105.7846073"/>
 <node id="7053921503" visible="true" version="1" changeset="78358894" timestamp="2019-12-13T08:15:55Z" user="Le Duong" uid="6531908" lat="20.9871917" lon="105.7846651"/>
 <node id="7053921504" visible="true" version="1" changeset="78358894" timestamp="2019-12-13T08:15:55Z" user="Le Duong" uid="6531908" lat="20.9871500" lon="105.7846338"/>
 <node id="7053921505" visible="true" version="1" changeset="78358894" timestamp="2019-12-13T08:15:55Z" user="Le Duong" uid="6531908" lat="20.9871394" lon="105.7846547"/>
 <node id="7053921506" visible="true" version="1" changeset="78358894" timestamp="2019-12-13T08:15:55Z" user="Le Duong" uid="6531908" lat="20.9870916" lon="105.7846234"/>
 <node id="7053921507" visible="true" version="1" changeset="78358894" timestamp="2019-12-13T08:15:55Z" user="Le Duong" uid="6531908" lat="20.9871129" lon="105.7845779"/>
 <node id="7053921508" visible="true" version="1" changeset="78358894" timestamp="2019-12-13T08:15:55Z" user="Le Duong" uid="6531908" lat="20.9870704" lon="105.7845456"/>
 <node id="7053921509" visible="true" version="1" changeset="78358894" timestamp="2019-12-13T08:15:55Z" user="Le Duong" uid="6531908" lat="20.9870562" lon="105.7845627"/>
 <node id="7053921510" visible="true" version="1" changeset="78358894" timestamp="2019-12-13T08:15:55Z" user="Le Duong" uid="6531908" lat="20.9870332" lon="105.7845456"/>
 <node id="7053921511" visible="true" version="1" changeset="78358894" timestamp="2019-12-13T08:15:55Z" user="Le Duong" uid="6531908" lat="20.9870898" lon="105.7844356"/>
 <node id="7053921512" visible="true" version="1" changeset="78358894" timestamp="2019-12-13T08:15:55Z" user="Le Duong" uid="6531908" lat="20.9870730" lon="105.7844214"/>
 <node id="7053921513" visible="true" version="1" changeset="78358894" timestamp="2019-12-13T08:15:55Z" user="Le Duong" uid="6531908" lat="20.9871102" lon="105.7843531"/>
 <node id="7053921514" visible="true" version="1" changeset="78358894" timestamp="2019-12-13T08:15:55Z" user="Le Duong" uid="6531908" lat="20.9870447" lon="105.7843038"/>
 <node id="7090399807" visible="true" version="2" changeset="87769377" timestamp="2020-07-09T13:50:07Z" user="bingo" uid="35814" lat="20.9839702" lon="105.7877210">
  <tag k="addr:city" v="Ha Noi"/>
  <tag k="addr:country" v="VN"/>
  <tag k="addr:district" v="Hà Đông"/>
  <tag k="addr:housenumber" v="BT16B5-06"/>
  <tag k="addr:street" v="Nguyễn Văn Lộc"/>
  <tag k="amenity" v="cafe"/>
  <tag k="brand" v="The Coffee House"/>
  <tag k="brand:wikidata" v="Q60775742"/>
  <tag k="brand:wikipedia" v="en:The Coffee House (coffeehouse chain)"/>
  <tag k="cuisine" v="coffee_shop;vietnamese"/>
  <tag k="delivery" v="yes"/>
  <tag k="internet_access" v="yes"/>
  <tag k="name" v="The Coffee House"/>
  <tag k="name:en" v="The Coffee House"/>
  <tag k="takeaway" v="yes"/>
 </node>
 <node id="7190559214" visible="true" version="1" changeset="80637404" timestamp="2020-02-06T11:09:44Z" user="Hưng Nguyễn Quang" uid="7720755" lat="20.9844659" lon="105.7844450"/>
 <node id="7190559215" visible="true" version="1" changeset="80637404" timestamp="2020-02-06T11:09:44Z" user="Hưng Nguyễn Quang" uid="7720755" lat="20.9844349" lon="105.7844808"/>
 <node id="7190559216" visible="true" version="1" changeset="80637404" timestamp="2020-02-06T11:09:44Z" user="Hưng Nguyễn Quang" uid="7720755" lat="20.9844235" lon="105.7845580"/>
 <node id="7190559217" visible="true" version="1" changeset="80637404" timestamp="2020-02-06T11:09:44Z" user="Hưng Nguyễn Quang" uid="7720755" lat="20.9844425" lon="105.7848060"/>
 <node id="7190559218" visible="true" version="1" changeset="80637404" timestamp="2020-02-06T11:09:44Z" user="Hưng Nguyễn Quang" uid="7720755" lat="20.9844463" lon="105.7849971"/>
 <node id="7190559219" visible="true" version="1" changeset="80637404" timestamp="2020-02-06T11:09:44Z" user="Hưng Nguyễn Quang" uid="7720755" lat="20.9844121" lon="105.7851516"/>
 <node id="7190559220" visible="true" version="1" changeset="80637404" timestamp="2020-02-06T11:09:44Z" user="Hưng Nguyễn Quang" uid="7720755" lat="20.9843286" lon="105.7853183"/>
 <node id="7190559221" visible="true" version="1" changeset="80637404" timestamp="2020-02-06T11:09:44Z" user="Hưng Nguyễn Quang" uid="7720755" lat="20.9842148" lon="105.7854606"/>
 <node id="7190559222" visible="true" version="1" changeset="80637404" timestamp="2020-02-06T11:09:44Z" user="Hưng Nguyễn Quang" uid="7720755" lat="20.9841047" lon="105.7855663"/>
 <node id="7190559223" visible="true" version="1" changeset="80637404" timestamp="2020-02-06T11:09:44Z" user="Hưng Nguyễn Quang" uid="7720755" lat="20.9833659" lon="105.7858527"/>
 <node id="7190559224" visible="true" version="1" changeset="80637404" timestamp="2020-02-06T11:09:44Z" user="Hưng Nguyễn Quang" uid="7720755" lat="20.9833417" lon="105.7859322"/>
 <node id="7190559225" visible="true" version="1" changeset="80637404" timestamp="2020-02-06T11:09:44Z" user="Hưng Nguyễn Quang" uid="7720755" lat="20.9833569" lon="105.7859769"/>
 <node id="7190559226" visible="true" version="1" changeset="80637404" timestamp="2020-02-06T11:09:44Z" user="Hưng Nguyễn Quang" uid="7720755" lat="20.9839452" lon="105.7864281"/>
 <node id="7190559227" visible="true" version="1" changeset="80637404" timestamp="2020-02-06T11:09:44Z" user="Hưng Nguyễn Quang" uid="7720755" lat="20.9846057" lon="105.7848060"/>
 <node id="7190559228" visible="true" version="1" changeset="80637404" timestamp="2020-02-06T11:09:44Z" user="Hưng Nguyễn Quang" uid="7720755" lat="20.9846133" lon="105.7847084"/>
 <node id="7190559229" visible="true" version="1" changeset="80637404" timestamp="2020-02-06T11:09:44Z" user="Hưng Nguyễn Quang" uid="7720755" lat="20.9845830" lon="105.7845967"/>
 <node id="7190559230" visible="true" version="1" changeset="80637404" timestamp="2020-02-06T11:09:44Z" user="Hưng Nguyễn Quang" uid="7720755" lat="20.9844879" lon="105.7844735"/>
 <node id="7432990802" visible="true" version="4" changeset="155186090" timestamp="2024-08-13T09:32:13Z" user="phoenixsaigon1698" uid="3323343" lat="20.9803001" lon="105.7906933"/>
 <node id="7724281009" visible="true" version="3" changeset="88143596" timestamp="2020-07-17T12:27:10Z" user="Khánh Ngân" uid="11508220" lat="20.9835685" lon="105.7923344">
  <tag k="addr:city" v="Hà Nội"/>
  <tag k="addr:district" v="Thanh Xuân"/>
  <tag k="addr:housenumber" v="97b"/>
  <tag k="addr:postcode" v="100000"/>
  <tag k="addr:province" v="Hà Nội"/>
  <tag k="addr:street" v="Đường Trần Phú"/>
  <tag k="addr:subdistrict" v="Văn Quán"/>
 </node>
 <node id="7724310395" visible="true" version="2" changeset="121508770" timestamp="2022-05-26T08:15:45Z" user="Senior_Intern" uid="13899044" lat="20.9835674" lon="105.7923266">
  <tag k="addr:city" v="Hà Nội"/>
  <tag k="addr:district" v="Thanh Xuân"/>
  <tag k="addr:housenumber" v="97b"/>
  <tag k="addr:postcode" v="100000"/>
  <tag k="addr:province" v="Hà Nội"/>
  <tag k="addr:street" v="Đường Trần Phú"/>
  <tag k="addr:subdistrict" v="Văn Quán"/>
  <tag k="amenity" v="studio"/>
  <tag k="name" v="Cửa Hàng Studio 13.7Fotos"/>
  <tag k="phone" v="0399355920"/>
  <tag k="studio" v="photography"/>
  <tag k="website" v="https://www.facebook.com/13.7Fotos/"/>
 </node>
 <node id="8334164564" visible="true" version="1" changeset="97698994" timestamp="2021-01-18T12:28:28Z" user="avusula_123" uid="11589166" lat="20.9807471" lon="105.7870571"/>
 <node id="8334164565" visible="true" version="1" changeset="97698994" timestamp="2021-01-18T12:28:28Z" user="avusula_123" uid="11589166" lat="20.9806357" lon="105.7871785"/>
 <node id="8334164569" visible="true" version="2" changeset="107023906" timestamp="2021-06-27T06:32:10Z" user="Hanh Hoang" uid="4391953" lat="20.9806709" lon="105.7872287"/>
 <node id="8334164570" visible="true" version="2" changeset="107023906" timestamp="2021-06-27T06:32:10Z" user="Hanh Hoang" uid="4391953" lat="20.9807459" lon="105.7873264"/>
 <node id="8334164571" visible="true" version="2" changeset="107023906" timestamp="2021-06-27T06:32:10Z" user="Hanh Hoang" uid="4391953" lat="20.9808103" lon="105.7873955"/>
 <node id="8334164572" visible="true" version="2" changeset="107023906" timestamp="2021-06-27T06:32:10Z" user="Hanh Hoang" uid="4391953" lat="20.9808515" lon="105.7874527"/>
 <node id="8334164573" visible="true" version="1" changeset="97698994" timestamp="2021-01-18T12:28:28Z" user="avusula_123" uid="11589166" lat="20.9807597" lon="105.7875305"/>
 <node id="8334164574" visible="true" version="2" changeset="107814813" timestamp="2021-07-12T06:44:46Z" user="vietnam321" uid="11196308" lat="20.9804599" lon="105.7878047">
  <tag k="barrier" v="gate"/>
 </node>
 <node id="8334164575" visible="true" version="4" changeset="179967402" timestamp="2026-03-16T19:06:44Z" user="ZioDragon" uid="13799024" lat="20.9803769" lon="105.7878704"/>
 <node id="8334190615" visible="true" version="2" changeset="153105689" timestamp="2024-06-24T10:37:33Z" user="openmap-vn" uid="21213273" lat="20.9820632" lon="105.7888596"/>
 <node id="8334190616" visible="true" version="3" changeset="153105689" timestamp="2024-06-24T10:37:33Z" user="openmap-vn" uid="21213273" lat="20.9822046" lon="105.7889749"/>
 <node id="8334211917" visible="true" version="4" changeset="170730853" timestamp="2025-08-20T14:37:52Z" user="Hung Tran 9x0" uid="20910140" lat="20.9822732" lon="105.7890295"/>
 <node id="8334211918" visible="true" version="3" changeset="153105689" timestamp="2024-06-24T10:37:33Z" user="openmap-vn" uid="21213273" lat="20.9823173" lon="105.7890741"/>
 <node id="8334211919" visible="true" version="2" changeset="97943289" timestamp="2021-01-22T05:17:25Z" user="avusula_123" uid="11589166" lat="20.9823512" lon="105.7891090"/>
 <node id="8334211920" visible="true" version="2" changeset="97943289" timestamp="2021-01-22T05:17:25Z" user="avusula_123" uid="11589166" lat="20.9823875" lon="105.7890795"/>
 <node id="8334211921" visible="true" version="2" changeset="97943289" timestamp="2021-01-22T05:17:25Z" user="avusula_123" uid="11589166" lat="20.9824364" lon="105.7890379"/>
 <node id="8334211922" visible="true" version="1" changeset="97700325" timestamp="2021-01-18T12:51:40Z" user="avusula_123" uid="11589166" lat="20.9825277" lon="105.7889615"/>
 <node id="8334211923" visible="true" version="1" changeset="97700325" timestamp="2021-01-18T12:51:40Z" user="avusula_123" uid="11589166" lat="20.9826855" lon="105.7888328"/>
 <node id="8334211924" visible="true" version="1" changeset="97700325" timestamp="2021-01-18T12:51:40Z" user="avusula_123" uid="11589166" lat="20.9828120" lon="105.7887188"/>
 <node id="8334211925" visible="true" version="1" changeset="97700325" timestamp="2021-01-18T12:51:40Z" user="avusula_123" uid="11589166" lat="20.9829848" lon="105.7885283"/>
 <node id="8334211926" visible="true" version="1" changeset="97700325" timestamp="2021-01-18T12:51:40Z" user="avusula_123" uid="11589166" lat="20.9831808" lon="105.7883128"/>
 <node id="8336616426" visible="true" version="3" changeset="167039277" timestamp="2025-06-01T08:21:30Z" user="Hung Tran 9x0" uid="20910140" lat="20.9857375" lon="105.7823150"/>
 <node id="8336838508" visible="true" version="1" changeset="97740424" timestamp="2021-01-19T06:17:26Z" user="nidhi01" uid="11659852" lat="20.9821771" lon="105.7843937"/>
 <node id="8336838509" visible="true" version="1" changeset="97740424" timestamp="2021-01-19T06:17:26Z" user="nidhi01" uid="11659852" lat="20.9821796" lon="105.7843521"/>
 <node id="8336838510" visible="true" version="1" changeset="97740424" timestamp="2021-01-19T06:17:26Z" user="nidhi01" uid="11659852" lat="20.9819705" lon="105.7841550"/>
 <node id="8336838511" visible="true" version="3" changeset="164466222" timestamp="2025-04-03T13:46:31Z" user="ZioDragon" uid="13799024" lat="20.9817562" lon="105.7839002"/>
 <node id="8336838512" visible="true" version="2" changeset="183161673" timestamp="2026-05-25T14:34:40Z" user="Hung Tran 9x0" uid="20910140" lat="20.9818913" lon="105.7844223"/>
 <node id="8336838513" visible="true" version="2" changeset="183161673" timestamp="2026-05-25T14:34:40Z" user="Hung Tran 9x0" uid="20910140" lat="20.9820252" lon="105.7845483"/>
 <node id="8336838514" visible="true" version="1" changeset="97740424" timestamp="2021-01-19T06:17:26Z" user="nidhi01" uid="11659852" lat="20.9821846" lon="105.7843722"/>
 <node id="8336838515" visible="true" version="1" changeset="97740424" timestamp="2021-01-19T06:17:26Z" user="nidhi01" uid="11659852" lat="20.9820619" lon="105.7845151"/>
 <node id="8336842807" visible="true" version="2" changeset="155495613" timestamp="2024-08-20T08:16:12Z" user="phoenixsaigon1698" uid="3323343" lat="20.9870769" lon="105.7812191"/>
 <node id="8336842815" visible="true" version="2" changeset="155495613" timestamp="2024-08-20T08:16:12Z" user="phoenixsaigon1698" uid="3323343" lat="20.9870106" lon="105.7813916"/>
 <node id="8336854317" visible="true" version="2" changeset="183161673" timestamp="2026-05-25T14:34:40Z" user="Hung Tran 9x0" uid="20910140" lat="20.9819749" lon="105.7845064"/>
 <node id="8336854318" visible="true" version="2" changeset="183161673" timestamp="2026-05-25T14:34:40Z" user="Hung Tran 9x0" uid="20910140" lat="20.9819093" lon="105.7844382"/>
 <node id="8336854319" visible="true" version="2" changeset="183161673" timestamp="2026-05-25T14:34:40Z" user="Hung Tran 9x0" uid="20910140" lat="20.9818730" lon="105.7844119"/>
 <node id="8336854320" visible="true" version="2" changeset="183161673" timestamp="2026-05-25T14:34:40Z" user="Hung Tran 9x0" uid="20910140" lat="20.9818449" lon="105.7843991"/>
 <node id="8336854321" visible="true" version="1" changeset="97740424" timestamp="2021-01-19T06:17:26Z" user="nidhi01" uid="11659852" lat="20.9818159" lon="105.7843857"/>
 <node id="8336854322" visible="true" version="1" changeset="97740424" timestamp="2021-01-19T06:17:26Z" user="nidhi01" uid="11659852" lat="20.9817977" lon="105.7843722"/>
 <node id="8336854323" visible="true" version="3" changeset="164466222" timestamp="2025-04-03T13:46:31Z" user="ZioDragon" uid="13799024" lat="20.9815507" lon="105.7840828"/>
 <node id="8336894409" visible="true" version="2" changeset="153105689" timestamp="2024-06-24T10:37:33Z" user="openmap-vn" uid="21213273" lat="20.9833351" lon="105.7837628"/>
 <node id="8336894410" visible="true" version="2" changeset="153105689" timestamp="2024-06-24T10:37:33Z" user="openmap-vn" uid="21213273" lat="20.9831626" lon="105.7840651"/>
 <node id="8336894411" visible="true" version="3" changeset="153105689" timestamp="2024-06-24T10:37:33Z" user="openmap-vn" uid="21213273" lat="20.9830437" lon="105.7843649"/>
 <node id="8336906298" visible="true" version="2" changeset="154092022" timestamp="2024-07-18T09:34:47Z" user="phoenixsaigon1698" uid="3323343" lat="20.9878549" lon="105.7812767"/>
 <node id="8336906299" visible="true" version="2" changeset="154092022" timestamp="2024-07-18T09:34:47Z" user="phoenixsaigon1698" uid="3323343" lat="20.9879883" lon="105.7819497"/>
 <node id="8336906884" visible="true" version="4" changeset="154092022" timestamp="2024-07-18T09:34:47Z" user="phoenixsaigon1698" uid="3323343" lat="20.9886036" lon="105.7850598"/>
 <node id="8336951416" visible="true" version="1" changeset="97744092" timestamp="2021-01-19T07:03:39Z" user="nidhi01" uid="11659852" lat="20.9810483" lon="105.7831676"/>
 <node id="8336963141" visible="true" version="2" changeset="164280741" timestamp="2025-03-30T10:18:55Z" user="Hoàng Tuấn Việt" uid="13707170" lat="20.9860370" lon="105.7827132"/>
 <node id="8337010367" visible="true" version="2" changeset="154092022" timestamp="2024-07-18T09:34:47Z" user="phoenixsaigon1698" uid="3323343" lat="20.9874990" lon="105.7850105"/>
 <node id="8347638606" visible="true" version="1" changeset="97943289" timestamp="2021-01-22T05:17:25Z" user="avusula_123" uid="11589166" lat="20.9825607" lon="105.7893538"/>
 <node id="8347679228" visible="true" version="2" changeset="125881496" timestamp="2022-09-07T04:22:27Z" user="GrabVN_QThoai" uid="15740602" lat="20.9876998" lon="105.7901289"/>
 <node id="8347679229" visible="true" version="2" changeset="125881496" timestamp="2022-09-07T04:22:27Z" user="GrabVN_QThoai" uid="15740602" lat="20.9877221" lon="105.7900711"/>
 <node id="8347679230" visible="true" version="2" changeset="125881496" timestamp="2022-09-07T04:22:27Z" user="GrabVN_QThoai" uid="15740602" lat="20.9877486" lon="105.7900344"/>
 <node id="8347679231" visible="true" version="2" changeset="125881496" timestamp="2022-09-07T04:22:27Z" user="GrabVN_QThoai" uid="15740602" lat="20.9878377" lon="105.7899867"/>
 <node id="8770739155" visible="true" version="9" changeset="172206555" timestamp="2025-09-20T13:46:50Z" user="edumiz624" uid="20881381" lat="20.9828792" lon="105.7915149">
  <tag k="bus" v="yes"/>
  <tag k="departures_board" v="yes"/>
  <tag k="highway" v="bus_stop"/>
  <tag k="name" v="Học viện An ninh nhân dân - Trần Phú (Hà Đông)"/>
  <tag k="public_transport" v="platform"/>
 </node>
 <node id="8830768593" visible="true" version="2" changeset="152578294" timestamp="2024-06-12T09:26:11Z" user="phoenixsaigon1698" uid="3323343" lat="20.9859521" lon="105.7881061"/>
 <node id="8830768594" visible="true" version="2" changeset="152578294" timestamp="2024-06-12T09:26:11Z" user="phoenixsaigon1698" uid="3323343" lat="20.9858412" lon="105.7881244"/>
 <node id="8831497692" visible="true" version="1" changeset="106324732" timestamp="2021-06-14T09:36:09Z" user="azeez007" uid="11515811" lat="20.9840278" lon="105.7891731"/>
 <node id="8831497693" visible="true" version="1" changeset="106324732" timestamp="2021-06-14T09:36:09Z" user="azeez007" uid="11515811" lat="20.9840347" lon="105.7891788"/>
 <node id="8831497694" visible="true" version="1" changeset="106324732" timestamp="2021-06-14T09:36:09Z" user="azeez007" uid="11515811" lat="20.9840479" lon="105.7891781"/>
 <node id="8831497695" visible="true" version="1" changeset="106324732" timestamp="2021-06-14T09:36:09Z" user="azeez007" uid="11515811" lat="20.9840629" lon="105.7891721"/>
 <node id="8831497696" visible="true" version="1" changeset="106324732" timestamp="2021-06-14T09:36:09Z" user="azeez007" uid="11515811" lat="20.9843076" lon="105.7889640"/>
 <node id="8831513332" visible="true" version="2" changeset="143313538" timestamp="2023-10-29T13:57:39Z" user="anhtthr1111" uid="20516180" lat="20.9829583" lon="105.7923795"/>
 <node id="8831513334" visible="true" version="2" changeset="143313538" timestamp="2023-10-29T13:57:39Z" user="anhtthr1111" uid="20516180" lat="20.9830164" lon="105.7924038"/>
 <node id="8831514629" visible="true" version="2" changeset="179967402" timestamp="2026-03-16T19:06:44Z" user="ZioDragon" uid="13799024" lat="20.9835028" lon="105.7918022"/>
 <node id="8831514630" visible="true" version="2" changeset="153105689" timestamp="2024-06-24T10:37:33Z" user="openmap-vn" uid="21213273" lat="20.9840466" lon="105.7914010"/>
 <node id="8831514631" visible="true" version="2" changeset="153105689" timestamp="2024-06-24T10:37:33Z" user="openmap-vn" uid="21213273" lat="20.9843966" lon="105.7910664"/>
 <node id="8831514632" visible="true" version="2" changeset="153105689" timestamp="2024-06-24T10:37:33Z" user="openmap-vn" uid="21213273" lat="20.9844104" lon="105.7910463"/>
 <node id="8831514633" visible="true" version="2" changeset="153105689" timestamp="2024-06-24T10:37:33Z" user="openmap-vn" uid="21213273" lat="20.9844179" lon="105.7910195"/>
 <node id="8831516453" visible="true" version="3" changeset="153105689" timestamp="2024-06-24T10:37:33Z" user="openmap-vn" uid="21213273" lat="20.9872048" lon="105.7921677"/>
 <node id="8831530647" visible="true" version="2" changeset="153105689" timestamp="2024-06-24T10:37:33Z" user="openmap-vn" uid="21213273" lat="20.9842751" lon="105.7901658"/>
 <node id="8831530648" visible="true" version="2" changeset="153105689" timestamp="2024-06-24T10:37:33Z" user="openmap-vn" uid="21213273" lat="20.9842720" lon="105.7901799"/>
 <node id="8831530649" visible="true" version="2" changeset="153105689" timestamp="2024-06-24T10:37:33Z" user="openmap-vn" uid="21213273" lat="20.9842745" lon="105.7901893"/>
 <node id="8831530650" visible="true" version="2" changeset="153105689" timestamp="2024-06-24T10:37:33Z" user="openmap-vn" uid="21213273" lat="20.9843171" lon="105.7902302"/>
 <node id="8831530651" visible="true" version="2" changeset="153105689" timestamp="2024-06-24T10:37:33Z" user="openmap-vn" uid="21213273" lat="20.9846364" lon="105.7904904"/>
 <node id="8831530652" visible="true" version="2" changeset="153105689" timestamp="2024-06-24T10:37:33Z" user="openmap-vn" uid="21213273" lat="20.9849644" lon="105.7908189"/>
 <node id="8831530653" visible="true" version="3" changeset="153105689" timestamp="2024-06-24T10:37:33Z" user="openmap-vn" uid="21213273" lat="20.9838568" lon="105.7901536"/>
 <node id="8831530655" visible="true" version="2" changeset="153105689" timestamp="2024-06-24T10:37:33Z" user="openmap-vn" uid="21213273" lat="20.9839827" lon="105.7902892"/>
 <node id="8831530656" visible="true" version="2" changeset="153105689" timestamp="2024-06-24T10:37:33Z" user="openmap-vn" uid="21213273" lat="20.9842231" lon="105.7905239"/>
 <node id="8831530657" visible="true" version="2" changeset="153105689" timestamp="2024-06-24T10:37:33Z" user="openmap-vn" uid="21213273" lat="20.9844798" lon="105.7907519"/>
 <node id="8831530658" visible="true" version="2" changeset="153105689" timestamp="2024-06-24T10:37:33Z" user="openmap-vn" uid="21213273" lat="20.9846226" lon="105.7908672"/>
 <node id="8831530659" visible="true" version="2" changeset="153105689" timestamp="2024-06-24T10:37:33Z" user="openmap-vn" uid="21213273" lat="20.9847691" lon="105.7910710"/>
 <node id="8831530663" visible="true" version="2" changeset="153105689" timestamp="2024-06-24T10:37:33Z" user="openmap-vn" uid="21213273" lat="20.9848630" lon="105.7912172"/>
 <node id="8831530664" visible="true" version="2" changeset="153105689" timestamp="2024-06-24T10:37:33Z" user="openmap-vn" uid="21213273" lat="20.9848304" lon="105.7911716"/>
 <node id="8831550598" visible="true" version="2" changeset="125881496" timestamp="2022-09-07T04:22:27Z" user="GrabVN_QThoai" uid="15740602" lat="20.9877981" lon="105.7899998"/>
 <node id="8831773013" visible="true" version="2" changeset="153105689" timestamp="2024-06-24T10:37:33Z" user="openmap-vn" uid="21213273" lat="20.9828469" lon="105.7874227"/>
 <node id="8831773014" visible="true" version="2" changeset="153105689" timestamp="2024-06-24T10:37:33Z" user="openmap-vn" uid="21213273" lat="20.9831025" lon="105.7876436"/>
 <node id="8831773015" visible="true" version="2" changeset="152578294" timestamp="2024-06-12T09:26:11Z" user="phoenixsaigon1698" uid="3323343" lat="20.9832144" lon="105.7869147"/>
 <node id="8831783968" visible="true" version="1" changeset="106332273" timestamp="2021-06-14T11:20:40Z" user="azeez007" uid="11515811" lat="20.9819830" lon="105.7855189"/>
 <node id="8831783969" visible="true" version="1" changeset="106332273" timestamp="2021-06-14T11:20:40Z" user="azeez007" uid="11515811" lat="20.9825578" lon="105.7861452"/>
 <node id="8831783970" visible="true" version="1" changeset="106332273" timestamp="2021-06-14T11:20:40Z" user="azeez007" uid="11515811" lat="20.9827431" lon="105.7863732"/>
 <node id="8831783971" visible="true" version="1" changeset="106332273" timestamp="2021-06-14T11:20:40Z" user="azeez007" uid="11515811" lat="20.9828583" lon="105.7864724"/>
 <node id="8831783972" visible="true" version="1" changeset="106332273" timestamp="2021-06-14T11:20:40Z" user="azeez007" uid="11515811" lat="20.9831726" lon="105.7867071"/>
 <node id="8831783973" visible="true" version="1" changeset="106332273" timestamp="2021-06-14T11:20:40Z" user="azeez007" uid="11515811" lat="20.9834882" lon="105.7869378"/>
 <node id="8831783974" visible="true" version="1" changeset="106332273" timestamp="2021-06-14T11:20:40Z" user="azeez007" uid="11515811" lat="20.9837198" lon="105.7871537"/>
 <node id="8831785117" visible="true" version="2" changeset="154092611" timestamp="2024-07-18T09:48:22Z" user="phoenixsaigon1698" uid="3323343" lat="20.9833618" lon="105.7878920"/>
 <node id="8846358771" visible="true" version="3" changeset="164466222" timestamp="2025-04-03T13:46:31Z" user="ZioDragon" uid="13799024" lat="20.9810524" lon="105.7842564"/>
 <node id="8869239510" visible="true" version="1" changeset="107023906" timestamp="2021-06-27T06:32:10Z" user="Hanh Hoang" uid="4391953" lat="20.9811085" lon="105.7867269"/>
 <node id="8869239511" visible="true" version="1" changeset="107023906" timestamp="2021-06-27T06:32:10Z" user="Hanh Hoang" uid="4391953" lat="20.9812476" lon="105.7865976"/>
 <node id="8869239512" visible="true" version="1" changeset="107023906" timestamp="2021-06-27T06:32:10Z" user="Hanh Hoang" uid="4391953" lat="20.9815617" lon="105.7863005"/>
 <node id="8869239513" visible="true" version="2" changeset="107814813" timestamp="2021-07-12T06:44:46Z" user="vietnam321" uid="11196308" lat="20.9810533" lon="105.7860184"/>
 <node id="8869239514" visible="true" version="2" changeset="107814813" timestamp="2021-07-12T06:44:46Z" user="vietnam321" uid="11196308" lat="20.9810058" lon="105.7861163"/>
 <node id="8869239515" visible="true" version="2" changeset="107814813" timestamp="2021-07-12T06:44:46Z" user="vietnam321" uid="11196308" lat="20.9812626" lon="105.7863735"/>
 <node id="8869239516" visible="true" version="2" changeset="107814813" timestamp="2021-07-12T06:44:46Z" user="vietnam321" uid="11196308" lat="20.9814382" lon="105.7862246"/>
 <node id="8869249717" visible="true" version="2" changeset="107814813" timestamp="2021-07-12T06:44:46Z" user="vietnam321" uid="11196308" lat="20.9813741" lon="105.7861451"/>
 <node id="8869249718" visible="true" version="2" changeset="107814813" timestamp="2021-07-12T06:44:46Z" user="vietnam321" uid="11196308" lat="20.9812285" lon="105.7862798"/>
 <node id="8869249723" visible="true" version="2" changeset="107814813" timestamp="2021-07-12T06:44:46Z" user="vietnam321" uid="11196308" lat="20.9811962" lon="105.7876900"/>
 <node id="8869249724" visible="true" version="2" changeset="107814813" timestamp="2021-07-12T06:44:46Z" user="vietnam321" uid="11196308" lat="20.9813947" lon="105.7875100"/>
 <node id="8869249726" visible="true" version="2" changeset="107814813" timestamp="2021-07-12T06:44:46Z" user="vietnam321" uid="11196308" lat="20.9810421" lon="105.7874906"/>
 <node id="8869249727" visible="true" version="2" changeset="107814813" timestamp="2021-07-12T06:44:46Z" user="vietnam321" uid="11196308" lat="20.9813226" lon="105.7871617"/>
 <node id="8869249728" visible="true" version="2" changeset="107814813" timestamp="2021-07-12T06:44:46Z" user="vietnam321" uid="11196308" lat="20.9814453" lon="105.7870408"/>
 <node id="8869249729" visible="true" version="2" changeset="107814813" timestamp="2021-07-12T06:44:46Z" user="vietnam321" uid="11196308" lat="20.9817767" lon="105.7874266"/>
 <node id="8869249730" visible="true" version="2" changeset="107814813" timestamp="2021-07-12T06:44:46Z" user="vietnam321" uid="11196308" lat="20.9816539" lon="105.7875475"/>
 <node id="8869249731" visible="true" version="2" changeset="107814813" timestamp="2021-07-12T06:44:46Z" user="vietnam321" uid="11196308" lat="20.9812388" lon="105.7873166"/>
 <node id="8869249732" visible="true" version="2" changeset="107814813" timestamp="2021-07-12T06:44:46Z" user="vietnam321" uid="11196308" lat="20.9811787" lon="105.7872453"/>
 <node id="8869249733" visible="true" version="2" changeset="107814813" timestamp="2021-07-12T06:44:46Z" user="vietnam321" uid="11196308" lat="20.9812877" lon="105.7871399"/>
 <node id="8869249734" visible="true" version="2" changeset="107814813" timestamp="2021-07-12T06:44:46Z" user="vietnam321" uid="11196308" lat="20.9811138" lon="105.7869967"/>
 <node id="8869249735" visible="true" version="2" changeset="107814813" timestamp="2021-07-12T06:44:46Z" user="vietnam321" uid="11196308" lat="20.9810054" lon="105.7870396"/>
 <node id="8869249736" visible="true" version="2" changeset="107814813" timestamp="2021-07-12T06:44:46Z" user="vietnam321" uid="11196308" lat="20.9809577" lon="105.7869833"/>
 <node id="8869249737" visible="true" version="2" changeset="107814813" timestamp="2021-07-12T06:44:46Z" user="vietnam321" uid="11196308" lat="20.9807175" lon="105.7872168"/>
 <node id="8869249739" visible="true" version="2" changeset="107814813" timestamp="2021-07-12T06:44:46Z" user="vietnam321" uid="11196308" lat="20.9808242" lon="105.7872255"/>
 <node id="8869249740" visible="true" version="2" changeset="107814813" timestamp="2021-07-12T06:44:46Z" user="vietnam321" uid="11196308" lat="20.9809910" lon="105.7874267"/>
 <node id="8869249745" visible="true" version="2" changeset="107814813" timestamp="2021-07-12T06:44:46Z" user="vietnam321" uid="11196308" lat="20.9811999" lon="105.7867023"/>
 <node id="8869249746" visible="true" version="2" changeset="107814813" timestamp="2021-07-12T06:44:46Z" user="vietnam321" uid="11196308" lat="20.9813508" lon="105.7868912"/>
 <node id="8869249747" visible="true" version="2" changeset="107814813" timestamp="2021-07-12T06:44:46Z" user="vietnam321" uid="11196308" lat="20.9815745" lon="105.7866863"/>
 <node id="8869249748" visible="true" version="2" changeset="107814813" timestamp="2021-07-12T06:44:46Z" user="vietnam321" uid="11196308" lat="20.9814236" lon="105.7864974"/>
 <node id="8869249749" visible="true" version="2" changeset="107814813" timestamp="2021-07-12T06:44:46Z" user="vietnam321" uid="11196308" lat="20.9817056" lon="105.7862284"/>
 <node id="8869249750" visible="true" version="2" changeset="107814813" timestamp="2021-07-12T06:44:46Z" user="vietnam321" uid="11196308" lat="20.9819054" lon="105.7864663"/>
 <node id="8869249751" visible="true" version="2" changeset="107814813" timestamp="2021-07-12T06:44:46Z" user="vietnam321" uid="11196308" lat="20.9818342" lon="105.7865349"/>
 <node id="8869249752" visible="true" version="2" changeset="107814813" timestamp="2021-07-12T06:44:46Z" user="vietnam321" uid="11196308" lat="20.9816343" lon="105.7862970"/>
 <node id="8869249753" visible="true" version="2" changeset="107814813" timestamp="2021-07-12T06:44:46Z" user="vietnam321" uid="11196308" lat="20.9817071" lon="105.7866397"/>
 <node id="8869249754" visible="true" version="2" changeset="107814813" timestamp="2021-07-12T06:44:46Z" user="vietnam321" uid="11196308" lat="20.9817501" lon="105.7866902"/>
 <node id="8869249755" visible="true" version="2" changeset="107814813" timestamp="2021-07-12T06:44:46Z" user="vietnam321" uid="11196308" lat="20.9814485" lon="105.7869842"/>
 <node id="8869249756" visible="true" version="2" changeset="107814813" timestamp="2021-07-12T06:44:46Z" user="vietnam321" uid="11196308" lat="20.9814055" lon="105.7869337"/>
 <node id="8912930362" visible="true" version="1" changeset="107814813" timestamp="2021-07-12T06:44:46Z" user="vietnam321" uid="11196308" lat="20.9811926" lon="105.7877459"/>
 <node id="8912930395" visible="true" version="1" changeset="107814813" timestamp="2021-07-12T06:44:46Z" user="vietnam321" uid="11196308" lat="20.9811991" lon="105.7863564"/>
 <node id="8912930398" visible="true" version="1" changeset="107814813" timestamp="2021-07-12T06:44:46Z" user="vietnam321" uid="11196308" lat="20.9819371" lon="105.7864254"/>
 <node id="8912930404" visible="true" version="1" changeset="107814813" timestamp="2021-07-12T06:44:46Z" user="vietnam321" uid="11196308" lat="20.9811592" lon="105.7861937"/>
 <node id="8912930407" visible="true" version="1" changeset="107814813" timestamp="2021-07-12T06:44:46Z" user="vietnam321" uid="11196308" lat="20.9813204" lon="105.7875787"/>
 <node id="8912930412" visible="true" version="1" changeset="107814813" timestamp="2021-07-12T06:44:46Z" user="vietnam321" uid="11196308" lat="20.9813309" lon="105.7863105"/>
 <node id="8912930414" visible="true" version="1" changeset="107814813" timestamp="2021-07-12T06:44:46Z" user="vietnam321" uid="11196308" lat="20.9818063" lon="105.7861259"/>
 <node id="8912947922" visible="true" version="1" changeset="107814813" timestamp="2021-07-12T06:44:46Z" user="vietnam321" uid="11196308" lat="20.9811760" lon="105.7861156"/>
 <node id="8912947924" visible="true" version="1" changeset="107814813" timestamp="2021-07-12T06:44:46Z" user="vietnam321" uid="11196308" lat="20.9813260" lon="105.7877016"/>
 <node id="8912947927" visible="true" version="1" changeset="107814813" timestamp="2021-07-12T06:44:46Z" user="vietnam321" uid="11196308" lat="20.9817404" lon="105.7861888"/>
 <node id="8912947934" visible="true" version="1" changeset="107814813" timestamp="2021-07-12T06:44:46Z" user="vietnam321" uid="11196308" lat="20.9811032" lon="105.7861234"/>
 <node id="8912947936" visible="true" version="1" changeset="107814813" timestamp="2021-07-12T06:44:46Z" user="vietnam321" uid="11196308" lat="20.9809907" lon="105.7875264"/>
 <node id="8912947946" visible="true" version="1" changeset="107814813" timestamp="2021-07-12T06:44:46Z" user="vietnam321" uid="11196308" lat="20.9809971" lon="105.7860704"/>
 <node id="8912947947" visible="true" version="1" changeset="107814813" timestamp="2021-07-12T06:44:46Z" user="vietnam321" uid="11196308" lat="20.9810848" lon="105.7869625"/>
 <node id="8912947952" visible="true" version="1" changeset="107814813" timestamp="2021-07-12T06:44:46Z" user="vietnam321" uid="11196308" lat="20.9812837" lon="105.7876489"/>
 <node id="8912947969" visible="true" version="1" changeset="107814813" timestamp="2021-07-12T06:44:46Z" user="vietnam321" uid="11196308" lat="20.9813370" lon="105.7863182"/>
 <node id="8912947976" visible="true" version="1" changeset="107814813" timestamp="2021-07-12T06:44:46Z" user="vietnam321" uid="11196308" lat="20.9811307" lon="105.7861575"/>
 <node id="8912947989" visible="true" version="1" changeset="107814813" timestamp="2021-07-12T06:44:46Z" user="vietnam321" uid="11196308" lat="20.9811231" lon="105.7861050"/>
 <node id="8912947991" visible="true" version="1" changeset="107814813" timestamp="2021-07-12T06:44:46Z" user="vietnam321" uid="11196308" lat="20.9811430" lon="105.7869685"/>
 <node id="8912948001" visible="true" version="1" changeset="107814813" timestamp="2021-07-12T06:44:46Z" user="vietnam321" uid="11196308" lat="20.9812500" lon="105.7877715"/>
 <node id="8912948006" visible="true" version="1" changeset="107814813" timestamp="2021-07-12T06:44:46Z" user="vietnam321" uid="11196308" lat="20.9810220" lon="105.7861014"/>
 <node id="8912948014" visible="true" version="1" changeset="107814813" timestamp="2021-07-12T06:44:46Z" user="vietnam321" uid="11196308" lat="20.9813372" lon="105.7875996"/>
 <node id="8912948018" visible="true" version="1" changeset="107814813" timestamp="2021-07-12T06:44:46Z" user="vietnam321" uid="11196308" lat="20.9812276" lon="105.7863301"/>
 <node id="8912948020" visible="true" version="1" changeset="107814813" timestamp="2021-07-12T06:44:46Z" user="vietnam321" uid="11196308" lat="20.9820031" lon="105.7863625"/>
 <node id="8912948026" visible="true" version="1" changeset="107814813" timestamp="2021-07-12T06:44:46Z" user="vietnam321" uid="11196308" lat="20.9812049" lon="105.7861515"/>
 <node id="8929105068" visible="true" version="1" changeset="108167774" timestamp="2021-07-17T17:14:08Z" user="ItsLouisAnderson" uid="11691953" lat="20.9700969" lon="105.7747737"/>
 <node id="8929646295" visible="true" version="1" changeset="108177552" timestamp="2021-07-18T02:38:52Z" user="AlexLumi" uid="13770895" lat="20.9871934" lon="105.7860587">
  <tag k="addr:city" v="Hà Nội"/>
  <tag k="addr:district" v="Hà Đông"/>
  <tag k="addr:province" v="Hà Nội"/>
  <tag k="addr:subdistrict" v="Mỗ Lao"/>
  <tag k="amenity" v="cafe"/>
  <tag k="brand" v="Starbucks"/>
  <tag k="brand:wikidata" v="Q37158"/>
  <tag k="brand:wikipedia" v="en:Starbucks"/>
  <tag k="cuisine" v="coffee_shop"/>
  <tag k="internet_access" v="yes"/>
  <tag k="internet_access:fee" v="customers"/>
  <tag k="name" v="Starbucks"/>
  <tag k="official_name" v="Starbucks Coffee"/>
  <tag k="outdoor_seating" v="yes"/>
  <tag k="takeaway" v="yes"/>
 </node>
 <node id="8929678459" visible="true" version="1" changeset="108177622" timestamp="2021-07-18T02:45:53Z" user="AlexLumi" uid="13770895" lat="20.9869800" lon="105.7870539"/>
 <node id="8929678460" visible="true" version="1" changeset="108177622" timestamp="2021-07-18T02:45:53Z" user="AlexLumi" uid="13770895" lat="20.9868748" lon="105.7870190"/>
 <node id="8929678461" visible="true" version="1" changeset="108177622" timestamp="2021-07-18T02:45:53Z" user="AlexLumi" uid="13770895" lat="20.9866870" lon="105.7875689"/>
 <node id="8929678462" visible="true" version="1" changeset="108177622" timestamp="2021-07-18T02:45:53Z" user="AlexLumi" uid="13770895" lat="20.9867972" lon="105.7876091"/>
 <node id="8929680113" visible="true" version="2" changeset="108177602" timestamp="2021-07-18T02:43:16Z" user="AlexLumi" uid="13770895" lat="20.9872645" lon="105.7871561"/>
 <node id="8929680114" visible="true" version="2" changeset="108177602" timestamp="2021-07-18T02:43:16Z" user="AlexLumi" uid="13770895" lat="20.9871323" lon="105.7875844"/>
 <node id="8929680115" visible="true" version="2" changeset="108177602" timestamp="2021-07-18T02:43:16Z" user="AlexLumi" uid="13770895" lat="20.9870381" lon="105.7875525"/>
 <node id="8929680116" visible="true" version="2" changeset="108177602" timestamp="2021-07-18T02:43:16Z" user="AlexLumi" uid="13770895" lat="20.9870629" lon="105.7874764"/>
 <node id="8929682663" visible="true" version="2" changeset="108177605" timestamp="2021-07-18T02:43:40Z" user="AlexLumi" uid="13770895" lat="20.9873197" lon="105.7865989"/>
 <node id="8929682664" visible="true" version="2" changeset="108177605" timestamp="2021-07-18T02:43:40Z" user="AlexLumi" uid="13770895" lat="20.9871776" lon="105.7870006"/>
 <node id="8929682665" visible="true" version="2" changeset="108177605" timestamp="2021-07-18T02:43:40Z" user="AlexLumi" uid="13770895" lat="20.9870950" lon="105.7869634"/>
 <node id="8929682666" visible="true" version="2" changeset="108177605" timestamp="2021-07-18T02:43:40Z" user="AlexLumi" uid="13770895" lat="20.9871363" lon="105.7868041"/>
 <node id="8929682667" visible="true" version="2" changeset="108177605" timestamp="2021-07-18T02:43:40Z" user="AlexLumi" uid="13770895" lat="20.9870818" lon="105.7867882"/>
 <node id="8929682668" visible="true" version="2" changeset="108177605" timestamp="2021-07-18T02:43:40Z" user="AlexLumi" uid="13770895" lat="20.9870306" lon="105.7869351"/>
 <node id="8929682669" visible="true" version="2" changeset="108177605" timestamp="2021-07-18T02:43:40Z" user="AlexLumi" uid="13770895" lat="20.9869397" lon="105.7869050"/>
 <node id="8929682670" visible="true" version="2" changeset="108177605" timestamp="2021-07-18T02:43:40Z" user="AlexLumi" uid="13770895" lat="20.9870669" lon="105.7865068"/>
 <node id="8929682671" visible="true" version="2" changeset="108177605" timestamp="2021-07-18T02:43:40Z" user="AlexLumi" uid="13770895" lat="20.9871595" lon="105.7865475"/>
 <node id="8929682672" visible="true" version="2" changeset="108177605" timestamp="2021-07-18T02:43:40Z" user="AlexLumi" uid="13770895" lat="20.9871215" lon="105.7866714"/>
 <node id="8929682673" visible="true" version="2" changeset="108177605" timestamp="2021-07-18T02:43:40Z" user="AlexLumi" uid="13770895" lat="20.9871826" lon="105.7866944"/>
 <node id="8929682674" visible="true" version="2" changeset="108177605" timestamp="2021-07-18T02:43:40Z" user="AlexLumi" uid="13770895" lat="20.9872206" lon="105.7865652"/>
 <node id="8929690473" visible="true" version="2" changeset="108177596" timestamp="2021-07-18T02:42:50Z" user="AlexLumi" uid="13770895" lat="20.9870935" lon="105.7876904"/>
 <node id="8929690474" visible="true" version="2" changeset="108177596" timestamp="2021-07-18T02:42:50Z" user="AlexLumi" uid="13770895" lat="20.9869371" lon="105.7876368"/>
 <node id="8929690475" visible="true" version="2" changeset="108177596" timestamp="2021-07-18T02:42:50Z" user="AlexLumi" uid="13770895" lat="20.9868528" lon="105.7879185"/>
 <node id="8929690476" visible="true" version="2" changeset="108177596" timestamp="2021-07-18T02:42:50Z" user="AlexLumi" uid="13770895" lat="20.9865307" lon="105.7878390"/>
 <node id="8929690477" visible="true" version="2" changeset="108177596" timestamp="2021-07-18T02:42:50Z" user="AlexLumi" uid="13770895" lat="20.9864802" lon="105.7880195"/>
 <node id="8929690478" visible="true" version="2" changeset="108177596" timestamp="2021-07-18T02:42:50Z" user="AlexLumi" uid="13770895" lat="20.9868967" lon="105.7882099"/>
 <node id="8929690479" visible="true" version="2" changeset="108177596" timestamp="2021-07-18T02:42:50Z" user="AlexLumi" uid="13770895" lat="20.9868899" lon="105.7877964"/>
 <node id="8929698517" visible="true" version="2" changeset="108177602" timestamp="2021-07-18T02:43:16Z" user="AlexLumi" uid="13770895" lat="20.9870100" lon="105.7874569"/>
 <node id="8929698518" visible="true" version="2" changeset="108177602" timestamp="2021-07-18T02:43:16Z" user="AlexLumi" uid="13770895" lat="20.9869886" lon="105.7875206"/>
 <node id="8929698519" visible="true" version="2" changeset="108177602" timestamp="2021-07-18T02:43:16Z" user="AlexLumi" uid="13770895" lat="20.9869109" lon="105.7874906"/>
 <node id="8929698520" visible="true" version="2" changeset="108177602" timestamp="2021-07-18T02:43:16Z" user="AlexLumi" uid="13770895" lat="20.9870447" lon="105.7870818"/>
 <node id="8929698521" visible="true" version="2" changeset="108177602" timestamp="2021-07-18T02:43:16Z" user="AlexLumi" uid="13770895" lat="20.9871356" lon="105.7871119"/>
 <node id="8929698522" visible="true" version="2" changeset="108177602" timestamp="2021-07-18T02:43:16Z" user="AlexLumi" uid="13770895" lat="20.9871075" lon="105.7871827"/>
 <node id="8929698523" visible="true" version="2" changeset="108177602" timestamp="2021-07-18T02:43:16Z" user="AlexLumi" uid="13770895" lat="20.9871554" lon="105.7871950"/>
 <node id="8929698524" visible="true" version="2" changeset="108177602" timestamp="2021-07-18T02:43:16Z" user="AlexLumi" uid="13770895" lat="20.9871753" lon="105.7871278"/>
 <node id="8929699714" visible="true" version="2" changeset="108177613" timestamp="2021-07-18T02:44:42Z" user="AlexLumi" uid="13770895" lat="20.9873242" lon="105.7864000"/>
 <node id="8929699715" visible="true" version="2" changeset="108177613" timestamp="2021-07-18T02:44:42Z" user="AlexLumi" uid="13770895" lat="20.9873488" lon="105.7862798"/>
 <node id="8929699716" visible="true" version="2" changeset="108177613" timestamp="2021-07-18T02:44:42Z" user="AlexLumi" uid="13770895" lat="20.9871545" lon="105.7862028"/>
 <node id="8929700617" visible="true" version="2" changeset="108177613" timestamp="2021-07-18T02:44:42Z" user="AlexLumi" uid="13770895" lat="20.9872293" lon="105.7859887"/>
 <node id="8929710417" visible="true" version="1" changeset="108177580" timestamp="2021-07-18T02:41:40Z" user="AlexLumi" uid="13770895" lat="20.9871963" lon="105.7861003">
  <tag k="addr:city" v="Hà Nội"/>
  <tag k="addr:district" v="Hà Đông"/>
  <tag k="addr:province" v="Hà Nội"/>
  <tag k="addr:subdistrict" v="Mỗ Lao"/>
  <tag k="brand" v="K-Market"/>
  <tag k="brand:wikidata" v="Q11868562"/>
  <tag k="brand:wikipedia" v="fi:K-Market"/>
  <tag k="name" v="K-Market"/>
  <tag k="payment:credit_cards" v="yes"/>
  <tag k="payment:visa" v="yes"/>
  <tag k="shop" v="convenience"/>
 </node>
 <node id="8929712878" visible="true" version="1" changeset="108177613" timestamp="2021-07-18T02:44:42Z" user="AlexLumi" uid="13770895" lat="20.9875198" lon="105.7861155"/>
 <node id="8929712879" visible="true" version="1" changeset="108177613" timestamp="2021-07-18T02:44:42Z" user="AlexLumi" uid="13770895" lat="20.9874253" lon="105.7864322"/>
 <node id="9019312714" visible="true" version="3" changeset="157199362" timestamp="2024-09-28T08:40:20Z" user="edumiz624" uid="20881381" lat="20.9856143" lon="105.7838582">
  <tag k="bus" v="yes"/>
  <tag k="highway" v="bus_stop"/>
  <tag k="name" v="UBND Phường Mỗ Lao"/>
  <tag k="public_transport" v="platform"/>
 </node>
 <node id="9019312715" visible="true" version="3" changeset="146507860" timestamp="2024-01-21T10:59:05Z" user="edumiz624" uid="20881381" lat="20.9856964" lon="105.7826748">
  <tag k="bus" v="yes"/>
  <tag k="highway" v="bus_stop"/>
  <tag k="name" v="Đối diện UBND Phường Mỗ Lao"/>
  <tag k="public_transport" v="platform"/>
 </node>
 <node id="9019312716" visible="true" version="1" changeset="109915829" timestamp="2021-08-19T08:02:05Z" user="ItsLouisAnderson" uid="11691953" lat="20.9835763" lon="105.7882192">
  <tag k="bus" v="yes"/>
  <tag k="highway" v="bus_stop"/>
  <tag k="name" v="Nhà LK3C-6 Bắc Hà"/>
  <tag k="public_transport" v="platform"/>
 </node>
 <node id="9019312717" visible="true" version="1" changeset="109915829" timestamp="2021-08-19T08:02:05Z" user="ItsLouisAnderson" uid="11691953" lat="20.9834548" lon="105.7885739">
  <tag k="bus" v="yes"/>
  <tag k="highway" v="bus_stop"/>
  <tag k="name" v="Nhà BT01 Bắc Hà"/>
  <tag k="public_transport" v="platform"/>
 </node>
 <node id="9037592387" visible="true" version="2" changeset="152477693" timestamp="2024-06-10T04:18:06Z" user="vietnam321" uid="11196308" lat="20.9849942" lon="105.7835873"/>
 <node id="9037592388" visible="true" version="2" changeset="152477693" timestamp="2024-06-10T04:18:06Z" user="vietnam321" uid="11196308" lat="20.9849774" lon="105.7836127"/>
 <node id="9037592392" visible="true" version="2" changeset="152477693" timestamp="2024-06-10T04:18:06Z" user="vietnam321" uid="11196308" lat="20.9849590" lon="105.7836251"/>
 <node id="9037592393" visible="true" version="2" changeset="152477693" timestamp="2024-06-10T04:18:06Z" user="vietnam321" uid="11196308" lat="20.9848743" lon="105.7835870"/>
 <node id="9037592394" visible="true" version="2" changeset="152477693" timestamp="2024-06-10T04:18:06Z" user="vietnam321" uid="11196308" lat="20.9849510" lon="105.7834940"/>
 <node id="9037592395" visible="true" version="3" changeset="174875352" timestamp="2025-11-19T19:26:38Z" user="Trần Thanh Tuấn" uid="16014056" lat="20.9849120" lon="105.7836942"/>
 <node id="9037592396" visible="true" version="3" changeset="174875352" timestamp="2025-11-19T19:26:38Z" user="Trần Thanh Tuấn" uid="16014056" lat="20.9855902" lon="105.7830562"/>
 <node id="9037592397" visible="true" version="3" changeset="174875352" timestamp="2025-11-19T19:26:38Z" user="Trần Thanh Tuấn" uid="16014056" lat="20.9855619" lon="105.7829088"/>
 <node id="9037592398" visible="true" version="3" changeset="174875352" timestamp="2025-11-19T19:26:38Z" user="Trần Thanh Tuấn" uid="16014056" lat="20.9855186" lon="105.7827513"/>
 <node id="9037592399" visible="true" version="3" changeset="174875352" timestamp="2025-11-19T19:26:38Z" user="Trần Thanh Tuấn" uid="16014056" lat="20.9854658" lon="105.7825535"/>
 <node id="9037592400" visible="true" version="4" changeset="174875352" timestamp="2025-11-19T19:26:38Z" user="Trần Thanh Tuấn" uid="16014056" lat="20.9853918" lon="105.7823752"/>
 <node id="9037592401" visible="true" version="4" changeset="174875352" timestamp="2025-11-19T19:26:38Z" user="Trần Thanh Tuấn" uid="16014056" lat="20.9853184" lon="105.7823515"/>
 <node id="9037592402" visible="true" version="3" changeset="174875352" timestamp="2025-11-19T19:26:38Z" user="Trần Thanh Tuấn" uid="16014056" lat="20.9844914" lon="105.7831026"/>
 <node id="9037592403" visible="true" version="3" changeset="174875352" timestamp="2025-11-19T19:26:38Z" user="Trần Thanh Tuấn" uid="16014056" lat="20.9844725" lon="105.7831733"/>
 <node id="9037592404" visible="true" version="1" changeset="110278194" timestamp="2021-08-26T10:15:35Z" user="vietnam321" uid="11196308" lat="20.9856056" lon="105.7833071"/>
 <node id="9037592405" visible="true" version="1" changeset="110278194" timestamp="2021-08-26T10:15:35Z" user="vietnam321" uid="11196308" lat="20.9856094" lon="105.7835574"/>
 <node id="9037592406" visible="true" version="1" changeset="110278194" timestamp="2021-08-26T10:15:35Z" user="vietnam321" uid="11196308" lat="20.9856004" lon="105.7838057"/>
 <node id="9037592407" visible="true" version="1" changeset="110278194" timestamp="2021-08-26T10:15:35Z" user="vietnam321" uid="11196308" lat="20.9855616" lon="105.7840484"/>
 <node id="9037592408" visible="true" version="3" changeset="174875352" timestamp="2025-11-19T19:26:38Z" user="Trần Thanh Tuấn" uid="16014056" lat="20.9851129" lon="105.7835063"/>
 <node id="9037592409" visible="true" version="1" changeset="110278194" timestamp="2021-08-26T10:15:35Z" user="vietnam321" uid="11196308" lat="20.9849721" lon="105.7836956"/>
 <node id="9037592410" visible="true" version="1" changeset="110278194" timestamp="2021-08-26T10:15:35Z" user="vietnam321" uid="11196308" lat="20.9850236" lon="105.7837588"/>
 <node id="9037592411" visible="true" version="1" changeset="110278194" timestamp="2021-08-26T10:15:35Z" user="vietnam321" uid="11196308" lat="20.9851062" lon="105.7839324"/>
 <node id="9037592412" visible="true" version="1" changeset="110278194" timestamp="2021-08-26T10:15:35Z" user="vietnam321" uid="11196308" lat="20.9853071" lon="105.7837445"/>
 <node id="9037592413" visible="true" version="1" changeset="110278194" timestamp="2021-08-26T10:15:35Z" user="vietnam321" uid="11196308" lat="20.9855804" lon="105.7839345"/>
 <node id="9037592414" visible="true" version="1" changeset="110278194" timestamp="2021-08-26T10:15:35Z" user="vietnam321" uid="11196308" lat="20.9856086" lon="105.7836809"/>
 <node id="9037592415" visible="true" version="1" changeset="110278194" timestamp="2021-08-26T10:15:35Z" user="vietnam321" uid="11196308" lat="20.9855383" lon="105.7841994"/>
 <node id="9037592416" visible="true" version="1" changeset="110278194" timestamp="2021-08-26T10:15:35Z" user="vietnam321" uid="11196308" lat="20.9855133" lon="105.7843214"/>
 <node id="9037592417" visible="true" version="1" changeset="110278194" timestamp="2021-08-26T10:15:35Z" user="vietnam321" uid="11196308" lat="20.9854144" lon="105.7843483"/>
 <node id="9252434641" visible="true" version="1" changeset="113791562" timestamp="2021-11-15T07:33:00Z" user="DucToan2410" uid="7563149" lat="20.9849086" lon="105.7883331"/>
 <node id="9252434642" visible="true" version="1" changeset="113791562" timestamp="2021-11-15T07:33:00Z" user="DucToan2410" uid="7563149" lat="20.9850329" lon="105.7872646"/>
 <node id="9252434643" visible="true" version="1" changeset="113791562" timestamp="2021-11-15T07:33:00Z" user="DucToan2410" uid="7563149" lat="20.9849457" lon="105.7872088"/>
 <node id="9252434644" visible="true" version="1" changeset="113791562" timestamp="2021-11-15T07:33:00Z" user="DucToan2410" uid="7563149" lat="20.9845080" lon="105.7879244"/>
 <node id="9252435129" visible="true" version="1" changeset="113791434" timestamp="2021-11-15T07:30:01Z" user="DucToan2410" uid="7563149" lat="20.9859339" lon="105.7827743"/>
 <node id="9252435130" visible="true" version="1" changeset="113791434" timestamp="2021-11-15T07:30:01Z" user="DucToan2410" uid="7563149" lat="20.9857626" lon="105.7825431"/>
 <node id="9252435131" visible="true" version="1" changeset="113791434" timestamp="2021-11-15T07:30:01Z" user="DucToan2410" uid="7563149" lat="20.9857180" lon="105.7825463"/>
 <node id="9252435132" visible="true" version="1" changeset="113791434" timestamp="2021-11-15T07:30:01Z" user="DucToan2410" uid="7563149" lat="20.9857013" lon="105.7825913"/>
 <node id="9252435133" visible="true" version="1" changeset="113791434" timestamp="2021-11-15T07:30:01Z" user="DucToan2410" uid="7563149" lat="20.9857681" lon="105.7829282"/>
 <node id="9320498259" visible="true" version="3" changeset="177550326" timestamp="2026-01-22T06:18:53Z" user="Hung Tran 9x0" uid="20910140" lat="20.9880049" lon="105.7922397"/>
 <node id="9336181519" visible="true" version="2" changeset="153105689" timestamp="2024-06-24T10:37:33Z" user="openmap-vn" uid="21213273" lat="20.9857996" lon="105.7843791"/>
 <node id="9336181520" visible="true" version="2" changeset="153105689" timestamp="2024-06-24T10:37:33Z" user="openmap-vn" uid="21213273" lat="20.9857412" lon="105.7843059">
  <tag k="name" v="Số 6, Liền kề 6B, Nguyễn Văn Lộc, Hà Đông, Hà Nội"/>
  <tag k="source" v="Nhà Ở Ngay Hà Đông"/>
 </node>
 <node id="9336181521" visible="true" version="1" changeset="114904395" timestamp="2021-12-14T03:50:42Z" user="Quyen Hoang Bui" uid="14629289" lat="20.9857616" lon="105.7842254">
  <tag k="addr:city" v="Hà Nội"/>
  <tag k="addr:district" v="Hà Đông"/>
  <tag k="addr:housenumber" v="Số 6, LiềK 6B"/>
  <tag k="addr:postcode" v="100000"/>
  <tag k="addr:province" v="Hà Nội"/>
  <tag k="addr:street" v="Phố Nguyễn Văn Lộc"/>
  <tag k="addr:subdistrict" v="Mỗ Lao"/>
  <tag k="charge" v="VNĐ"/>
  <tag k="fixme" v="Bất Động Sản Nhà Ở Ngay Hà Đông"/>
  <tag k="name" v="Nhà Ở Ngay Hà Đông"/>
 </node>
 <node id="9398556329" visible="true" version="4" changeset="146012992" timestamp="2024-01-08T03:20:31Z" user="Hai TM" uid="17447908" lat="20.9788981" lon="105.7914300"/>
 <node id="9424945492" visible="true" version="1" changeset="116246038" timestamp="2022-01-17T09:54:12Z" user="ItsLouisAnderson" uid="11691953" lat="20.9833943" lon="105.7917721"/>
 <node id="9424945493" visible="true" version="1" changeset="116246038" timestamp="2022-01-17T09:54:12Z" user="ItsLouisAnderson" uid="11691953" lat="20.9826450" lon="105.7908142"/>
 <node id="9424945494" visible="true" version="1" changeset="116246038" timestamp="2022-01-17T09:54:12Z" user="ItsLouisAnderson" uid="11691953" lat="20.9824621" lon="105.7906549">
  <tag k="railway" v="switch"/>
 </node>
 <node id="9424945495" visible="true" version="1" changeset="116246038" timestamp="2022-01-17T09:54:12Z" user="ItsLouisAnderson" uid="11691953" lat="20.9819493" lon="105.7900908">
  <tag k="railway" v="switch"/>
 </node>
 <node id="9424945496" visible="true" version="1" changeset="116246038" timestamp="2022-01-17T09:54:12Z" user="ItsLouisAnderson" uid="11691953" lat="20.9822529" lon="105.7904024">
  <tag k="railway" v="switch"/>
 </node>
 <node id="9424945497" visible="true" version="1" changeset="116246038" timestamp="2022-01-17T09:54:12Z" user="ItsLouisAnderson" uid="11691953" lat="20.9836579" lon="105.7921847">
  <tag k="railway" v="switch"/>
 </node>
 <node id="9424945498" visible="true" version="1" changeset="116246038" timestamp="2022-01-17T09:54:12Z" user="ItsLouisAnderson" uid="11691953" lat="20.9838185" lon="105.7924603">
  <tag k="railway" v="switch"/>
 </node>
 <node id="9565445162" visible="true" version="4" changeset="143313801" timestamp="2023-10-29T14:05:34Z" user="anhtthr1111" uid="20516180" lat="20.9827562" lon="105.7925595"/>
 <node id="9565445167" visible="true" version="2" changeset="143313801" timestamp="2023-10-29T14:05:34Z" user="anhtthr1111" uid="20516180" lat="20.9831037" lon="105.7920990"/>
 <node id="9571079706" visible="true" version="4" changeset="154092337" timestamp="2024-07-18T09:42:31Z" user="phoenixsaigon1698" uid="3323343" lat="20.9881419" lon="105.7849063"/>
 <node id="9571079707" visible="true" version="3" changeset="154092337" timestamp="2024-07-18T09:42:31Z" user="phoenixsaigon1698" uid="3323343" lat="20.9877540" lon="105.7860567"/>
 <node id="9571079708" visible="true" version="5" changeset="154092337" timestamp="2024-07-18T09:42:31Z" user="phoenixsaigon1698" uid="3323343" lat="20.9884960" lon="105.7838931"/>
 <node id="9571079709" visible="true" version="3" changeset="154092022" timestamp="2024-07-18T09:34:47Z" user="phoenixsaigon1698" uid="3323343" lat="20.9873853" lon="105.7841348">
  <tag k="highway" v="turning_circle"/>
 </node>
 <node id="9571079710" visible="true" version="3" changeset="154092022" timestamp="2024-07-18T09:34:47Z" user="phoenixsaigon1698" uid="3323343" lat="20.9882823" lon="105.7845314"/>
 <node id="9571079712" visible="true" version="4" changeset="154092337" timestamp="2024-07-18T09:42:31Z" user="phoenixsaigon1698" uid="3323343" lat="20.9879806" lon="105.7853926"/>
 <node id="9580122733" visible="true" version="2" changeset="123391172" timestamp="2022-07-09T08:07:48Z" user="vietnam321" uid="11196308" lat="20.9847911" lon="105.7921676"/>
 <node id="9580122734" visible="true" version="2" changeset="123391172" timestamp="2022-07-09T08:07:48Z" user="vietnam321" uid="11196308" lat="20.9846192" lon="105.7923209"/>
 <node id="9580122735" visible="true" version="2" changeset="123391172" timestamp="2022-07-09T08:07:48Z" user="vietnam321" uid="11196308" lat="20.9844986" lon="105.7921657"/>
 <node id="9580122736" visible="true" version="2" changeset="123391172" timestamp="2022-07-09T08:07:48Z" user="vietnam321" uid="11196308" lat="20.9846706" lon="105.7920124"/>
 <node id="9580122737" visible="true" version="1" changeset="118500811" timestamp="2022-03-15T08:39:04Z" user="gan_ven" uid="11732251" lat="20.9840490" lon="105.7922440"/>
 <node id="9580122738" visible="true" version="1" changeset="118500811" timestamp="2022-03-15T08:39:04Z" user="gan_ven" uid="11732251" lat="20.9841134" lon="105.7923274"/>
 <node id="9580122739" visible="true" version="1" changeset="118500811" timestamp="2022-03-15T08:39:04Z" user="gan_ven" uid="11732251" lat="20.9842131" lon="105.7922392"/>
 <node id="9580122740" visible="true" version="1" changeset="118500811" timestamp="2022-03-15T08:39:04Z" user="gan_ven" uid="11732251" lat="20.9841488" lon="105.7921557"/>
 <node id="9580122741" visible="true" version="1" changeset="118500811" timestamp="2022-03-15T08:39:04Z" user="gan_ven" uid="11732251" lat="20.9842392" lon="105.7916549"/>
 <node id="9580122742" visible="true" version="1" changeset="118500811" timestamp="2022-03-15T08:39:04Z" user="gan_ven" uid="11732251" lat="20.9843196" lon="105.7917476"/>
 <node id="9580122743" visible="true" version="1" changeset="118500811" timestamp="2022-03-15T08:39:04Z" user="gan_ven" uid="11732251" lat="20.9845448" lon="105.7915235"/>
 <node id="9580122744" visible="true" version="1" changeset="118500811" timestamp="2022-03-15T08:39:04Z" user="gan_ven" uid="11732251" lat="20.9844644" lon="105.7914308"/>
 <node id="9580122745" visible="true" version="1" changeset="118500811" timestamp="2022-03-15T08:39:04Z" user="gan_ven" uid="11732251" lat="20.9843310" lon="105.7918599"/>
 <node id="9580122746" visible="true" version="1" changeset="118500811" timestamp="2022-03-15T08:39:04Z" user="gan_ven" uid="11732251" lat="20.9844376" lon="105.7919833"/>
 <node id="9580122747" visible="true" version="1" changeset="118500811" timestamp="2022-03-15T08:39:04Z" user="gan_ven" uid="11732251" lat="20.9847818" lon="105.7916420"/>
 <node id="9580122748" visible="true" version="1" changeset="118500811" timestamp="2022-03-15T08:39:04Z" user="gan_ven" uid="11732251" lat="20.9846751" lon="105.7915186"/>
 <node id="9580122749" visible="true" version="1" changeset="118500811" timestamp="2022-03-15T08:39:04Z" user="gan_ven" uid="11732251" lat="20.9850230" lon="105.7897457"/>
 <node id="9580122750" visible="true" version="1" changeset="118500811" timestamp="2022-03-15T08:39:04Z" user="gan_ven" uid="11732251" lat="20.9849848" lon="105.7897953"/>
 <node id="9580122751" visible="true" version="1" changeset="118500811" timestamp="2022-03-15T08:39:04Z" user="gan_ven" uid="11732251" lat="20.9849169" lon="105.7897353"/>
 <node id="9580122752" visible="true" version="1" changeset="118500811" timestamp="2022-03-15T08:39:04Z" user="gan_ven" uid="11732251" lat="20.9849551" lon="105.7896857"/>
 <node id="9580122753" visible="true" version="1" changeset="118500811" timestamp="2022-03-15T08:39:04Z" user="gan_ven" uid="11732251" lat="20.9846726" lon="105.7899568"/>
 <node id="9580122754" visible="true" version="1" changeset="118500811" timestamp="2022-03-15T08:39:04Z" user="gan_ven" uid="11732251" lat="20.9847159" lon="105.7899830"/>
 <node id="9580122755" visible="true" version="1" changeset="118500811" timestamp="2022-03-15T08:39:04Z" user="gan_ven" uid="11732251" lat="20.9845320" lon="105.7898200"/>
 <node id="9580122756" visible="true" version="1" changeset="118500811" timestamp="2022-03-15T08:39:04Z" user="gan_ven" uid="11732251" lat="20.9844916" lon="105.7898965"/>
 <node id="9580122757" visible="true" version="1" changeset="118500811" timestamp="2022-03-15T08:39:04Z" user="gan_ven" uid="11732251" lat="20.9846529" lon="105.7899941"/>
 <node id="9580122758" visible="true" version="1" changeset="118500811" timestamp="2022-03-15T08:39:04Z" user="gan_ven" uid="11732251" lat="20.9847366" lon="105.7899438"/>
 <node id="9580122759" visible="true" version="1" changeset="118500811" timestamp="2022-03-15T08:39:04Z" user="gan_ven" uid="11732251" lat="20.9846252" lon="105.7898214"/>
 <node id="9580122760" visible="true" version="1" changeset="118500811" timestamp="2022-03-15T08:39:04Z" user="gan_ven" uid="11732251" lat="20.9845601" lon="105.7897779"/>
 <node id="9580122761" visible="true" version="1" changeset="118500811" timestamp="2022-03-15T08:39:04Z" user="gan_ven" uid="11732251" lat="20.9845951" lon="105.7897179"/>
 <node id="9580122762" visible="true" version="1" changeset="118500811" timestamp="2022-03-15T08:39:04Z" user="gan_ven" uid="11732251" lat="20.9846602" lon="105.7897615"/>
 <node id="9580122763" visible="true" version="1" changeset="118500811" timestamp="2022-03-15T08:39:04Z" user="gan_ven" uid="11732251" lat="20.9846443" lon="105.7895903"/>
 <node id="9580122764" visible="true" version="1" changeset="118500811" timestamp="2022-03-15T08:39:04Z" user="gan_ven" uid="11732251" lat="20.9845986" lon="105.7896774"/>
 <node id="9580122765" visible="true" version="1" changeset="118500811" timestamp="2022-03-15T08:39:04Z" user="gan_ven" uid="11732251" lat="20.9848186" lon="105.7898097"/>
 <node id="9580122766" visible="true" version="1" changeset="118500811" timestamp="2022-03-15T08:39:04Z" user="gan_ven" uid="11732251" lat="20.9848643" lon="105.7897226"/>
 <node id="9580298448" visible="true" version="2" changeset="162559221" timestamp="2025-02-16T06:04:30Z" user="Hung Tran 9x0" uid="20910140" lat="20.9850003" lon="105.7913358"/>
 <node id="9580298449" visible="true" version="2" changeset="162559221" timestamp="2025-02-16T06:04:30Z" user="Hung Tran 9x0" uid="20910140" lat="20.9849892" lon="105.7913216"/>
 <node id="9580298450" visible="true" version="2" changeset="162559221" timestamp="2025-02-16T06:04:30Z" user="Hung Tran 9x0" uid="20910140" lat="20.9850687" lon="105.7912507"/>
 <node id="9580298451" visible="true" version="2" changeset="162559221" timestamp="2025-02-16T06:04:30Z" user="Hung Tran 9x0" uid="20910140" lat="20.9850797" lon="105.7912649"/>
 <node id="9580298452" visible="true" version="2" changeset="162559221" timestamp="2025-02-16T06:04:30Z" user="Hung Tran 9x0" uid="20910140" lat="20.9849490" lon="105.7913816"/>
 <node id="9580298453" visible="true" version="2" changeset="162559221" timestamp="2025-02-16T06:04:30Z" user="Hung Tran 9x0" uid="20910140" lat="20.9850803" lon="105.7915505"/>
 <node id="9580298454" visible="true" version="2" changeset="162559221" timestamp="2025-02-16T06:04:30Z" user="Hung Tran 9x0" uid="20910140" lat="20.9852846" lon="105.7913682"/>
 <node id="9580298455" visible="true" version="2" changeset="162559221" timestamp="2025-02-16T06:04:30Z" user="Hung Tran 9x0" uid="20910140" lat="20.9851532" lon="105.7911993"/>
 <node id="9580491510" visible="true" version="1" changeset="118510028" timestamp="2022-03-15T12:39:43Z" user="gan_ven" uid="11732251" lat="20.9853915" lon="105.7899778"/>
 <node id="9580491511" visible="true" version="1" changeset="118510028" timestamp="2022-03-15T12:39:43Z" user="gan_ven" uid="11732251" lat="20.9853628" lon="105.7899781"/>
 <node id="9580491512" visible="true" version="1" changeset="118510028" timestamp="2022-03-15T12:39:43Z" user="gan_ven" uid="11732251" lat="20.9854402" lon="105.7900360"/>
 <node id="9580491513" visible="true" version="1" changeset="118510028" timestamp="2022-03-15T12:39:43Z" user="gan_ven" uid="11732251" lat="20.9853632" lon="105.7900367"/>
 <node id="9580491514" visible="true" version="1" changeset="118510028" timestamp="2022-03-15T12:39:43Z" user="gan_ven" uid="11732251" lat="20.9853914" lon="105.7899617"/>
 <node id="9580491515" visible="true" version="1" changeset="118510028" timestamp="2022-03-15T12:39:43Z" user="gan_ven" uid="11732251" lat="20.9854396" lon="105.7899613"/>
 <node id="9580505299" visible="true" version="1" changeset="118509433" timestamp="2022-03-15T12:22:03Z" user="gan_ven" uid="11732251" lat="20.9841058" lon="105.7917875"/>
 <node id="9580505300" visible="true" version="1" changeset="118509433" timestamp="2022-03-15T12:22:03Z" user="gan_ven" uid="11732251" lat="20.9839352" lon="105.7919818"/>
 <node id="9580505301" visible="true" version="1" changeset="118509433" timestamp="2022-03-15T12:22:03Z" user="gan_ven" uid="11732251" lat="20.9838916" lon="105.7919379"/>
 <node id="9580505302" visible="true" version="1" changeset="118509433" timestamp="2022-03-15T12:22:03Z" user="gan_ven" uid="11732251" lat="20.9840623" lon="105.7917436"/>
 <node id="9585316560" visible="true" version="2" changeset="178325826" timestamp="2026-02-09T18:48:23Z" user="HoangQuanHDFPV" uid="22644759" lat="20.9834547" lon="105.7875844"/>
 <node id="9585316561" visible="true" version="2" changeset="178325826" timestamp="2026-02-09T18:48:23Z" user="HoangQuanHDFPV" uid="22644759" lat="20.9834991" lon="105.7876374"/>
 <node id="9587296911" visible="true" version="1" changeset="118622897" timestamp="2022-03-18T08:38:24Z" user="GrabVN_DinhVo" uid="13899049" lat="20.9837567" lon="105.7913433">
  <tag k="name" v="Mac Plaza"/>
  <tag k="shop" v="mall"/>
 </node>
 <node id="9587375640" visible="true" version="2" changeset="156302063" timestamp="2024-09-07T07:55:32Z" user="Hung Tran 9x0" uid="20910140" lat="20.9869954" lon="105.7870089">
  <tag k="landuse" v="residential"/>
  <tag k="name" v="Chung cư Season Avenue"/>
  <tag k="residential" v="apartments"/>
 </node>
 <node id="9625878774" visible="true" version="1" changeset="119148035" timestamp="2022-03-31T08:28:56Z" user="pinnam_22" uid="14936252" lat="20.9835965" lon="105.7910733"/>
 <node id="9625878775" visible="true" version="1" changeset="119148035" timestamp="2022-03-31T08:28:56Z" user="pinnam_22" uid="14936252" lat="20.9833924" lon="105.7912570"/>
 <node id="9625878776" visible="true" version="1" changeset="119148035" timestamp="2022-03-31T08:28:56Z" user="pinnam_22" uid="14936252" lat="20.9832991" lon="105.7911381"/>
 <node id="9625878777" visible="true" version="1" changeset="119148035" timestamp="2022-03-31T08:28:56Z" user="pinnam_22" uid="14936252" lat="20.9835032" lon="105.7909544"/>
 <node id="9625878778" visible="true" version="1" changeset="119148035" timestamp="2022-03-31T08:28:56Z" user="pinnam_22" uid="14936252" lat="20.9837711" lon="105.7917416"/>
 <node id="9625878779" visible="true" version="1" changeset="119148035" timestamp="2022-03-31T08:28:56Z" user="pinnam_22" uid="14936252" lat="20.9838425" lon="105.7918327"/>
 <node id="9625878780" visible="true" version="1" changeset="119148035" timestamp="2022-03-31T08:28:56Z" user="pinnam_22" uid="14936252" lat="20.9837812" lon="105.7918878"/>
 <node id="9625878781" visible="true" version="1" changeset="119148035" timestamp="2022-03-31T08:28:56Z" user="pinnam_22" uid="14936252" lat="20.9837098" lon="105.7917966"/>
 <node id="9875881797" visible="true" version="1" changeset="123391172" timestamp="2022-07-09T08:07:48Z" user="vietnam321" uid="11196308" lat="20.9849084" lon="105.7917626"/>
 <node id="9875881798" visible="true" version="2" changeset="132454962" timestamp="2023-02-12T17:07:46Z" user="Mapping_95" uid="10498092" lat="20.9841370" lon="105.7924126"/>
 <node id="9875881799" visible="true" version="1" changeset="123391172" timestamp="2022-07-09T08:07:48Z" user="vietnam321" uid="11196308" lat="20.9845553" lon="105.7930232"/>
 <node id="9875881800" visible="true" version="1" changeset="123391172" timestamp="2022-07-09T08:07:48Z" user="vietnam321" uid="11196308" lat="20.9847606" lon="105.7928623"/>
 <node id="9875881801" visible="true" version="1" changeset="123391172" timestamp="2022-07-09T08:07:48Z" user="vietnam321" uid="11196308" lat="20.9852439" lon="105.7928221"/>
 <node id="9875881802" visible="true" version="1" changeset="123391172" timestamp="2022-07-09T08:07:48Z" user="vietnam321" uid="11196308" lat="20.9851888" lon="105.7921730"/>
 <node id="9875881803" visible="true" version="1" changeset="123391172" timestamp="2022-07-09T08:07:48Z" user="vietnam321" uid="11196308" lat="20.9849187" lon="105.7923318"/>
 <node id="9875881804" visible="true" version="1" changeset="123391172" timestamp="2022-07-09T08:07:48Z" user="vietnam321" uid="11196308" lat="20.9849326" lon="105.7923194"/>
 <node id="9875881805" visible="true" version="1" changeset="123391172" timestamp="2022-07-09T08:07:48Z" user="vietnam321" uid="11196308" lat="20.9849551" lon="105.7923484"/>
 <node id="9875881806" visible="true" version="1" changeset="123391172" timestamp="2022-07-09T08:07:48Z" user="vietnam321" uid="11196308" lat="20.9850800" lon="105.7922373"/>
 <node id="9875881807" visible="true" version="1" changeset="123391172" timestamp="2022-07-09T08:07:48Z" user="vietnam321" uid="11196308" lat="20.9850372" lon="105.7921821"/>
 <node id="9875881808" visible="true" version="1" changeset="123391172" timestamp="2022-07-09T08:07:48Z" user="vietnam321" uid="11196308" lat="20.9848699" lon="105.7919310"/>
 <node id="9875881809" visible="true" version="1" changeset="123391172" timestamp="2022-07-09T08:07:48Z" user="vietnam321" uid="11196308" lat="20.9848600" lon="105.7919399"/>
 <node id="9875881810" visible="true" version="1" changeset="123391172" timestamp="2022-07-09T08:07:48Z" user="vietnam321" uid="11196308" lat="20.9848158" lon="105.7918830"/>
 <node id="9875881811" visible="true" version="1" changeset="123391172" timestamp="2022-07-09T08:07:48Z" user="vietnam321" uid="11196308" lat="20.9850536" lon="105.7921676"/>
 <node id="9935058701" visible="true" version="1" changeset="124549463" timestamp="2022-08-06T07:35:46Z" user="Kem trị nám K5" uid="16758270" lat="20.9867213" lon="105.7913881">
  <tag k="amenity" v="place_of_worship"/>
 </node>
 <node id="9935058702" visible="true" version="1" changeset="124549463" timestamp="2022-08-06T07:35:46Z" user="Kem trị nám K5" uid="16758270" lat="20.9867249" lon="105.7906172">
  <tag k="name" v="Kem trị nám K5"/>
  <tag k="website" v="https://k5skincare.vn"/>
 </node>
 <node id="10003470905" visible="true" version="1" changeset="125839763" timestamp="2022-09-06T05:40:09Z" user="danut_grab" uid="10683734" lat="20.9840466" lon="105.7839927"/>
 <node id="10003470906" visible="true" version="1" changeset="125839763" timestamp="2022-09-06T05:40:09Z" user="danut_grab" uid="10683734" lat="20.9841378" lon="105.7839310"/>
 <node id="10005545153" visible="true" version="1" changeset="125881362" timestamp="2022-09-07T04:13:59Z" user="GrabVN_QThoai" uid="15740602" lat="20.9863565" lon="105.7899776"/>
 <node id="10005545154" visible="true" version="1" changeset="125881362" timestamp="2022-09-07T04:13:59Z" user="GrabVN_QThoai" uid="15740602" lat="20.9863489" lon="105.7899893"/>
 <node id="10005545155" visible="true" version="1" changeset="125881362" timestamp="2022-09-07T04:13:59Z" user="GrabVN_QThoai" uid="15740602" lat="20.9860819" lon="105.7901865"/>
 <node id="10054848910" visible="true" version="1" changeset="126674577" timestamp="2022-09-26T23:11:06Z" user="Hoàng Tuấn Việt" uid="13707170" lat="20.9743631" lon="105.7803292"/>
 <node id="10097990446" visible="true" version="1" changeset="127467708" timestamp="2022-10-13T12:29:42Z" user="Mapping_95" uid="10498092" lat="20.9791403" lon="105.7869043"/>
 <node id="10097990447" visible="true" version="1" changeset="127467708" timestamp="2022-10-13T12:29:42Z" user="Mapping_95" uid="10498092" lat="20.9794485" lon="105.7872734"/>
 <node id="10097990448" visible="true" version="2" changeset="127875780" timestamp="2022-10-21T10:39:22Z" user="Mapping_95" uid="10498092" lat="20.9801317" lon="105.7881090"/>
 <node id="10097990449" visible="true" version="1" changeset="127467708" timestamp="2022-10-13T12:29:42Z" user="Mapping_95" uid="10498092" lat="20.9793201" lon="105.7871196">
  <tag k="highway" v="crossing"/>
 </node>
 <node id="10097990450" visible="true" version="2" changeset="166263216" timestamp="2025-05-14T15:32:12Z" user="Hung Tran 9x0" uid="20910140" lat="20.9795590" lon="105.7874081">
  <tag k="highway" v="crossing"/>
 </node>
 <node id="10097990451" visible="true" version="1" changeset="127467708" timestamp="2022-10-13T12:29:42Z" user="Mapping_95" uid="10498092" lat="20.9807590" lon="105.7888956"/>
 <node id="10097990461" visible="true" version="1" changeset="127467708" timestamp="2022-10-13T12:29:42Z" user="Mapping_95" uid="10498092" lat="20.9823483" lon="105.7909051"/>
 <node id="10097990462" visible="true" version="1" changeset="127467708" timestamp="2022-10-13T12:29:42Z" user="Mapping_95" uid="10498092" lat="20.9829785" lon="105.7916740"/>
 <node id="10097990465" visible="true" version="2" changeset="157175694" timestamp="2024-09-27T15:03:37Z" user="vietnam321" uid="11196308" lat="20.9805781" lon="105.7886581">
  <tag k="highway" v="crossing"/>
 </node>
 <node id="10097990466" visible="true" version="1" changeset="127467708" timestamp="2022-10-13T12:29:42Z" user="Mapping_95" uid="10498092" lat="20.9808949" lon="105.7890671">
  <tag k="highway" v="crossing"/>
 </node>
 <node id="10097990467" visible="true" version="1" changeset="127467708" timestamp="2022-10-13T12:29:42Z" user="Mapping_95" uid="10498092" lat="20.9814247" lon="105.7897350">
  <tag k="highway" v="crossing"/>
 </node>
 <node id="10097990468" visible="true" version="2" changeset="150651115" timestamp="2024-04-29T08:41:19Z" user="vietnam321" uid="11196308" lat="20.9817907" lon="105.7901916">
  <tag k="highway" v="crossing"/>
 </node>
 <node id="10097990469" visible="true" version="1" changeset="127467708" timestamp="2022-10-13T12:29:42Z" user="Mapping_95" uid="10498092" lat="20.9830738" lon="105.7917958">
  <tag k="highway" v="crossing"/>
 </node>
 <node id="10097990470" visible="true" version="1" changeset="127467708" timestamp="2022-10-13T12:29:42Z" user="Mapping_95" uid="10498092" lat="20.9832256" lon="105.7919901">
  <tag k="highway" v="crossing"/>
 </node>
 <node id="10097990477" visible="true" version="1" changeset="127467708" timestamp="2022-10-13T12:29:42Z" user="Mapping_95" uid="10498092" lat="20.9835632" lon="105.7924220"/>
 <node id="10128363418" visible="true" version="1" changeset="128045550" timestamp="2022-10-25T15:27:08Z" user="DucToan2410" uid="7563149" lat="20.9840272" lon="105.7871727"/>
 <node id="10128363419" visible="true" version="1" changeset="128045550" timestamp="2022-10-25T15:27:08Z" user="DucToan2410" uid="7563149" lat="20.9838519" lon="105.7870053"/>
 <node id="10128363420" visible="true" version="1" changeset="128045550" timestamp="2022-10-25T15:27:08Z" user="DucToan2410" uid="7563149" lat="20.9834362" lon="105.7875439"/>
 <node id="10128363421" visible="true" version="1" changeset="128045550" timestamp="2022-10-25T15:27:08Z" user="DucToan2410" uid="7563149" lat="20.9835614" lon="105.7876694"/>
 <node id="10250122529" visible="true" version="1" changeset="129922352" timestamp="2022-12-10T04:46:07Z" user="ItsLouisAnderson" uid="11691953" lat="20.9911836" lon="105.8028039"/>
 <node id="10250122530" visible="true" version="1" changeset="129922352" timestamp="2022-12-10T04:46:07Z" user="ItsLouisAnderson" uid="11691953" lat="20.9911559" lon="105.8028234"/>
 <node id="10263912788" visible="true" version="1" changeset="130094251" timestamp="2022-12-15T01:58:39Z" user="vietnam321" uid="11196308" lat="20.9804073" lon="105.7935674"/>
 <node id="10288525285" visible="true" version="1" changeset="130535343" timestamp="2022-12-27T00:17:33Z" user="Haris IRM-ED" uid="12027858" lat="20.9859968" lon="105.7863101"/>
 <node id="10288525286" visible="true" version="1" changeset="130535343" timestamp="2022-12-27T00:17:33Z" user="Haris IRM-ED" uid="12027858" lat="20.9858385" lon="105.7862438"/>
 <node id="10288525287" visible="true" version="1" changeset="130535343" timestamp="2022-12-27T00:17:33Z" user="Haris IRM-ED" uid="12027858" lat="20.9857953" lon="105.7862424"/>
 <node id="10302202273" visible="true" version="3" changeset="153105689" timestamp="2024-06-24T10:37:33Z" user="openmap-vn" uid="21213273" lat="20.9813647" lon="105.7854177"/>
 <node id="10302202274" visible="true" version="2" changeset="153105689" timestamp="2024-06-24T10:37:33Z" user="openmap-vn" uid="21213273" lat="20.9814898" lon="105.7855753"/>
 <node id="10302202275" visible="true" version="2" changeset="153105689" timestamp="2024-06-24T10:37:33Z" user="openmap-vn" uid="21213273" lat="20.9814720" lon="105.7855951"/>
 <node id="10302202276" visible="true" version="2" changeset="153105689" timestamp="2024-06-24T10:37:33Z" user="openmap-vn" uid="21213273" lat="20.9815531" lon="105.7856861"/>
 <node id="10302202277" visible="true" version="2" changeset="153105689" timestamp="2024-06-24T10:37:33Z" user="openmap-vn" uid="21213273" lat="20.9815849" lon="105.7856993"/>
 <node id="10302202278" visible="true" version="2" changeset="153105689" timestamp="2024-06-24T10:37:33Z" user="openmap-vn" uid="21213273" lat="20.9816016" lon="105.7857113"/>
 <node id="10302202279" visible="true" version="2" changeset="153105689" timestamp="2024-06-24T10:37:33Z" user="openmap-vn" uid="21213273" lat="20.9816213" lon="105.7857279"/>
 <node id="10302202280" visible="true" version="2" changeset="153105689" timestamp="2024-06-24T10:37:33Z" user="openmap-vn" uid="21213273" lat="20.9816394" lon="105.7857469"/>
 <node id="10302202281" visible="true" version="2" changeset="153105689" timestamp="2024-06-24T10:37:33Z" user="openmap-vn" uid="21213273" lat="20.9816665" lon="105.7857636"/>
 <node id="10302202282" visible="true" version="2" changeset="153105689" timestamp="2024-06-24T10:37:33Z" user="openmap-vn" uid="21213273" lat="20.9817290" lon="105.7858328"/>
 <node id="10302202283" visible="true" version="2" changeset="153105689" timestamp="2024-06-24T10:37:33Z" user="openmap-vn" uid="21213273" lat="20.9817699" lon="105.7858739"/>
 <node id="10302202284" visible="true" version="2" changeset="153105689" timestamp="2024-06-24T10:37:33Z" user="openmap-vn" uid="21213273" lat="20.9818177" lon="105.7859239"/>
 <node id="10302202285" visible="true" version="2" changeset="153105689" timestamp="2024-06-24T10:37:33Z" user="openmap-vn" uid="21213273" lat="20.9818657" lon="105.7859691"/>
 <node id="10302202286" visible="true" version="1" changeset="130820857" timestamp="2023-01-03T10:48:01Z" user="Arkskyle" uid="17344224" lat="20.9817386" lon="105.7861118"/>
 <node id="10302202287" visible="true" version="1" changeset="130820857" timestamp="2023-01-03T10:48:01Z" user="Arkskyle" uid="17344224" lat="20.9820319" lon="105.7857976"/>
 <node id="10302202288" visible="true" version="1" changeset="130820857" timestamp="2023-01-03T10:48:01Z" user="Arkskyle" uid="17344224" lat="20.9820009" lon="105.7858296"/>
 <node id="10302202289" visible="true" version="1" changeset="130820857" timestamp="2023-01-03T10:48:01Z" user="Arkskyle" uid="17344224" lat="20.9824834" lon="105.7863793"/>
 <node id="10302202290" visible="true" version="2" changeset="153105689" timestamp="2024-06-24T10:37:33Z" user="openmap-vn" uid="21213273" lat="20.9825470" lon="105.7863281"/>
 <node id="10302202291" visible="true" version="3" changeset="153105689" timestamp="2024-06-24T10:37:33Z" user="openmap-vn" uid="21213273" lat="20.9827682" lon="105.7866081"/>
 <node id="10302224210" visible="true" version="2" changeset="153105689" timestamp="2024-06-24T10:37:33Z" user="openmap-vn" uid="21213273" lat="20.9813885" lon="105.7859614"/>
 <node id="10302224211" visible="true" version="2" changeset="153105689" timestamp="2024-06-24T10:37:33Z" user="openmap-vn" uid="21213273" lat="20.9812761" lon="105.7858281"/>
 <node id="10302224212" visible="true" version="3" changeset="153105689" timestamp="2024-06-24T10:37:33Z" user="openmap-vn" uid="21213273" lat="20.9811242" lon="105.7856315"/>
 <node id="10302224213" visible="true" version="2" changeset="153105689" timestamp="2024-06-24T10:37:33Z" user="openmap-vn" uid="21213273" lat="20.9815315" lon="105.7858162"/>
 <node id="10302224214" visible="true" version="2" changeset="153105689" timestamp="2024-06-24T10:37:33Z" user="openmap-vn" uid="21213273" lat="20.9816396" lon="105.7859320"/>
 <node id="10316830215" visible="true" version="2" changeset="154092337" timestamp="2024-07-18T09:42:31Z" user="phoenixsaigon1698" uid="3323343" lat="20.9877761" lon="105.7859924">
  <tag k="barrier" v="yes"/>
 </node>
 <node id="10652239229" visible="true" version="1" changeset="132454962" timestamp="2023-02-12T17:07:46Z" user="Mapping_95" uid="10498092" lat="20.9839546" lon="105.7922773">
  <tag k="highway" v="crossing"/>
 </node>
 <node id="10898553463" visible="true" version="2" changeset="179967402" timestamp="2026-03-16T19:06:44Z" user="ZioDragon" uid="13799024" lat="20.9845014" lon="105.7931422"/>
 <node id="10898553464" visible="true" version="3" changeset="179967402" timestamp="2026-03-16T19:06:44Z" user="ZioDragon" uid="13799024" lat="20.9846631" lon="105.7938690"/>
 <node id="10898553465" visible="true" version="1" changeset="136111199" timestamp="2023-05-15T07:01:51Z" user="Hoàng Tuấn Việt" uid="13707170" lat="20.9817222" lon="105.7851678"/>
 <node id="10898553467" visible="true" version="1" changeset="136111199" timestamp="2023-05-15T07:01:51Z" user="Hoàng Tuấn Việt" uid="13707170" lat="20.9819331" lon="105.7853713"/>
 <node id="10898553468" visible="true" version="1" changeset="136111199" timestamp="2023-05-15T07:01:51Z" user="Hoàng Tuấn Việt" uid="13707170" lat="20.9818633" lon="105.7853459"/>
 <node id="10898553469" visible="true" version="1" changeset="136111199" timestamp="2023-05-15T07:01:51Z" user="Hoàng Tuấn Việt" uid="13707170" lat="20.9838727" lon="105.7850199"/>
 <node id="10965931530" visible="true" version="1" changeset="137147676" timestamp="2023-06-09T17:49:35Z" user="Trung Vũ" uid="19532183" lat="20.9861129" lon="105.7848904">
  <tag k="addr:city" v="Hà Nội"/>
  <tag k="addr:district" v="Hà Đông"/>
  <tag k="addr:housenumber" v="17"/>
  <tag k="addr:postcode" v="100000"/>
  <tag k="addr:province" v="Hà Nội"/>
  <tag k="addr:street" v="LK6D Làng Việt Kiều Châu Âu"/>
  <tag k="addr:subdistrict" v="Mỗ Lao"/>
  <tag k="amenity" v="cafe"/>
  <tag k="cuisine" v="coffee_shop"/>
  <tag k="internet_access" v="yes"/>
  <tag k="internet_access:fee" v="no"/>
  <tag k="name" v="TÁCH"/>
  <tag k="opening_hours" v="Mo-Su 7:30-22:30"/>
  <tag k="phone" v="+84962207896"/>
  <tag k="website" v="https://www.facebook.com/profile.php?id=100092026644171"/>
 </node>
 <node id="10979075515" visible="true" version="2" changeset="154092337" timestamp="2024-07-18T09:42:31Z" user="phoenixsaigon1698" uid="3323343" lat="20.9863390" lon="105.7809268"/>
 <node id="10979075516" visible="true" version="1" changeset="137375133" timestamp="2023-06-15T14:50:13Z" user="vietnam321" uid="11196308" lat="20.9865442" lon="105.7809180"/>
 <node id="10979075517" visible="true" version="1" changeset="137375133" timestamp="2023-06-15T14:50:13Z" user="vietnam321" uid="11196308" lat="20.9866118" lon="105.7809099"/>
 <node id="10979075518" visible="true" version="1" changeset="137375133" timestamp="2023-06-15T14:50:13Z" user="vietnam321" uid="11196308" lat="20.9869899" lon="105.7811111"/>
 <node id="10979075519" visible="true" version="1" changeset="137375133" timestamp="2023-06-15T14:50:13Z" user="vietnam321" uid="11196308" lat="20.9869098" lon="105.7814464"/>
 <node id="10979075520" visible="true" version="1" changeset="137375133" timestamp="2023-06-15T14:50:13Z" user="vietnam321" uid="11196308" lat="20.9875484" lon="105.7817816"/>
 <node id="10979075521" visible="true" version="1" changeset="137375133" timestamp="2023-06-15T14:50:13Z" user="vietnam321" uid="11196308" lat="20.9872954" lon="105.7822966"/>
 <node id="10979075522" visible="true" version="1" changeset="137375133" timestamp="2023-06-15T14:50:13Z" user="vietnam321" uid="11196308" lat="20.9872604" lon="105.7823395"/>
 <node id="10979075523" visible="true" version="1" changeset="137375133" timestamp="2023-06-15T14:50:13Z" user="vietnam321" uid="11196308" lat="20.9872228" lon="105.7823503"/>
 <node id="10979075524" visible="true" version="1" changeset="137375133" timestamp="2023-06-15T14:50:13Z" user="vietnam321" uid="11196308" lat="20.9871652" lon="105.7823422"/>
 <node id="10979075525" visible="true" version="1" changeset="137375133" timestamp="2023-06-15T14:50:13Z" user="vietnam321" uid="11196308" lat="20.9868246" lon="105.7821786"/>
 <node id="10979075526" visible="true" version="1" changeset="137375133" timestamp="2023-06-15T14:50:13Z" user="vietnam321" uid="11196308" lat="20.9867771" lon="105.7821223"/>
 <node id="10979075527" visible="true" version="1" changeset="137375133" timestamp="2023-06-15T14:50:13Z" user="vietnam321" uid="11196308" lat="20.9866894" lon="105.7820713"/>
 <node id="10979075528" visible="true" version="1" changeset="137375133" timestamp="2023-06-15T14:50:13Z" user="vietnam321" uid="11196308" lat="20.9866168" lon="105.7820525"/>
 <node id="10979075529" visible="true" version="1" changeset="137375133" timestamp="2023-06-15T14:50:13Z" user="vietnam321" uid="11196308" lat="20.9866118" lon="105.7820981"/>
 <node id="10979075530" visible="true" version="1" changeset="137375133" timestamp="2023-06-15T14:50:13Z" user="vietnam321" uid="11196308" lat="20.9863964" lon="105.7820525"/>
 <node id="10979075531" visible="true" version="1" changeset="137375133" timestamp="2023-06-15T14:50:13Z" user="vietnam321" uid="11196308" lat="20.9862537" lon="105.7820525"/>
 <node id="10979075532" visible="true" version="1" changeset="137375133" timestamp="2023-06-15T14:50:13Z" user="vietnam321" uid="11196308" lat="20.9861034" lon="105.7820794"/>
 <node id="10979075533" visible="true" version="1" changeset="137375133" timestamp="2023-06-15T14:50:13Z" user="vietnam321" uid="11196308" lat="20.9860633" lon="105.7820472"/>
 <node id="10979075534" visible="true" version="1" changeset="137375133" timestamp="2023-06-15T14:50:13Z" user="vietnam321" uid="11196308" lat="20.9860583" lon="105.7810360"/>
 <node id="10979075535" visible="true" version="1" changeset="137375133" timestamp="2023-06-15T14:50:13Z" user="vietnam321" uid="11196308" lat="20.9860959" lon="105.7809877"/>
 <node id="10979075536" visible="true" version="1" changeset="137375133" timestamp="2023-06-15T14:50:13Z" user="vietnam321" uid="11196308" lat="20.9864290" lon="105.7810011"/>
 <node id="10979075537" visible="true" version="1" changeset="137375133" timestamp="2023-06-15T14:50:13Z" user="vietnam321" uid="11196308" lat="20.9864214" lon="105.7809636"/>
 <node id="11093599122" visible="true" version="2" changeset="139569418" timestamp="2023-08-07T14:52:11Z" user="phoenixsaigon1698" uid="3323343" lat="20.9868325" lon="105.7843063"/>
 <node id="11093599123" visible="true" version="2" changeset="139569418" timestamp="2023-08-07T14:52:11Z" user="phoenixsaigon1698" uid="3323343" lat="20.9860584" lon="105.7863146"/>
 <node id="11093599124" visible="true" version="2" changeset="139569418" timestamp="2023-08-07T14:52:11Z" user="phoenixsaigon1698" uid="3323343" lat="20.9859547" lon="105.7867901"/>
 <node id="11093599125" visible="true" version="1" changeset="139520326" timestamp="2023-08-06T15:18:38Z" user="Hoàng Tuấn Việt" uid="13707170" lat="20.9859762" lon="105.7873100"/>
 <node id="11093599126" visible="true" version="2" changeset="139569418" timestamp="2023-08-07T14:52:11Z" user="phoenixsaigon1698" uid="3323343" lat="20.9864807" lon="105.7881639"/>
 <node id="11093599127" visible="true" version="1" changeset="139520326" timestamp="2023-08-06T15:18:38Z" user="Hoàng Tuấn Việt" uid="13707170" lat="20.9880076" lon="105.7820130"/>
 <node id="11093599128" visible="true" version="1" changeset="139520326" timestamp="2023-08-06T15:18:38Z" user="Hoàng Tuấn Việt" uid="13707170" lat="20.9875166" lon="105.7826911"/>
 <node id="11093599129" visible="true" version="1" changeset="139520326" timestamp="2023-08-06T15:18:38Z" user="Hoàng Tuấn Việt" uid="13707170" lat="20.9871748" lon="105.7832952"/>
 <node id="11093599130" visible="true" version="1" changeset="139520326" timestamp="2023-08-06T15:18:38Z" user="Hoàng Tuấn Việt" uid="13707170" lat="20.9870738" lon="105.7836958"/>
 <node id="11093599131" visible="true" version="1" changeset="139520326" timestamp="2023-08-06T15:18:38Z" user="Hoàng Tuấn Việt" uid="13707170" lat="20.9872760" lon="105.7839731"/>
 <node id="11093599132" visible="true" version="2" changeset="139569418" timestamp="2023-08-07T14:52:11Z" user="phoenixsaigon1698" uid="3323343" lat="20.9881959" lon="105.7844540"/>
 <node id="11093599133" visible="true" version="2" changeset="139569418" timestamp="2023-08-07T14:52:11Z" user="phoenixsaigon1698" uid="3323343" lat="20.9882535" lon="105.7844306"/>
 <node id="11093599135" visible="true" version="3" changeset="154092337" timestamp="2024-07-18T09:42:31Z" user="phoenixsaigon1698" uid="3323343" lat="20.9884380" lon="105.7860339"/>
 <node id="11093599136" visible="true" version="3" changeset="154092337" timestamp="2024-07-18T09:42:31Z" user="phoenixsaigon1698" uid="3323343" lat="20.9888820" lon="105.7852904"/>
 <node id="11093599139" visible="true" version="2" changeset="139569418" timestamp="2023-08-07T14:52:11Z" user="phoenixsaigon1698" uid="3323343" lat="20.9886388" lon="105.7851100"/>
 <node id="11093599147" visible="true" version="2" changeset="139569418" timestamp="2023-08-07T14:52:11Z" user="phoenixsaigon1698" uid="3323343" lat="20.9856433" lon="105.7864091"/>
 <node id="11097232942" visible="true" version="1" changeset="139569418" timestamp="2023-08-07T14:52:11Z" user="phoenixsaigon1698" uid="3323343" lat="20.9886629" lon="105.7814921"/>
 <node id="11097232943" visible="true" version="1" changeset="139569418" timestamp="2023-08-07T14:52:11Z" user="phoenixsaigon1698" uid="3323343" lat="20.9862953" lon="105.7879352"/>
 <node id="11097232944" visible="true" version="1" changeset="139569418" timestamp="2023-08-07T14:52:11Z" user="phoenixsaigon1698" uid="3323343" lat="20.9864116" lon="105.7874252"/>
 <node id="11097232945" visible="true" version="2" changeset="152578294" timestamp="2024-06-12T09:26:11Z" user="phoenixsaigon1698" uid="3323343" lat="20.9852567" lon="105.7897013"/>
 <node id="11097232946" visible="true" version="1" changeset="139569418" timestamp="2023-08-07T14:52:11Z" user="phoenixsaigon1698" uid="3323343" lat="20.9854652" lon="105.7874515"/>
 <node id="11097232947" visible="true" version="1" changeset="139569418" timestamp="2023-08-07T14:52:11Z" user="phoenixsaigon1698" uid="3323343" lat="20.9861411" lon="105.7851020"/>
 <node id="11097232948" visible="true" version="1" changeset="139569418" timestamp="2023-08-07T14:52:11Z" user="phoenixsaigon1698" uid="3323343" lat="20.9852574" lon="105.7910197"/>
 <node id="11097232950" visible="true" version="1" changeset="139569418" timestamp="2023-08-07T14:52:11Z" user="phoenixsaigon1698" uid="3323343" lat="20.9853697" lon="105.7912801"/>
 <node id="11097232951" visible="true" version="1" changeset="139569418" timestamp="2023-08-07T14:52:11Z" user="phoenixsaigon1698" uid="3323343" lat="20.9849217" lon="105.7929346"/>
 <node id="11097232953" visible="true" version="1" changeset="139569418" timestamp="2023-08-07T14:52:11Z" user="phoenixsaigon1698" uid="3323343" lat="20.9847126" lon="105.7930191"/>
 <node id="11103076258" visible="true" version="1" changeset="139677421" timestamp="2023-08-09T20:36:25Z" user="Hoàng Tuấn Việt" uid="13707170" lat="20.9799370" lon="105.7866895"/>
 <node id="11103076259" visible="true" version="3" changeset="153105689" timestamp="2024-06-24T10:37:33Z" user="openmap-vn" uid="21213273" lat="20.9802314" lon="105.7864786"/>
 <node id="11103076260" visible="true" version="1" changeset="139677421" timestamp="2023-08-09T20:36:25Z" user="Hoàng Tuấn Việt" uid="13707170" lat="20.9839106" lon="105.7849172"/>
 <node id="11103076261" visible="true" version="1" changeset="139677421" timestamp="2023-08-09T20:36:25Z" user="Hoàng Tuấn Việt" uid="13707170" lat="20.9838982" lon="105.7845677"/>
 <node id="11103076262" visible="true" version="1" changeset="139677421" timestamp="2023-08-09T20:36:25Z" user="Hoàng Tuấn Việt" uid="13707170" lat="20.9839355" lon="105.7841417"/>
 <node id="11103076263" visible="true" version="1" changeset="139677421" timestamp="2023-08-09T20:36:25Z" user="Hoàng Tuấn Việt" uid="13707170" lat="20.9839448" lon="105.7840618"/>
 <node id="11103076264" visible="true" version="1" changeset="139677421" timestamp="2023-08-09T20:36:25Z" user="Hoàng Tuấn Việt" uid="13707170" lat="20.9839075" lon="105.7840052"/>
 <node id="11103076265" visible="true" version="1" changeset="139677421" timestamp="2023-08-09T20:36:25Z" user="Hoàng Tuấn Việt" uid="13707170" lat="20.9831357" lon="105.7835545"/>
 <node id="11103076266" visible="true" version="1" changeset="139677421" timestamp="2023-08-09T20:36:25Z" user="Hoàng Tuấn Việt" uid="13707170" lat="20.9831333" lon="105.7834576"/>
 <node id="11103076267" visible="true" version="1" changeset="139677421" timestamp="2023-08-09T20:36:25Z" user="Hoàng Tuấn Việt" uid="13707170" lat="20.9831348" lon="105.7834007"/>
 <node id="11103076268" visible="true" version="1" changeset="139677421" timestamp="2023-08-09T20:36:25Z" user="Hoàng Tuấn Việt" uid="13707170" lat="20.9831208" lon="105.7833555"/>
 <node id="11103076269" visible="true" version="1" changeset="139677421" timestamp="2023-08-09T20:36:25Z" user="Hoàng Tuấn Việt" uid="13707170" lat="20.9830474" lon="105.7832903"/>
 <node id="11217773978" visible="true" version="1" changeset="141728526" timestamp="2023-09-25T12:06:45Z" user="user_14538650" uid="14538650" lat="20.9792752" lon="105.7866309"/>
 <node id="11238317483" visible="true" version="3" changeset="153507940" timestamp="2024-07-03T15:33:50Z" user="Hung Tran 9x0" uid="20910140" lat="20.9874021" lon="105.7858983"/>
 <node id="11238317484" visible="true" version="2" changeset="150436419" timestamp="2024-04-24T10:02:21Z" user="Grab_Cong" uid="18820325" lat="20.9876788" lon="105.7851122"/>
 <node id="11268464624" visible="true" version="3" changeset="157634296" timestamp="2024-10-08T15:59:04Z" user="Hung Tran 9x0" uid="20910140" lat="20.9861770" lon="105.7886394"/>
 <node id="11268464625" visible="true" version="3" changeset="157634296" timestamp="2024-10-08T15:59:04Z" user="Hung Tran 9x0" uid="20910140" lat="20.9862098" lon="105.7883973"/>
 <node id="11268464626" visible="true" version="3" changeset="157634296" timestamp="2024-10-08T15:59:04Z" user="Hung Tran 9x0" uid="20910140" lat="20.9865480" lon="105.7884486"/>
 <node id="11268464628" visible="true" version="3" changeset="157634296" timestamp="2024-10-08T15:59:04Z" user="Hung Tran 9x0" uid="20910140" lat="20.9865412" lon="105.7885548"/>
 <node id="11268464629" visible="true" version="3" changeset="157634296" timestamp="2024-10-08T15:59:04Z" user="Hung Tran 9x0" uid="20910140" lat="20.9866381" lon="105.7886723"/>
 <node id="11268464630" visible="true" version="3" changeset="157634296" timestamp="2024-10-08T15:59:04Z" user="Hung Tran 9x0" uid="20910140" lat="20.9867353" lon="105.7886949"/>
 <node id="11268464631" visible="true" version="3" changeset="157634296" timestamp="2024-10-08T15:59:04Z" user="Hung Tran 9x0" uid="20910140" lat="20.9867051" lon="105.7889769"/>
 <node id="11268464632" visible="true" version="3" changeset="157634296" timestamp="2024-10-08T15:59:04Z" user="Hung Tran 9x0" uid="20910140" lat="20.9864195" lon="105.7889287"/>
 <node id="11268464633" visible="true" version="3" changeset="157634296" timestamp="2024-10-08T15:59:04Z" user="Hung Tran 9x0" uid="20910140" lat="20.9864362" lon="105.7887582"/>
 <node id="11268464634" visible="true" version="3" changeset="157634296" timestamp="2024-10-08T15:59:04Z" user="Hung Tran 9x0" uid="20910140" lat="20.9863850" lon="105.7886843"/>
 <node id="11268464663" visible="true" version="2" changeset="144889286" timestamp="2023-12-08T06:29:14Z" user="ItsLouisAnderson" uid="11691953" lat="20.9828467" lon="105.7819544"/>
 <node id="11268464664" visible="true" version="2" changeset="144889286" timestamp="2023-12-08T06:29:14Z" user="ItsLouisAnderson" uid="11691953" lat="20.9827487" lon="105.7819501"/>
 <node id="11268464665" visible="true" version="2" changeset="144889286" timestamp="2023-12-08T06:29:14Z" user="ItsLouisAnderson" uid="11691953" lat="20.9824768" lon="105.7821029"/>
 <node id="11268464666" visible="true" version="2" changeset="144889286" timestamp="2023-12-08T06:29:14Z" user="ItsLouisAnderson" uid="11691953" lat="20.9820958" lon="105.7821904"/>
 <node id="11268464667" visible="true" version="1" changeset="142693569" timestamp="2023-10-17T05:16:26Z" user="Quynh_Nguyen_09" uid="20477846" lat="20.9816559" lon="105.7821492"/>
 <node id="11268464668" visible="true" version="1" changeset="142693569" timestamp="2023-10-17T05:16:26Z" user="Quynh_Nguyen_09" uid="20477846" lat="20.9815783" lon="105.7822704"/>
 <node id="11268509669" visible="true" version="1" changeset="142693569" timestamp="2023-10-17T05:16:26Z" user="Quynh_Nguyen_09" uid="20477846" lat="20.9822076" lon="105.7831068"/>
 <node id="11268509670" visible="true" version="1" changeset="142693569" timestamp="2023-10-17T05:16:26Z" user="Quynh_Nguyen_09" uid="20477846" lat="20.9822694" lon="105.7831264"/>
 <node id="11268509671" visible="true" version="1" changeset="142693569" timestamp="2023-10-17T05:16:26Z" user="Quynh_Nguyen_09" uid="20477846" lat="20.9831375" lon="105.7823557"/>
 <node id="11268509672" visible="true" version="1" changeset="142693569" timestamp="2023-10-17T05:16:26Z" user="Quynh_Nguyen_09" uid="20477846" lat="20.9845800" lon="105.7810575"/>
 <node id="11268509673" visible="true" version="1" changeset="142693569" timestamp="2023-10-17T05:16:26Z" user="Quynh_Nguyen_09" uid="20477846" lat="20.9845733" lon="105.7809842"/>
 <node id="11268509674" visible="true" version="1" changeset="142693569" timestamp="2023-10-17T05:16:26Z" user="Quynh_Nguyen_09" uid="20477846" lat="20.9842010" lon="105.7806230"/>
 <node id="11268509675" visible="true" version="1" changeset="142693569" timestamp="2023-10-17T05:16:26Z" user="Quynh_Nguyen_09" uid="20477846" lat="20.9839089" lon="105.7809431"/>
 <node id="11268509676" visible="true" version="1" changeset="142693569" timestamp="2023-10-17T05:16:26Z" user="Quynh_Nguyen_09" uid="20477846" lat="20.9836083" lon="105.7812095"/>
 <node id="11268509677" visible="true" version="1" changeset="142693569" timestamp="2023-10-17T05:16:26Z" user="Quynh_Nguyen_09" uid="20477846" lat="20.9835883" lon="105.7812882"/>
 <node id="11268509678" visible="true" version="1" changeset="142693569" timestamp="2023-10-17T05:16:26Z" user="Quynh_Nguyen_09" uid="20477846" lat="20.9839189" lon="105.7816906"/>
 <node id="11297905414" visible="true" version="1" changeset="143313801" timestamp="2023-10-29T14:05:34Z" user="anhtthr1111" uid="20516180" lat="20.9827829" lon="105.7921550">
  <tag k="noexit" v="yes"/>
 </node>
 <node id="11297905415" visible="true" version="1" changeset="143313801" timestamp="2023-10-29T14:05:34Z" user="anhtthr1111" uid="20516180" lat="20.9829886" lon="105.7923738"/>
 <node id="11297905416" visible="true" version="1" changeset="143313801" timestamp="2023-10-29T14:05:34Z" user="anhtthr1111" uid="20516180" lat="20.9831727" lon="105.7926095">
  <tag k="noexit" v="yes"/>
 </node>
 <node id="11297905417" visible="true" version="2" changeset="162435024" timestamp="2025-02-12T15:35:12Z" user="Hung Tran 9x0" uid="20910140" lat="20.9827182" lon="105.7925925"/>
 <node id="11297905418" visible="true" version="1" changeset="143313801" timestamp="2023-10-29T14:05:34Z" user="anhtthr1111" uid="20516180" lat="20.9825513" lon="105.7923676">
  <tag k="noexit" v="yes"/>
 </node>
 <node id="11297905419" visible="true" version="1" changeset="143313801" timestamp="2023-10-29T14:05:34Z" user="anhtthr1111" uid="20516180" lat="20.9829915" lon="105.7919594">
  <tag k="noexit" v="yes"/>
 </node>
 <node id="11297905420" visible="true" version="1" changeset="143313801" timestamp="2023-10-29T14:05:34Z" user="anhtthr1111" uid="20516180" lat="20.9832662" lon="105.7923075">
  <tag k="noexit" v="yes"/>
 </node>
 <node id="11335073917" visible="true" version="1" changeset="143804628" timestamp="2023-11-09T03:28:44Z" user="GrabVN_Ngaan" uid="14519322" lat="20.9836337" lon="105.7899672"/>
 <node id="11335073918" visible="true" version="1" changeset="143804628" timestamp="2023-11-09T03:28:44Z" user="GrabVN_Ngaan" uid="14519322" lat="20.9850433" lon="105.7911863"/>
 <node id="11335073919" visible="true" version="1" changeset="143804628" timestamp="2023-11-09T03:28:44Z" user="GrabVN_Ngaan" uid="14519322" lat="20.9849060" lon="105.7909764"/>
 <node id="11335073920" visible="true" version="1" changeset="143804628" timestamp="2023-11-09T03:28:44Z" user="GrabVN_Ngaan" uid="14519322" lat="20.9846519" lon="105.7906782"/>
 <node id="11335073921" visible="true" version="1" changeset="143804628" timestamp="2023-11-09T03:28:44Z" user="GrabVN_Ngaan" uid="14519322" lat="20.9843734" lon="105.7904399"/>
 <node id="11335073922" visible="true" version="2" changeset="143850422" timestamp="2023-11-10T07:25:23Z" user="GrabVN_Ngaan" uid="14519322" lat="20.9841854" lon="105.7902739"/>
 <node id="11335073923" visible="true" version="2" changeset="143850422" timestamp="2023-11-10T07:25:23Z" user="GrabVN_Ngaan" uid="14519322" lat="20.9841079" lon="105.7902086"/>
 <node id="11335073924" visible="true" version="2" changeset="143850422" timestamp="2023-11-10T07:25:23Z" user="GrabVN_Ngaan" uid="14519322" lat="20.9837770" lon="105.7898395"/>
 <node id="11337712335" visible="true" version="1" changeset="143850422" timestamp="2023-11-10T07:25:23Z" user="GrabVN_Ngaan" uid="14519322" lat="20.9849858" lon="105.7910984">
  <tag k="access" v="permissive"/>
  <tag k="barrier" v="gate"/>
 </node>
 <node id="11337712336" visible="true" version="2" changeset="153105689" timestamp="2024-06-24T10:37:33Z" user="openmap-vn" uid="21213273" lat="20.9840891" lon="105.7903931"/>
 <node id="11337712337" visible="true" version="1" changeset="143850422" timestamp="2023-11-10T07:25:23Z" user="GrabVN_Ngaan" uid="14519322" lat="20.9841201" lon="105.7903450"/>
 <node id="11373045934" visible="true" version="1" changeset="144402158" timestamp="2023-11-24T10:31:09Z" user="Grab_Cong" uid="18820325" lat="20.9782138" lon="105.7917047"/>
 <node id="11386851318" visible="true" version="2" changeset="179967402" timestamp="2026-03-16T19:06:44Z" user="ZioDragon" uid="13799024" lat="20.9841197" lon="105.7931050"/>
 <node id="11393362106" visible="true" version="2" changeset="153105689" timestamp="2024-06-24T10:37:33Z" user="openmap-vn" uid="21213273" lat="20.9829854" lon="105.7843379"/>
 <node id="11393362107" visible="true" version="2" changeset="153105689" timestamp="2024-06-24T10:37:33Z" user="openmap-vn" uid="21213273" lat="20.9828547" lon="105.7848245"/>
 <node id="11393362110" visible="true" version="2" changeset="153105689" timestamp="2024-06-24T10:37:33Z" user="openmap-vn" uid="21213273" lat="20.9832973" lon="105.7844134"/>
 <node id="11393362111" visible="true" version="2" changeset="153105689" timestamp="2024-06-24T10:37:33Z" user="openmap-vn" uid="21213273" lat="20.9832941" lon="105.7845143"/>
 <node id="11393362112" visible="true" version="1" changeset="144740340" timestamp="2023-12-04T05:12:59Z" user="Grab_Cong" uid="18820325" lat="20.9832825" lon="105.7847806"/>
 <node id="11393362113" visible="true" version="2" changeset="153105689" timestamp="2024-06-24T10:37:33Z" user="openmap-vn" uid="21213273" lat="20.9829323" lon="105.7845118"/>
 <node id="11393362114" visible="true" version="2" changeset="153105689" timestamp="2024-06-24T10:37:33Z" user="openmap-vn" uid="21213273" lat="20.9828417" lon="105.7849213"/>
 <node id="11393362115" visible="true" version="2" changeset="153105689" timestamp="2024-06-24T10:37:33Z" user="openmap-vn" uid="21213273" lat="20.9828163" lon="105.7850668"/>
 <node id="11393362116" visible="true" version="2" changeset="153105689" timestamp="2024-06-24T10:37:33Z" user="openmap-vn" uid="21213273" lat="20.9828490" lon="105.7851104"/>
 <node id="11393362117" visible="true" version="2" changeset="153105689" timestamp="2024-06-24T10:37:33Z" user="openmap-vn" uid="21213273" lat="20.9829398" lon="105.7851003"/>
 <node id="11393362118" visible="true" version="2" changeset="153105689" timestamp="2024-06-24T10:37:33Z" user="openmap-vn" uid="21213273" lat="20.9829818" lon="105.7854257"/>
 <node id="11393362119" visible="true" version="1" changeset="144740340" timestamp="2023-12-04T05:12:59Z" user="Grab_Cong" uid="18820325" lat="20.9826634" lon="105.7850301"/>
 <node id="11402498933" visible="true" version="1" changeset="144889286" timestamp="2023-12-08T06:29:14Z" user="ItsLouisAnderson" uid="11691953" lat="20.9836650" lon="105.7803276"/>
 <node id="11402498934" visible="true" version="1" changeset="144889286" timestamp="2023-12-08T06:29:14Z" user="ItsLouisAnderson" uid="11691953" lat="20.9829097" lon="105.7806581"/>
 <node id="11402498935" visible="true" version="1" changeset="144889286" timestamp="2023-12-08T06:29:14Z" user="ItsLouisAnderson" uid="11691953" lat="20.9828454" lon="105.7804884"/>
 <node id="11402498936" visible="true" version="1" changeset="144889286" timestamp="2023-12-08T06:29:14Z" user="ItsLouisAnderson" uid="11691953" lat="20.9827811" lon="105.7804144"/>
 <node id="11402498937" visible="true" version="1" changeset="144889286" timestamp="2023-12-08T06:29:14Z" user="ItsLouisAnderson" uid="11691953" lat="20.9822438" lon="105.7803965"/>
 <node id="11402498938" visible="true" version="1" changeset="144889286" timestamp="2023-12-08T06:29:14Z" user="ItsLouisAnderson" uid="11691953" lat="20.9821342" lon="105.7802383"/>
 <node id="11402498939" visible="true" version="1" changeset="144889286" timestamp="2023-12-08T06:29:14Z" user="ItsLouisAnderson" uid="11691953" lat="20.9820365" lon="105.7802932"/>
 <node id="11402498940" visible="true" version="1" changeset="144889286" timestamp="2023-12-08T06:29:14Z" user="ItsLouisAnderson" uid="11691953" lat="20.9819329" lon="105.7804054"/>
 <node id="11402498941" visible="true" version="1" changeset="144889286" timestamp="2023-12-08T06:29:14Z" user="ItsLouisAnderson" uid="11691953" lat="20.9816482" lon="105.7806836"/>
 <node id="11402498942" visible="true" version="1" changeset="144889286" timestamp="2023-12-08T06:29:14Z" user="ItsLouisAnderson" uid="11691953" lat="20.9816136" lon="105.7808405"/>
 <node id="11402498943" visible="true" version="1" changeset="144889286" timestamp="2023-12-08T06:29:14Z" user="ItsLouisAnderson" uid="11691953" lat="20.9815219" lon="105.7809885"/>
 <node id="11402498944" visible="true" version="1" changeset="144889286" timestamp="2023-12-08T06:29:14Z" user="ItsLouisAnderson" uid="11691953" lat="20.9814397" lon="105.7812820"/>
 <node id="11402498945" visible="true" version="1" changeset="144889286" timestamp="2023-12-08T06:29:14Z" user="ItsLouisAnderson" uid="11691953" lat="20.9818936" lon="105.7812935"/>
 <node id="11402498946" visible="true" version="1" changeset="144889286" timestamp="2023-12-08T06:29:14Z" user="ItsLouisAnderson" uid="11691953" lat="20.9820949" lon="105.7812093"/>
 <node id="11402498947" visible="true" version="1" changeset="144889286" timestamp="2023-12-08T06:29:14Z" user="ItsLouisAnderson" uid="11691953" lat="20.9823022" lon="105.7810715"/>
 <node id="11402498948" visible="true" version="1" changeset="144889286" timestamp="2023-12-08T06:29:14Z" user="ItsLouisAnderson" uid="11691953" lat="20.9825738" lon="105.7808418"/>
 <node id="11402498949" visible="true" version="1" changeset="144889286" timestamp="2023-12-08T06:29:14Z" user="ItsLouisAnderson" uid="11691953" lat="20.9827960" lon="105.7807599"/>
 <node id="11402498950" visible="true" version="1" changeset="144889286" timestamp="2023-12-08T06:29:14Z" user="ItsLouisAnderson" uid="11691953" lat="20.9829938" lon="105.7811510"/>
 <node id="11402498951" visible="true" version="1" changeset="144889286" timestamp="2023-12-08T06:29:14Z" user="ItsLouisAnderson" uid="11691953" lat="20.9836043" lon="105.7808597"/>
 <node id="11402498952" visible="true" version="1" changeset="144889286" timestamp="2023-12-08T06:29:14Z" user="ItsLouisAnderson" uid="11691953" lat="20.9836602" lon="105.7808022"/>
 <node id="11402498953" visible="true" version="1" changeset="144889286" timestamp="2023-12-08T06:29:14Z" user="ItsLouisAnderson" uid="11691953" lat="20.9836888" lon="105.7807372"/>
 <node id="11402498954" visible="true" version="1" changeset="144889286" timestamp="2023-12-08T06:29:14Z" user="ItsLouisAnderson" uid="11691953" lat="20.9837198" lon="105.7805394"/>
 <node id="11402498955" visible="true" version="1" changeset="144889286" timestamp="2023-12-08T06:29:14Z" user="ItsLouisAnderson" uid="11691953" lat="20.9837174" lon="105.7804514"/>
 <node id="11402498956" visible="true" version="1" changeset="144889286" timestamp="2023-12-08T06:29:14Z" user="ItsLouisAnderson" uid="11691953" lat="20.9836996" lon="105.7803927"/>
 <node id="11402498957" visible="true" version="1" changeset="144889286" timestamp="2023-12-08T06:29:14Z" user="ItsLouisAnderson" uid="11691953" lat="20.9830288" lon="105.7811341">
  <tag k="barrier" v="gate"/>
 </node>
 <node id="11402498958" visible="true" version="1" changeset="144889286" timestamp="2023-12-08T06:29:14Z" user="ItsLouisAnderson" uid="11691953" lat="20.9830836" lon="105.7812351"/>
 <node id="11402498959" visible="true" version="1" changeset="144889286" timestamp="2023-12-08T06:29:14Z" user="ItsLouisAnderson" uid="11691953" lat="20.9830273" lon="105.7812192"/>
 <node id="11402498960" visible="true" version="1" changeset="144889286" timestamp="2023-12-08T06:29:14Z" user="ItsLouisAnderson" uid="11691953" lat="20.9825404" lon="105.7815153"/>
 <node id="11402498961" visible="true" version="1" changeset="144889286" timestamp="2023-12-08T06:29:14Z" user="ItsLouisAnderson" uid="11691953" lat="20.9839848" lon="105.7805009"/>
 <node id="11402498962" visible="true" version="1" changeset="144889286" timestamp="2023-12-08T06:29:14Z" user="ItsLouisAnderson" uid="11691953" lat="20.9839939" lon="105.7805685"/>
 <node id="11402498963" visible="true" version="1" changeset="144889286" timestamp="2023-12-08T06:29:14Z" user="ItsLouisAnderson" uid="11691953" lat="20.9837955" lon="105.7808367"/>
 <node id="11402498964" visible="true" version="1" changeset="144889286" timestamp="2023-12-08T06:29:14Z" user="ItsLouisAnderson" uid="11691953" lat="20.9837204" lon="105.7809236"/>
 <node id="11402498965" visible="true" version="1" changeset="144889286" timestamp="2023-12-08T06:29:14Z" user="ItsLouisAnderson" uid="11691953" lat="20.9834830" lon="105.7811328"/>
 <node id="11402498966" visible="true" version="1" changeset="144889286" timestamp="2023-12-08T06:29:14Z" user="ItsLouisAnderson" uid="11691953" lat="20.9832215" lon="105.7813614"/>
 <node id="11402498967" visible="true" version="1" changeset="144889286" timestamp="2023-12-08T06:29:14Z" user="ItsLouisAnderson" uid="11691953" lat="20.9831153" lon="105.7812315"/>
 <node id="11402498968" visible="true" version="1" changeset="144889286" timestamp="2023-12-08T06:29:14Z" user="ItsLouisAnderson" uid="11691953" lat="20.9830590" lon="105.7811197"/>
 <node id="11402514877" visible="true" version="1" changeset="144889286" timestamp="2023-12-08T06:29:14Z" user="ItsLouisAnderson" uid="11691953" lat="20.9829446" lon="105.7812695"/>
 <node id="11402514878" visible="true" version="1" changeset="144889286" timestamp="2023-12-08T06:29:14Z" user="ItsLouisAnderson" uid="11691953" lat="20.9831053" lon="105.7814858"/>
 <node id="11402514879" visible="true" version="1" changeset="144889286" timestamp="2023-12-08T06:29:14Z" user="ItsLouisAnderson" uid="11691953" lat="20.9828837" lon="105.7816810"/>
 <node id="11402514880" visible="true" version="1" changeset="144889286" timestamp="2023-12-08T06:29:14Z" user="ItsLouisAnderson" uid="11691953" lat="20.9826943" lon="105.7818137"/>
 <node id="11402514881" visible="true" version="1" changeset="144889286" timestamp="2023-12-08T06:29:14Z" user="ItsLouisAnderson" uid="11691953" lat="20.9824906" lon="105.7819349"/>
 <node id="11402514882" visible="true" version="1" changeset="144889286" timestamp="2023-12-08T06:29:14Z" user="ItsLouisAnderson" uid="11691953" lat="20.9823310" lon="105.7820013"/>
 <node id="11402514883" visible="true" version="1" changeset="144889286" timestamp="2023-12-08T06:29:14Z" user="ItsLouisAnderson" uid="11691953" lat="20.9822369" lon="105.7820255"/>
 <node id="11402514884" visible="true" version="1" changeset="144889286" timestamp="2023-12-08T06:29:14Z" user="ItsLouisAnderson" uid="11691953" lat="20.9821261" lon="105.7820485"/>
 <node id="11402514885" visible="true" version="1" changeset="144889286" timestamp="2023-12-08T06:29:14Z" user="ItsLouisAnderson" uid="11691953" lat="20.9820129" lon="105.7820600"/>
 <node id="11402514886" visible="true" version="1" changeset="144889286" timestamp="2023-12-08T06:29:14Z" user="ItsLouisAnderson" uid="11691953" lat="20.9819164" lon="105.7820625"/>
 <node id="11402514887" visible="true" version="1" changeset="144889286" timestamp="2023-12-08T06:29:14Z" user="ItsLouisAnderson" uid="11691953" lat="20.9817353" lon="105.7820421"/>
 <node id="11402514888" visible="true" version="1" changeset="144889286" timestamp="2023-12-08T06:29:14Z" user="ItsLouisAnderson" uid="11691953" lat="20.9815662" lon="105.7820140"/>
 <node id="11402514889" visible="true" version="1" changeset="144889286" timestamp="2023-12-08T06:29:14Z" user="ItsLouisAnderson" uid="11691953" lat="20.9815209" lon="105.7819949"/>
 <node id="11402514890" visible="true" version="1" changeset="144889286" timestamp="2023-12-08T06:29:14Z" user="ItsLouisAnderson" uid="11691953" lat="20.9814685" lon="105.7819528"/>
 <node id="11402514891" visible="true" version="1" changeset="144889286" timestamp="2023-12-08T06:29:14Z" user="ItsLouisAnderson" uid="11691953" lat="20.9814351" lon="105.7819056"/>
 <node id="11402514892" visible="true" version="1" changeset="144889286" timestamp="2023-12-08T06:29:14Z" user="ItsLouisAnderson" uid="11691953" lat="20.9814137" lon="105.7818418"/>
 <node id="11402514893" visible="true" version="1" changeset="144889286" timestamp="2023-12-08T06:29:14Z" user="ItsLouisAnderson" uid="11691953" lat="20.9813696" lon="105.7815203"/>
 <node id="11402514894" visible="true" version="1" changeset="144889286" timestamp="2023-12-08T06:29:14Z" user="ItsLouisAnderson" uid="11691953" lat="20.9813756" lon="105.7812817"/>
 <node id="11402514895" visible="true" version="1" changeset="144889286" timestamp="2023-12-08T06:29:14Z" user="ItsLouisAnderson" uid="11691953" lat="20.9814448" lon="105.7812636">
  <tag k="barrier" v="gate"/>
 </node>
 <node id="11402514896" visible="true" version="1" changeset="144889286" timestamp="2023-12-08T06:29:14Z" user="ItsLouisAnderson" uid="11691953" lat="20.9821103" lon="105.7802518">
  <tag k="barrier" v="gate"/>
 </node>
 <node id="11402514897" visible="true" version="1" changeset="144889286" timestamp="2023-12-08T06:29:14Z" user="ItsLouisAnderson" uid="11691953" lat="20.9828366" lon="105.7807106"/>
 <node id="11402514898" visible="true" version="1" changeset="144889286" timestamp="2023-12-08T06:29:14Z" user="ItsLouisAnderson" uid="11691953" lat="20.9815554" lon="105.7813341"/>
 <node id="11402514899" visible="true" version="1" changeset="144889286" timestamp="2023-12-08T06:29:14Z" user="ItsLouisAnderson" uid="11691953" lat="20.9815477" lon="105.7813775"/>
 <node id="11402514900" visible="true" version="1" changeset="144889286" timestamp="2023-12-08T06:29:14Z" user="ItsLouisAnderson" uid="11691953" lat="20.9815465" lon="105.7814642"/>
 <node id="11402514901" visible="true" version="1" changeset="144889286" timestamp="2023-12-08T06:29:14Z" user="ItsLouisAnderson" uid="11691953" lat="20.9815620" lon="105.7815421"/>
 <node id="11402514902" visible="true" version="1" changeset="144889286" timestamp="2023-12-08T06:29:14Z" user="ItsLouisAnderson" uid="11691953" lat="20.9815637" lon="105.7815612"/>
 <node id="11402514903" visible="true" version="1" changeset="144889286" timestamp="2023-12-08T06:29:14Z" user="ItsLouisAnderson" uid="11691953" lat="20.9815995" lon="105.7816524"/>
 <node id="11402514904" visible="true" version="1" changeset="144889286" timestamp="2023-12-08T06:29:14Z" user="ItsLouisAnderson" uid="11691953" lat="20.9816370" lon="105.7816971"/>
 <node id="11402514905" visible="true" version="1" changeset="144889286" timestamp="2023-12-08T06:29:14Z" user="ItsLouisAnderson" uid="11691953" lat="20.9817281" lon="105.7817698"/>
 <node id="11402514906" visible="true" version="1" changeset="144889286" timestamp="2023-12-08T06:29:14Z" user="ItsLouisAnderson" uid="11691953" lat="20.9817829" lon="105.7818074"/>
 <node id="11402514907" visible="true" version="1" changeset="144889286" timestamp="2023-12-08T06:29:14Z" user="ItsLouisAnderson" uid="11691953" lat="20.9818520" lon="105.7818406"/>
 <node id="11402514908" visible="true" version="1" changeset="144889286" timestamp="2023-12-08T06:29:14Z" user="ItsLouisAnderson" uid="11691953" lat="20.9819134" lon="105.7818534"/>
 <node id="11402514909" visible="true" version="1" changeset="144889286" timestamp="2023-12-08T06:29:14Z" user="ItsLouisAnderson" uid="11691953" lat="20.9819444" lon="105.7818534"/>
 <node id="11402514910" visible="true" version="1" changeset="144889286" timestamp="2023-12-08T06:29:14Z" user="ItsLouisAnderson" uid="11691953" lat="20.9821177" lon="105.7818081"/>
 <node id="11402514911" visible="true" version="1" changeset="144889286" timestamp="2023-12-08T06:29:14Z" user="ItsLouisAnderson" uid="11691953" lat="20.9821701" lon="105.7817806"/>
 <node id="11402514912" visible="true" version="1" changeset="144889286" timestamp="2023-12-08T06:29:14Z" user="ItsLouisAnderson" uid="11691953" lat="20.9822201" lon="105.7817322"/>
 <node id="11402514913" visible="true" version="1" changeset="144889286" timestamp="2023-12-08T06:29:14Z" user="ItsLouisAnderson" uid="11691953" lat="20.9822726" lon="105.7816696"/>
 <node id="11402514914" visible="true" version="1" changeset="144889286" timestamp="2023-12-08T06:29:14Z" user="ItsLouisAnderson" uid="11691953" lat="20.9823196" lon="105.7815988"/>
 <node id="11402514915" visible="true" version="1" changeset="144889286" timestamp="2023-12-08T06:29:14Z" user="ItsLouisAnderson" uid="11691953" lat="20.9823446" lon="105.7815204"/>
 <node id="11402514916" visible="true" version="1" changeset="144889286" timestamp="2023-12-08T06:29:14Z" user="ItsLouisAnderson" uid="11691953" lat="20.9823679" lon="105.7814228"/>
 <node id="11402514917" visible="true" version="1" changeset="144889286" timestamp="2023-12-08T06:29:14Z" user="ItsLouisAnderson" uid="11691953" lat="20.9823762" lon="105.7813615"/>
 <node id="11402514918" visible="true" version="1" changeset="144889286" timestamp="2023-12-08T06:29:14Z" user="ItsLouisAnderson" uid="11691953" lat="20.9823690" lon="105.7812907"/>
 <node id="11402514919" visible="true" version="1" changeset="144889286" timestamp="2023-12-08T06:29:14Z" user="ItsLouisAnderson" uid="11691953" lat="20.9823506" lon="105.7812550"/>
 <node id="11402514920" visible="true" version="1" changeset="144889286" timestamp="2023-12-08T06:29:14Z" user="ItsLouisAnderson" uid="11691953" lat="20.9823291" lon="105.7812320"/>
 <node id="11402514921" visible="true" version="1" changeset="144889286" timestamp="2023-12-08T06:29:14Z" user="ItsLouisAnderson" uid="11691953" lat="20.9823095" lon="105.7812135"/>
 <node id="11402514922" visible="true" version="1" changeset="144889286" timestamp="2023-12-08T06:29:14Z" user="ItsLouisAnderson" uid="11691953" lat="20.9822970" lon="105.7811727"/>
 <node id="11402514923" visible="true" version="1" changeset="144889286" timestamp="2023-12-08T06:29:14Z" user="ItsLouisAnderson" uid="11691953" lat="20.9822940" lon="105.7811465"/>
 <node id="11402514924" visible="true" version="1" changeset="144889286" timestamp="2023-12-08T06:29:14Z" user="ItsLouisAnderson" uid="11691953" lat="20.9822797" lon="105.7811306"/>
 <node id="11402514925" visible="true" version="1" changeset="144889286" timestamp="2023-12-08T06:29:14Z" user="ItsLouisAnderson" uid="11691953" lat="20.9822648" lon="105.7811293"/>
 <node id="11402514926" visible="true" version="1" changeset="144889286" timestamp="2023-12-08T06:29:14Z" user="ItsLouisAnderson" uid="11691953" lat="20.9822511" lon="105.7811338"/>
 <node id="11402514927" visible="true" version="1" changeset="144889286" timestamp="2023-12-08T06:29:14Z" user="ItsLouisAnderson" uid="11691953" lat="20.9822422" lon="105.7811510"/>
 <node id="11402514928" visible="true" version="1" changeset="144889286" timestamp="2023-12-08T06:29:14Z" user="ItsLouisAnderson" uid="11691953" lat="20.9822309" lon="105.7811752"/>
 <node id="11402514929" visible="true" version="1" changeset="144889286" timestamp="2023-12-08T06:29:14Z" user="ItsLouisAnderson" uid="11691953" lat="20.9821945" lon="105.7812046"/>
 <node id="11402514930" visible="true" version="1" changeset="144889286" timestamp="2023-12-08T06:29:14Z" user="ItsLouisAnderson" uid="11691953" lat="20.9821028" lon="105.7812550"/>
 <node id="11402514931" visible="true" version="1" changeset="144889286" timestamp="2023-12-08T06:29:14Z" user="ItsLouisAnderson" uid="11691953" lat="20.9819962" lon="105.7813111"/>
 <node id="11402514932" visible="true" version="1" changeset="144889286" timestamp="2023-12-08T06:29:14Z" user="ItsLouisAnderson" uid="11691953" lat="20.9819223" lon="105.7813392"/>
 <node id="11402514933" visible="true" version="1" changeset="144889286" timestamp="2023-12-08T06:29:14Z" user="ItsLouisAnderson" uid="11691953" lat="20.9818437" lon="105.7813443"/>
 <node id="11402514934" visible="true" version="1" changeset="144889286" timestamp="2023-12-08T06:29:14Z" user="ItsLouisAnderson" uid="11691953" lat="20.9821204" lon="105.7818346"/>
 <node id="11402514935" visible="true" version="1" changeset="144889286" timestamp="2023-12-08T06:29:14Z" user="ItsLouisAnderson" uid="11691953" lat="20.9821324" lon="105.7818668"/>
 <node id="11402514936" visible="true" version="1" changeset="144889286" timestamp="2023-12-08T06:29:14Z" user="ItsLouisAnderson" uid="11691953" lat="20.9821560" lon="105.7818931"/>
 <node id="11402514937" visible="true" version="1" changeset="144889286" timestamp="2023-12-08T06:29:14Z" user="ItsLouisAnderson" uid="11691953" lat="20.9822217" lon="105.7819689"/>
 <node id="11402514938" visible="true" version="1" changeset="144889286" timestamp="2023-12-08T06:29:14Z" user="ItsLouisAnderson" uid="11691953" lat="20.9822437" lon="105.7819727"/>
 <node id="11402514939" visible="true" version="1" changeset="144889286" timestamp="2023-12-08T06:29:14Z" user="ItsLouisAnderson" uid="11691953" lat="20.9822678" lon="105.7819902"/>
 <node id="11402514940" visible="true" version="1" changeset="144889286" timestamp="2023-12-08T06:29:14Z" user="ItsLouisAnderson" uid="11691953" lat="20.9822890" lon="105.7820539"/>
 <node id="11402514941" visible="true" version="1" changeset="144889286" timestamp="2023-12-08T06:29:14Z" user="ItsLouisAnderson" uid="11691953" lat="20.9822281" lon="105.7820691"/>
 <node id="11402514942" visible="true" version="1" changeset="144889286" timestamp="2023-12-08T06:29:14Z" user="ItsLouisAnderson" uid="11691953" lat="20.9821424" lon="105.7820865"/>
 <node id="11402514943" visible="true" version="1" changeset="144889286" timestamp="2023-12-08T06:29:14Z" user="ItsLouisAnderson" uid="11691953" lat="20.9820652" lon="105.7820972"/>
 <node id="11402514944" visible="true" version="1" changeset="144889286" timestamp="2023-12-08T06:29:14Z" user="ItsLouisAnderson" uid="11691953" lat="20.9819979" lon="105.7820987"/>
 <node id="11402514945" visible="true" version="1" changeset="144889286" timestamp="2023-12-08T06:29:14Z" user="ItsLouisAnderson" uid="11691953" lat="20.9819108" lon="105.7821002"/>
 <node id="11402514946" visible="true" version="1" changeset="144889286" timestamp="2023-12-08T06:29:14Z" user="ItsLouisAnderson" uid="11691953" lat="20.9819257" lon="105.7820357"/>
 <node id="11402514947" visible="true" version="1" changeset="144889286" timestamp="2023-12-08T06:29:14Z" user="ItsLouisAnderson" uid="11691953" lat="20.9819427" lon="105.7819985"/>
 <node id="11402514948" visible="true" version="1" changeset="144889286" timestamp="2023-12-08T06:29:14Z" user="ItsLouisAnderson" uid="11691953" lat="20.9819434" lon="105.7819834"/>
 <node id="11402514949" visible="true" version="1" changeset="144889286" timestamp="2023-12-08T06:29:14Z" user="ItsLouisAnderson" uid="11691953" lat="20.9819519" lon="105.7818878"/>
 <node id="11402514950" visible="true" version="1" changeset="144889286" timestamp="2023-12-08T06:29:14Z" user="ItsLouisAnderson" uid="11691953" lat="20.9819561" lon="105.7818650"/>
 <node id="11402514951" visible="true" version="1" changeset="144889286" timestamp="2023-12-08T06:29:14Z" user="ItsLouisAnderson" uid="11691953" lat="20.9819549" lon="105.7818506"/>
 <node id="11402514952" visible="true" version="1" changeset="144889286" timestamp="2023-12-08T06:29:14Z" user="ItsLouisAnderson" uid="11691953" lat="20.9819065" lon="105.7819157"/>
 <node id="11402514953" visible="true" version="1" changeset="144889286" timestamp="2023-12-08T06:29:14Z" user="ItsLouisAnderson" uid="11691953" lat="20.9819044" lon="105.7819463"/>
 <node id="11402514954" visible="true" version="1" changeset="144889286" timestamp="2023-12-08T06:29:14Z" user="ItsLouisAnderson" uid="11691953" lat="20.9819359" lon="105.7819686"/>
 <node id="11402514955" visible="true" version="1" changeset="144889286" timestamp="2023-12-08T06:29:14Z" user="ItsLouisAnderson" uid="11691953" lat="20.9821929" lon="105.7819085"/>
 <node id="11402514956" visible="true" version="1" changeset="144889286" timestamp="2023-12-08T06:29:14Z" user="ItsLouisAnderson" uid="11691953" lat="20.9822128" lon="105.7819537"/>
 <node id="11402514957" visible="true" version="1" changeset="144889286" timestamp="2023-12-08T06:29:14Z" user="ItsLouisAnderson" uid="11691953" lat="20.9822159" lon="105.7819365"/>
 <node id="11402514958" visible="true" version="1" changeset="144889286" timestamp="2023-12-08T06:29:14Z" user="ItsLouisAnderson" uid="11691953" lat="20.9815531" lon="105.7815760"/>
 <node id="11402514959" visible="true" version="1" changeset="144889286" timestamp="2023-12-08T06:29:14Z" user="ItsLouisAnderson" uid="11691953" lat="20.9815383" lon="105.7815850"/>
 <node id="11402514960" visible="true" version="1" changeset="144889286" timestamp="2023-12-08T06:29:14Z" user="ItsLouisAnderson" uid="11691953" lat="20.9815156" lon="105.7815841"/>
 <node id="11402514961" visible="true" version="1" changeset="144889286" timestamp="2023-12-08T06:29:14Z" user="ItsLouisAnderson" uid="11691953" lat="20.9814958" lon="105.7815746"/>
 <node id="11402514962" visible="true" version="1" changeset="144889286" timestamp="2023-12-08T06:29:14Z" user="ItsLouisAnderson" uid="11691953" lat="20.9814756" lon="105.7815575"/>
 <node id="11402514963" visible="true" version="1" changeset="144889286" timestamp="2023-12-08T06:29:14Z" user="ItsLouisAnderson" uid="11691953" lat="20.9814436" lon="105.7815498"/>
 <node id="11402514964" visible="true" version="1" changeset="144889286" timestamp="2023-12-08T06:29:14Z" user="ItsLouisAnderson" uid="11691953" lat="20.9814263" lon="105.7815448"/>
 <node id="11402514965" visible="true" version="1" changeset="144889286" timestamp="2023-12-08T06:29:14Z" user="ItsLouisAnderson" uid="11691953" lat="20.9814213" lon="105.7815340"/>
 <node id="11402514966" visible="true" version="1" changeset="144889286" timestamp="2023-12-08T06:29:14Z" user="ItsLouisAnderson" uid="11691953" lat="20.9813951" lon="105.7815295"/>
 <node id="11402514967" visible="true" version="1" changeset="144889286" timestamp="2023-12-08T06:29:14Z" user="ItsLouisAnderson" uid="11691953" lat="20.9813353" lon="105.7815367"/>
 <node id="11402514968" visible="true" version="1" changeset="144889286" timestamp="2023-12-08T06:29:14Z" user="ItsLouisAnderson" uid="11691953" lat="20.9813446" lon="105.7816400"/>
 <node id="11402514969" visible="true" version="1" changeset="144889286" timestamp="2023-12-08T06:29:14Z" user="ItsLouisAnderson" uid="11691953" lat="20.9813568" lon="105.7817253"/>
 <node id="11402514970" visible="true" version="1" changeset="144889286" timestamp="2023-12-08T06:29:14Z" user="ItsLouisAnderson" uid="11691953" lat="20.9813741" lon="105.7818096"/>
 <node id="11402514971" visible="true" version="1" changeset="144889286" timestamp="2023-12-08T06:29:14Z" user="ItsLouisAnderson" uid="11691953" lat="20.9813850" lon="105.7818534"/>
 <node id="11402514972" visible="true" version="1" changeset="144889286" timestamp="2023-12-08T06:29:14Z" user="ItsLouisAnderson" uid="11691953" lat="20.9814170" lon="105.7818371"/>
 <node id="11402514973" visible="true" version="1" changeset="144889286" timestamp="2023-12-08T06:29:14Z" user="ItsLouisAnderson" uid="11691953" lat="20.9814398" lon="105.7818146"/>
 <node id="11402514974" visible="true" version="1" changeset="144889286" timestamp="2023-12-08T06:29:14Z" user="ItsLouisAnderson" uid="11691953" lat="20.9814764" lon="105.7818087"/>
 <node id="11402514975" visible="true" version="1" changeset="144889286" timestamp="2023-12-08T06:29:14Z" user="ItsLouisAnderson" uid="11691953" lat="20.9814895" lon="105.7817916"/>
 <node id="11402514976" visible="true" version="1" changeset="144889286" timestamp="2023-12-08T06:29:14Z" user="ItsLouisAnderson" uid="11691953" lat="20.9815139" lon="105.7817776"/>
 <node id="11402514977" visible="true" version="1" changeset="144889286" timestamp="2023-12-08T06:29:14Z" user="ItsLouisAnderson" uid="11691953" lat="20.9815291" lon="105.7817713"/>
 <node id="11402514978" visible="true" version="1" changeset="144889286" timestamp="2023-12-08T06:29:14Z" user="ItsLouisAnderson" uid="11691953" lat="20.9815506" lon="105.7817690"/>
 <node id="11402514979" visible="true" version="1" changeset="144889286" timestamp="2023-12-08T06:29:14Z" user="ItsLouisAnderson" uid="11691953" lat="20.9815548" lon="105.7817397"/>
 <node id="11402514980" visible="true" version="1" changeset="144889286" timestamp="2023-12-08T06:29:14Z" user="ItsLouisAnderson" uid="11691953" lat="20.9815468" lon="105.7817316"/>
 <node id="11402514981" visible="true" version="1" changeset="144889286" timestamp="2023-12-08T06:29:14Z" user="ItsLouisAnderson" uid="11691953" lat="20.9815421" lon="105.7817081"/>
 <node id="11402514982" visible="true" version="1" changeset="144889286" timestamp="2023-12-08T06:29:14Z" user="ItsLouisAnderson" uid="11691953" lat="20.9815464" lon="105.7816878"/>
 <node id="11402514983" visible="true" version="1" changeset="144889286" timestamp="2023-12-08T06:29:14Z" user="ItsLouisAnderson" uid="11691953" lat="20.9815569" lon="105.7816766"/>
 <node id="11402514984" visible="true" version="1" changeset="144889286" timestamp="2023-12-08T06:29:14Z" user="ItsLouisAnderson" uid="11691953" lat="20.9815746" lon="105.7816630"/>
 <node id="11402514985" visible="true" version="1" changeset="144889286" timestamp="2023-12-08T06:29:14Z" user="ItsLouisAnderson" uid="11691953" lat="20.9818542" lon="105.7821266"/>
 <node id="11402514986" visible="true" version="1" changeset="144889286" timestamp="2023-12-08T06:29:14Z" user="ItsLouisAnderson" uid="11691953" lat="20.9822207" lon="105.7821123"/>
 <node id="11402514987" visible="true" version="1" changeset="144889286" timestamp="2023-12-08T06:29:14Z" user="ItsLouisAnderson" uid="11691953" lat="20.9823481" lon="105.7820808"/>
 <node id="11402514988" visible="true" version="1" changeset="144889286" timestamp="2023-12-08T06:29:14Z" user="ItsLouisAnderson" uid="11691953" lat="20.9822893" lon="105.7821588"/>
 <node id="11402514989" visible="true" version="1" changeset="144889286" timestamp="2023-12-08T06:29:14Z" user="ItsLouisAnderson" uid="11691953" lat="20.9818770" lon="105.7821838"/>
 <node id="11402514990" visible="true" version="1" changeset="144889286" timestamp="2023-12-08T06:29:14Z" user="ItsLouisAnderson" uid="11691953" lat="20.9829867" lon="105.7814234"/>
 <node id="11402514991" visible="true" version="1" changeset="144889286" timestamp="2023-12-08T06:29:14Z" user="ItsLouisAnderson" uid="11691953" lat="20.9829679" lon="105.7814342"/>
 <node id="11402514992" visible="true" version="1" changeset="144889286" timestamp="2023-12-08T06:29:14Z" user="ItsLouisAnderson" uid="11691953" lat="20.9829570" lon="105.7814124"/>
 <node id="11402514993" visible="true" version="1" changeset="144889286" timestamp="2023-12-08T06:29:14Z" user="ItsLouisAnderson" uid="11691953" lat="20.9828965" lon="105.7814471"/>
 <node id="11402514994" visible="true" version="1" changeset="144889286" timestamp="2023-12-08T06:29:14Z" user="ItsLouisAnderson" uid="11691953" lat="20.9829372" lon="105.7815285"/>
 <node id="11402514995" visible="true" version="1" changeset="144889286" timestamp="2023-12-08T06:29:14Z" user="ItsLouisAnderson" uid="11691953" lat="20.9830012" lon="105.7814918"/>
 <node id="11402514996" visible="true" version="1" changeset="144889286" timestamp="2023-12-08T06:29:14Z" user="ItsLouisAnderson" uid="11691953" lat="20.9829911" lon="105.7814714"/>
 <node id="11402514997" visible="true" version="1" changeset="144889286" timestamp="2023-12-08T06:29:14Z" user="ItsLouisAnderson" uid="11691953" lat="20.9830064" lon="105.7814627"/>
 <node id="11402514998" visible="true" version="1" changeset="144889286" timestamp="2023-12-08T06:29:14Z" user="ItsLouisAnderson" uid="11691953" lat="20.9829070" lon="105.7813725"/>
 <node id="11402514999" visible="true" version="1" changeset="144889286" timestamp="2023-12-08T06:29:14Z" user="ItsLouisAnderson" uid="11691953" lat="20.9828658" lon="105.7813990"/>
 <node id="11402515000" visible="true" version="1" changeset="144889286" timestamp="2023-12-08T06:29:14Z" user="ItsLouisAnderson" uid="11691953" lat="20.9828775" lon="105.7814198"/>
 <node id="11402515001" visible="true" version="1" changeset="144889286" timestamp="2023-12-08T06:29:14Z" user="ItsLouisAnderson" uid="11691953" lat="20.9829186" lon="105.7813932"/>
 <node id="11402515002" visible="true" version="1" changeset="144889286" timestamp="2023-12-08T06:29:14Z" user="ItsLouisAnderson" uid="11691953" lat="20.9827964" lon="105.7814934"/>
 <node id="11402515003" visible="true" version="1" changeset="144889286" timestamp="2023-12-08T06:29:14Z" user="ItsLouisAnderson" uid="11691953" lat="20.9826096" lon="105.7816024"/>
 <node id="11402515004" visible="true" version="1" changeset="144889286" timestamp="2023-12-08T06:29:14Z" user="ItsLouisAnderson" uid="11691953" lat="20.9826569" lon="105.7816954"/>
 <node id="11402515005" visible="true" version="1" changeset="144889286" timestamp="2023-12-08T06:29:14Z" user="ItsLouisAnderson" uid="11691953" lat="20.9828437" lon="105.7815865"/>
 <node id="11402515006" visible="true" version="1" changeset="144889286" timestamp="2023-12-08T06:29:14Z" user="ItsLouisAnderson" uid="11691953" lat="20.9825470" lon="105.7815984"/>
 <node id="11402515007" visible="true" version="1" changeset="144889286" timestamp="2023-12-08T06:29:14Z" user="ItsLouisAnderson" uid="11691953" lat="20.9826392" lon="105.7817830"/>
 <node id="11402515008" visible="true" version="1" changeset="144889286" timestamp="2023-12-08T06:29:14Z" user="ItsLouisAnderson" uid="11691953" lat="20.9827363" lon="105.7817202"/>
 <node id="11402515009" visible="true" version="1" changeset="144889286" timestamp="2023-12-08T06:29:14Z" user="ItsLouisAnderson" uid="11691953" lat="20.9827844" lon="105.7816832"/>
 <node id="11402515010" visible="true" version="1" changeset="144889286" timestamp="2023-12-08T06:29:14Z" user="ItsLouisAnderson" uid="11691953" lat="20.9828861" lon="105.7816027"/>
 <node id="11402515011" visible="true" version="1" changeset="144889286" timestamp="2023-12-08T06:29:14Z" user="ItsLouisAnderson" uid="11691953" lat="20.9830394" lon="105.7814756"/>
 <node id="11402515012" visible="true" version="1" changeset="144889286" timestamp="2023-12-08T06:29:14Z" user="ItsLouisAnderson" uid="11691953" lat="20.9829607" lon="105.7813731"/>
 <node id="11402515013" visible="true" version="1" changeset="144889286" timestamp="2023-12-08T06:29:14Z" user="ItsLouisAnderson" uid="11691953" lat="20.9829512" lon="105.7813667"/>
 <node id="11402515014" visible="true" version="1" changeset="144889286" timestamp="2023-12-08T06:29:14Z" user="ItsLouisAnderson" uid="11691953" lat="20.9829412" lon="105.7813651"/>
 <node id="11402515015" visible="true" version="1" changeset="144889286" timestamp="2023-12-08T06:29:14Z" user="ItsLouisAnderson" uid="11691953" lat="20.9824094" lon="105.7817902"/>
 <node id="11402515016" visible="true" version="1" changeset="144889286" timestamp="2023-12-08T06:29:14Z" user="ItsLouisAnderson" uid="11691953" lat="20.9824291" lon="105.7817754"/>
 <node id="11402515017" visible="true" version="1" changeset="144889286" timestamp="2023-12-08T06:29:14Z" user="ItsLouisAnderson" uid="11691953" lat="20.9824434" lon="105.7817546"/>
 <node id="11402515018" visible="true" version="1" changeset="144889286" timestamp="2023-12-08T06:29:14Z" user="ItsLouisAnderson" uid="11691953" lat="20.9824506" lon="105.7817300"/>
 <node id="11402515019" visible="true" version="1" changeset="144889286" timestamp="2023-12-08T06:29:14Z" user="ItsLouisAnderson" uid="11691953" lat="20.9823596" lon="105.7816412"/>
 <node id="11402515020" visible="true" version="1" changeset="144889286" timestamp="2023-12-08T06:29:14Z" user="ItsLouisAnderson" uid="11691953" lat="20.9823368" lon="105.7816517"/>
 <node id="11402515021" visible="true" version="1" changeset="144889286" timestamp="2023-12-08T06:29:14Z" user="ItsLouisAnderson" uid="11691953" lat="20.9823185" lon="105.7816696"/>
 <node id="11402515022" visible="true" version="1" changeset="144889286" timestamp="2023-12-08T06:29:14Z" user="ItsLouisAnderson" uid="11691953" lat="20.9823067" lon="105.7816930"/>
 <node id="11402515023" visible="true" version="1" changeset="144889286" timestamp="2023-12-08T06:29:14Z" user="ItsLouisAnderson" uid="11691953" lat="20.9824502" lon="105.7817042"/>
 <node id="11402515024" visible="true" version="1" changeset="144889286" timestamp="2023-12-08T06:29:14Z" user="ItsLouisAnderson" uid="11691953" lat="20.9824421" lon="105.7816799"/>
 <node id="11402515025" visible="true" version="1" changeset="144889286" timestamp="2023-12-08T06:29:14Z" user="ItsLouisAnderson" uid="11691953" lat="20.9824271" lon="105.7816597"/>
 <node id="11402515026" visible="true" version="1" changeset="144889286" timestamp="2023-12-08T06:29:14Z" user="ItsLouisAnderson" uid="11691953" lat="20.9824070" lon="105.7816457"/>
 <node id="11402515027" visible="true" version="1" changeset="144889286" timestamp="2023-12-08T06:29:14Z" user="ItsLouisAnderson" uid="11691953" lat="20.9823836" lon="105.7816393"/>
 <node id="11402515028" visible="true" version="1" changeset="144889286" timestamp="2023-12-08T06:29:14Z" user="ItsLouisAnderson" uid="11691953" lat="20.9823028" lon="105.7817192"/>
 <node id="11402515029" visible="true" version="1" changeset="144889286" timestamp="2023-12-08T06:29:14Z" user="ItsLouisAnderson" uid="11691953" lat="20.9823071" lon="105.7817454"/>
 <node id="11402515030" visible="true" version="1" changeset="144889286" timestamp="2023-12-08T06:29:14Z" user="ItsLouisAnderson" uid="11691953" lat="20.9823193" lon="105.7817686"/>
 <node id="11402515031" visible="true" version="1" changeset="144889286" timestamp="2023-12-08T06:29:14Z" user="ItsLouisAnderson" uid="11691953" lat="20.9823379" lon="105.7817862"/>
 <node id="11402515032" visible="true" version="1" changeset="144889286" timestamp="2023-12-08T06:29:14Z" user="ItsLouisAnderson" uid="11691953" lat="20.9823608" lon="105.7817962"/>
 <node id="11402515033" visible="true" version="1" changeset="144889286" timestamp="2023-12-08T06:29:14Z" user="ItsLouisAnderson" uid="11691953" lat="20.9823856" lon="105.7817976"/>
 <node id="11402515034" visible="true" version="1" changeset="144889286" timestamp="2023-12-08T06:29:14Z" user="ItsLouisAnderson" uid="11691953" lat="20.9820456" lon="105.7818269"/>
 <node id="11402515035" visible="true" version="1" changeset="144889286" timestamp="2023-12-08T06:29:14Z" user="ItsLouisAnderson" uid="11691953" lat="20.9820773" lon="105.7819806">
  <tag k="barrier" v="gate"/>
 </node>
 <node id="11402515036" visible="true" version="1" changeset="144889286" timestamp="2023-12-08T06:29:14Z" user="ItsLouisAnderson" uid="11691953" lat="20.9820915" lon="105.7821286"/>
 <node id="11402515037" visible="true" version="1" changeset="144889286" timestamp="2023-12-08T06:29:14Z" user="ItsLouisAnderson" uid="11691953" lat="20.9820664" lon="105.7819117"/>
 <node id="11402515038" visible="true" version="1" changeset="144889286" timestamp="2023-12-08T06:29:14Z" user="ItsLouisAnderson" uid="11691953" lat="20.9820877" lon="105.7820941"/>
 <node id="11402515039" visible="true" version="1" changeset="144889286" timestamp="2023-12-08T06:29:14Z" user="ItsLouisAnderson" uid="11691953" lat="20.9815834" lon="105.7816113"/>
 <node id="11402515040" visible="true" version="1" changeset="144889286" timestamp="2023-12-08T06:29:14Z" user="ItsLouisAnderson" uid="11691953" lat="20.9815254" lon="105.7816426"/>
 <node id="11402515041" visible="true" version="1" changeset="144889286" timestamp="2023-12-08T06:29:14Z" user="ItsLouisAnderson" uid="11691953" lat="20.9814907" lon="105.7816563"/>
 <node id="11402515042" visible="true" version="1" changeset="144889286" timestamp="2023-12-08T06:29:14Z" user="ItsLouisAnderson" uid="11691953" lat="20.9814361" lon="105.7816737">
  <tag k="barrier" v="gate"/>
 </node>
 <node id="11402515043" visible="true" version="1" changeset="144889286" timestamp="2023-12-08T06:29:14Z" user="ItsLouisAnderson" uid="11691953" lat="20.9813731" lon="105.7816919"/>
 <node id="11402515044" visible="true" version="1" changeset="144889286" timestamp="2023-12-08T06:29:14Z" user="ItsLouisAnderson" uid="11691953" lat="20.9812816" lon="105.7817154"/>
 <node id="11402515045" visible="true" version="1" changeset="144889286" timestamp="2023-12-08T06:29:14Z" user="ItsLouisAnderson" uid="11691953" lat="20.9815123" lon="105.7823272"/>
 <node id="11402515046" visible="true" version="1" changeset="144889286" timestamp="2023-12-08T06:29:14Z" user="ItsLouisAnderson" uid="11691953" lat="20.9813363" lon="105.7810083"/>
 <node id="11402515047" visible="true" version="1" changeset="144889286" timestamp="2023-12-08T06:29:14Z" user="ItsLouisAnderson" uid="11691953" lat="20.9815144" lon="105.7806327"/>
 <node id="11402515048" visible="true" version="1" changeset="144889286" timestamp="2023-12-08T06:29:14Z" user="ItsLouisAnderson" uid="11691953" lat="20.9812709" lon="105.7814438"/>
 <node id="11402515049" visible="true" version="1" changeset="144889286" timestamp="2023-12-08T06:29:14Z" user="ItsLouisAnderson" uid="11691953" lat="20.9813075" lon="105.7818404"/>
 <node id="11402515050" visible="true" version="1" changeset="144889286" timestamp="2023-12-08T06:29:14Z" user="ItsLouisAnderson" uid="11691953" lat="20.9813528" lon="105.7816971"/>
 <node id="11402515051" visible="true" version="1" changeset="144889286" timestamp="2023-12-08T06:29:14Z" user="ItsLouisAnderson" uid="11691953" lat="20.9822593" lon="105.7819840"/>
 <node id="11402515052" visible="true" version="1" changeset="144889286" timestamp="2023-12-08T06:29:14Z" user="ItsLouisAnderson" uid="11691953" lat="20.9823440" lon="105.7819584"/>
 <node id="11402515053" visible="true" version="1" changeset="144889286" timestamp="2023-12-08T06:29:14Z" user="ItsLouisAnderson" uid="11691953" lat="20.9824488" lon="105.7819197"/>
 <node id="11402515054" visible="true" version="1" changeset="144889286" timestamp="2023-12-08T06:29:14Z" user="ItsLouisAnderson" uid="11691953" lat="20.9825628" lon="105.7818628"/>
 <node id="11402515055" visible="true" version="1" changeset="144889286" timestamp="2023-12-08T06:29:14Z" user="ItsLouisAnderson" uid="11691953" lat="20.9826648" lon="105.7817991"/>
 <node id="11402515056" visible="true" version="1" changeset="144889286" timestamp="2023-12-08T06:29:14Z" user="ItsLouisAnderson" uid="11691953" lat="20.9829071" lon="105.7816147"/>
 <node id="11402515057" visible="true" version="1" changeset="144889286" timestamp="2023-12-08T06:29:14Z" user="ItsLouisAnderson" uid="11691953" lat="20.9830714" lon="105.7814820"/>
 <node id="11402515058" visible="true" version="1" changeset="144889286" timestamp="2023-12-08T06:29:14Z" user="ItsLouisAnderson" uid="11691953" lat="20.9829871" lon="105.7813697"/>
 <node id="11402515059" visible="true" version="1" changeset="144889286" timestamp="2023-12-08T06:29:14Z" user="ItsLouisAnderson" uid="11691953" lat="20.9829595" lon="105.7813507"/>
 <node id="11402515060" visible="true" version="1" changeset="144889286" timestamp="2023-12-08T06:29:14Z" user="ItsLouisAnderson" uid="11691953" lat="20.9829276" lon="105.7813454"/>
 <node id="11402515061" visible="true" version="1" changeset="144889286" timestamp="2023-12-08T06:29:14Z" user="ItsLouisAnderson" uid="11691953" lat="20.9828873" lon="105.7813598"/>
 <node id="11402515062" visible="true" version="1" changeset="144889286" timestamp="2023-12-08T06:29:14Z" user="ItsLouisAnderson" uid="11691953" lat="20.9825203" lon="105.7815897"/>
 <node id="11402515063" visible="true" version="1" changeset="144889286" timestamp="2023-12-08T06:29:14Z" user="ItsLouisAnderson" uid="11691953" lat="20.9825537" lon="105.7815688"/>
 <node id="11402515064" visible="true" version="1" changeset="144889286" timestamp="2023-12-08T06:29:14Z" user="ItsLouisAnderson" uid="11691953" lat="20.9825627" lon="105.7815886"/>
 <node id="11402515065" visible="true" version="1" changeset="144889286" timestamp="2023-12-08T06:29:14Z" user="ItsLouisAnderson" uid="11691953" lat="20.9826337" lon="105.7818186"/>
 <node id="11402515066" visible="true" version="1" changeset="144889286" timestamp="2023-12-08T06:29:14Z" user="ItsLouisAnderson" uid="11691953" lat="20.9825596" lon="105.7816237"/>
 <node id="11402515067" visible="true" version="1" changeset="144889286" timestamp="2023-12-08T06:29:14Z" user="ItsLouisAnderson" uid="11691953" lat="20.9825421" lon="105.7816336"/>
 <node id="11402515068" visible="true" version="1" changeset="144889286" timestamp="2023-12-08T06:29:14Z" user="ItsLouisAnderson" uid="11691953" lat="20.9826330" lon="105.7817705"/>
 <node id="11402515069" visible="true" version="1" changeset="144889286" timestamp="2023-12-08T06:29:14Z" user="ItsLouisAnderson" uid="11691953" lat="20.9826153" lon="105.7817815"/>
 <node id="11402515070" visible="true" version="1" changeset="144889286" timestamp="2023-12-08T06:29:14Z" user="ItsLouisAnderson" uid="11691953" lat="20.9829183" lon="105.7813488"/>
 <node id="11402515071" visible="true" version="1" changeset="144889286" timestamp="2023-12-08T06:29:14Z" user="ItsLouisAnderson" uid="11691953" lat="20.9829272" lon="105.7813681"/>
 <node id="11402515072" visible="true" version="1" changeset="144889286" timestamp="2023-12-08T06:29:14Z" user="ItsLouisAnderson" uid="11691953" lat="20.9823726" lon="105.7813256"/>
 <node id="11402515073" visible="true" version="1" changeset="144889286" timestamp="2023-12-08T06:29:14Z" user="ItsLouisAnderson" uid="11691953" lat="20.9823238" lon="105.7817729"/>
 <node id="11402515074" visible="true" version="1" changeset="144889286" timestamp="2023-12-08T06:29:14Z" user="ItsLouisAnderson" uid="11691953" lat="20.9822916" lon="105.7818219"/>
 <node id="11402515075" visible="true" version="1" changeset="144889286" timestamp="2023-12-08T06:29:14Z" user="ItsLouisAnderson" uid="11691953" lat="20.9822600" lon="105.7818686"/>
 <node id="11402515076" visible="true" version="1" changeset="144889286" timestamp="2023-12-08T06:29:14Z" user="ItsLouisAnderson" uid="11691953" lat="20.9822275" lon="105.7819056"/>
 <node id="11402515077" visible="true" version="1" changeset="144889286" timestamp="2023-12-08T06:29:14Z" user="ItsLouisAnderson" uid="11691953" lat="20.9821964" lon="105.7819297"/>
 <node id="11402515078" visible="true" version="1" changeset="144889286" timestamp="2023-12-08T06:29:14Z" user="ItsLouisAnderson" uid="11691953" lat="20.9821579" lon="105.7819447"/>
 <node id="11402515079" visible="true" version="1" changeset="144889286" timestamp="2023-12-08T06:29:14Z" user="ItsLouisAnderson" uid="11691953" lat="20.9820740" lon="105.7819595"/>
 <node id="11402515080" visible="true" version="1" changeset="144889286" timestamp="2023-12-08T06:29:14Z" user="ItsLouisAnderson" uid="11691953" lat="20.9820111" lon="105.7819560"/>
 <node id="11402515081" visible="true" version="1" changeset="144889286" timestamp="2023-12-08T06:29:14Z" user="ItsLouisAnderson" uid="11691953" lat="20.9819545" lon="105.7819453"/>
 <node id="11402515082" visible="true" version="1" changeset="144889286" timestamp="2023-12-08T06:29:14Z" user="ItsLouisAnderson" uid="11691953" lat="20.9819055" lon="105.7819314"/>
 <node id="11402515083" visible="true" version="1" changeset="144889286" timestamp="2023-12-08T06:29:14Z" user="ItsLouisAnderson" uid="11691953" lat="20.9818794" lon="105.7819142"/>
 <node id="11402515084" visible="true" version="1" changeset="144889286" timestamp="2023-12-08T06:29:14Z" user="ItsLouisAnderson" uid="11691953" lat="20.9818183" lon="105.7818745"/>
 <node id="11402515085" visible="true" version="1" changeset="144889286" timestamp="2023-12-08T06:29:14Z" user="ItsLouisAnderson" uid="11691953" lat="20.9817617" lon="105.7818401"/>
 <node id="11402515086" visible="true" version="1" changeset="144889286" timestamp="2023-12-08T06:29:14Z" user="ItsLouisAnderson" uid="11691953" lat="20.9817006" lon="105.7817956"/>
 <node id="11402515087" visible="true" version="1" changeset="144889286" timestamp="2023-12-08T06:29:14Z" user="ItsLouisAnderson" uid="11691953" lat="20.9816440" lon="105.7817720"/>
 <node id="11402515088" visible="true" version="1" changeset="144889286" timestamp="2023-12-08T06:29:14Z" user="ItsLouisAnderson" uid="11691953" lat="20.9816009" lon="105.7817586"/>
 <node id="11402515089" visible="true" version="1" changeset="144889286" timestamp="2023-12-08T06:29:14Z" user="ItsLouisAnderson" uid="11691953" lat="20.9815529" lon="105.7817524"/>
 <node id="11402515090" visible="true" version="1" changeset="144889286" timestamp="2023-12-08T06:29:14Z" user="ItsLouisAnderson" uid="11691953" lat="20.9815162" lon="105.7817398"/>
 <node id="11402515091" visible="true" version="1" changeset="144889286" timestamp="2023-12-08T06:29:14Z" user="ItsLouisAnderson" uid="11691953" lat="20.9814972" lon="105.7817157"/>
 <node id="11402515092" visible="true" version="1" changeset="144889286" timestamp="2023-12-08T06:29:14Z" user="ItsLouisAnderson" uid="11691953" lat="20.9814775" lon="105.7816605"/>
 <node id="11402515093" visible="true" version="1" changeset="144889286" timestamp="2023-12-08T06:29:14Z" user="ItsLouisAnderson" uid="11691953" lat="20.9814616" lon="105.7816068"/>
 <node id="11402515094" visible="true" version="1" changeset="144889286" timestamp="2023-12-08T06:29:14Z" user="ItsLouisAnderson" uid="11691953" lat="20.9814588" lon="105.7815534"/>
 <node id="11402515095" visible="true" version="1" changeset="144889286" timestamp="2023-12-08T06:29:14Z" user="ItsLouisAnderson" uid="11691953" lat="20.9814782" lon="105.7813439"/>
 <node id="11402515096" visible="true" version="1" changeset="144889286" timestamp="2023-12-08T06:29:14Z" user="ItsLouisAnderson" uid="11691953" lat="20.9822049" lon="105.7819231"/>
 <node id="11402515097" visible="true" version="1" changeset="144889286" timestamp="2023-12-08T06:29:14Z" user="ItsLouisAnderson" uid="11691953" lat="20.9821524" lon="105.7820088"/>
 <node id="11402515098" visible="true" version="1" changeset="144889286" timestamp="2023-12-08T06:29:14Z" user="ItsLouisAnderson" uid="11691953" lat="20.9820808" lon="105.7820192"/>
 <node id="11402515099" visible="true" version="1" changeset="144889286" timestamp="2023-12-08T06:29:14Z" user="ItsLouisAnderson" uid="11691953" lat="20.9820011" lon="105.7820247"/>
 <node id="11402515100" visible="true" version="1" changeset="144889286" timestamp="2023-12-08T06:29:14Z" user="ItsLouisAnderson" uid="11691953" lat="20.9819343" lon="105.7820167"/>
 <node id="11402515101" visible="true" version="1" changeset="144889286" timestamp="2023-12-08T06:29:14Z" user="ItsLouisAnderson" uid="11691953" lat="20.9818135" lon="105.7820024"/>
 <node id="11402515102" visible="true" version="1" changeset="144889286" timestamp="2023-12-08T06:29:14Z" user="ItsLouisAnderson" uid="11691953" lat="20.9817170" lon="105.7819890"/>
 <node id="11402515103" visible="true" version="1" changeset="144889286" timestamp="2023-12-08T06:29:14Z" user="ItsLouisAnderson" uid="11691953" lat="20.9816265" lon="105.7819692"/>
 <node id="11402515104" visible="true" version="1" changeset="144889286" timestamp="2023-12-08T06:29:14Z" user="ItsLouisAnderson" uid="11691953" lat="20.9815538" lon="105.7819514"/>
 <node id="11402515105" visible="true" version="1" changeset="144889286" timestamp="2023-12-08T06:29:14Z" user="ItsLouisAnderson" uid="11691953" lat="20.9815181" lon="105.7819309"/>
 <node id="11402515106" visible="true" version="1" changeset="144889286" timestamp="2023-12-08T06:29:14Z" user="ItsLouisAnderson" uid="11691953" lat="20.9814847" lon="105.7818882"/>
 <node id="11402515107" visible="true" version="1" changeset="144889286" timestamp="2023-12-08T06:29:14Z" user="ItsLouisAnderson" uid="11691953" lat="20.9814674" lon="105.7818448"/>
 <node id="11402515108" visible="true" version="1" changeset="144889286" timestamp="2023-12-08T06:29:14Z" user="ItsLouisAnderson" uid="11691953" lat="20.9814596" lon="105.7818114"/>
 <node id="11402515109" visible="true" version="1" changeset="144889286" timestamp="2023-12-08T06:29:14Z" user="ItsLouisAnderson" uid="11691953" lat="20.9814253" lon="105.7816769"/>
 <node id="11402515110" visible="true" version="1" changeset="144889286" timestamp="2023-12-08T06:29:14Z" user="ItsLouisAnderson" uid="11691953" lat="20.9814071" lon="105.7815316"/>
 <node id="11402515111" visible="true" version="1" changeset="144889286" timestamp="2023-12-08T06:29:14Z" user="ItsLouisAnderson" uid="11691953" lat="20.9814102" lon="105.7813396"/>
 <node id="11402515112" visible="true" version="1" changeset="144889286" timestamp="2023-12-08T06:29:14Z" user="ItsLouisAnderson" uid="11691953" lat="20.9814090" lon="105.7812610"/>
 <node id="11402515113" visible="true" version="1" changeset="144889286" timestamp="2023-12-08T06:29:14Z" user="ItsLouisAnderson" uid="11691953" lat="20.9815524" lon="105.7813511"/>
 <node id="11402515114" visible="true" version="1" changeset="144889286" timestamp="2023-12-08T06:29:14Z" user="ItsLouisAnderson" uid="11691953" lat="20.9824341" lon="105.7810151"/>
 <node id="11402515115" visible="true" version="1" changeset="144889286" timestamp="2023-12-08T06:29:14Z" user="ItsLouisAnderson" uid="11691953" lat="20.9826244" lon="105.7813777"/>
 <node id="11402515116" visible="true" version="1" changeset="144889286" timestamp="2023-12-08T06:29:14Z" user="ItsLouisAnderson" uid="11691953" lat="20.9829117" lon="105.7812063"/>
 <node id="11402515117" visible="true" version="1" changeset="144889286" timestamp="2023-12-08T06:29:14Z" user="ItsLouisAnderson" uid="11691953" lat="20.9829412" lon="105.7812018"/>
 <node id="11402515118" visible="true" version="1" changeset="144889286" timestamp="2023-12-08T06:29:14Z" user="ItsLouisAnderson" uid="11691953" lat="20.9829715" lon="105.7812171"/>
 <node id="11402515119" visible="true" version="1" changeset="144889286" timestamp="2023-12-08T06:29:14Z" user="ItsLouisAnderson" uid="11691953" lat="20.9831920" lon="105.7815167"/>
 <node id="11402515120" visible="true" version="1" changeset="144889286" timestamp="2023-12-08T06:29:14Z" user="ItsLouisAnderson" uid="11691953" lat="20.9829905" lon="105.7812416">
  <tag k="barrier" v="gate"/>
 </node>
 <node id="11402515121" visible="true" version="1" changeset="144889286" timestamp="2023-12-08T06:29:14Z" user="ItsLouisAnderson" uid="11691953" lat="20.9832524" lon="105.7810275"/>
 <node id="11402515122" visible="true" version="1" changeset="144889286" timestamp="2023-12-08T06:29:14Z" user="ItsLouisAnderson" uid="11691953" lat="20.9833571" lon="105.7812185"/>
 <node id="11402515123" visible="true" version="1" changeset="144889286" timestamp="2023-12-08T06:29:14Z" user="ItsLouisAnderson" uid="11691953" lat="20.9832554" lon="105.7813075"/>
 <node id="11402515124" visible="true" version="1" changeset="144889286" timestamp="2023-12-08T06:29:14Z" user="ItsLouisAnderson" uid="11691953" lat="20.9832273" lon="105.7813054"/>
 <node id="11402515125" visible="true" version="1" changeset="144889286" timestamp="2023-12-08T06:29:14Z" user="ItsLouisAnderson" uid="11691953" lat="20.9831507" lon="105.7812034"/>
 <node id="11402515126" visible="true" version="1" changeset="144889286" timestamp="2023-12-08T06:29:14Z" user="ItsLouisAnderson" uid="11691953" lat="20.9831120" lon="105.7812250"/>
 <node id="11402515127" visible="true" version="1" changeset="144889286" timestamp="2023-12-08T06:29:14Z" user="ItsLouisAnderson" uid="11691953" lat="20.9830828" lon="105.7811669"/>
 <node id="11402515128" visible="true" version="1" changeset="144889286" timestamp="2023-12-08T06:29:14Z" user="ItsLouisAnderson" uid="11691953" lat="20.9831978" lon="105.7811117"/>
 <node id="11402515129" visible="true" version="1" changeset="144889286" timestamp="2023-12-08T06:29:14Z" user="ItsLouisAnderson" uid="11691953" lat="20.9831775" lon="105.7810632"/>
 <node id="11402515130" visible="true" version="1" changeset="144889286" timestamp="2023-12-08T06:29:14Z" user="ItsLouisAnderson" uid="11691953" lat="20.9830969" lon="105.7811964"/>
 <node id="11402515131" visible="true" version="1" changeset="144889286" timestamp="2023-12-08T06:29:14Z" user="ItsLouisAnderson" uid="11691953" lat="20.9830713" lon="105.7812124"/>
 <node id="11402515132" visible="true" version="1" changeset="144889286" timestamp="2023-12-08T06:29:14Z" user="ItsLouisAnderson" uid="11691953" lat="20.9835430" lon="105.7810799"/>
 <node id="11402515133" visible="true" version="1" changeset="144889286" timestamp="2023-12-08T06:29:14Z" user="ItsLouisAnderson" uid="11691953" lat="20.9835244" lon="105.7810697"/>
 <node id="11402515134" visible="true" version="1" changeset="144889286" timestamp="2023-12-08T06:29:14Z" user="ItsLouisAnderson" uid="11691953" lat="20.9834962" lon="105.7810634"/>
 <node id="11402515135" visible="true" version="1" changeset="144889286" timestamp="2023-12-08T06:29:14Z" user="ItsLouisAnderson" uid="11691953" lat="20.9834633" lon="105.7810620"/>
 <node id="11402515136" visible="true" version="1" changeset="144889286" timestamp="2023-12-08T06:29:14Z" user="ItsLouisAnderson" uid="11691953" lat="20.9834292" lon="105.7810733"/>
 <node id="11402515137" visible="true" version="1" changeset="144889286" timestamp="2023-12-08T06:29:14Z" user="ItsLouisAnderson" uid="11691953" lat="20.9834056" lon="105.7810976"/>
 <node id="11402515138" visible="true" version="1" changeset="144889286" timestamp="2023-12-08T06:29:14Z" user="ItsLouisAnderson" uid="11691953" lat="20.9833900" lon="105.7811279"/>
 <node id="11402515139" visible="true" version="1" changeset="144889286" timestamp="2023-12-08T06:29:14Z" user="ItsLouisAnderson" uid="11691953" lat="20.9833862" lon="105.7811667"/>
 <node id="11402515140" visible="true" version="1" changeset="144889286" timestamp="2023-12-08T06:29:14Z" user="ItsLouisAnderson" uid="11691953" lat="20.9833939" lon="105.7812107"/>
 <node id="11402515141" visible="true" version="1" changeset="144889286" timestamp="2023-12-08T06:29:14Z" user="ItsLouisAnderson" uid="11691953" lat="20.9834671" lon="105.7811467"/>
 <node id="11402515142" visible="true" version="1" changeset="144889286" timestamp="2023-12-08T06:29:14Z" user="ItsLouisAnderson" uid="11691953" lat="20.9835182" lon="105.7812081"/>
 <node id="11402515143" visible="true" version="1" changeset="144889286" timestamp="2023-12-08T06:29:14Z" user="ItsLouisAnderson" uid="11691953" lat="20.9833873" lon="105.7811560"/>
 <node id="11402515144" visible="true" version="1" changeset="144889286" timestamp="2023-12-08T06:29:14Z" user="ItsLouisAnderson" uid="11691953" lat="20.9833359" lon="105.7811798"/>
 <node id="11402515160" visible="true" version="1" changeset="144889286" timestamp="2023-12-08T06:29:14Z" user="ItsLouisAnderson" uid="11691953" lat="20.9838233" lon="105.7806118"/>
 <node id="11402515164" visible="true" version="1" changeset="144889286" timestamp="2023-12-08T06:29:14Z" user="ItsLouisAnderson" uid="11691953" lat="20.9838210" lon="105.7806698"/>
 <node id="11402515165" visible="true" version="1" changeset="144889286" timestamp="2023-12-08T06:29:14Z" user="ItsLouisAnderson" uid="11691953" lat="20.9838095" lon="105.7807288"/>
 <node id="11402515166" visible="true" version="1" changeset="144889286" timestamp="2023-12-08T06:29:14Z" user="ItsLouisAnderson" uid="11691953" lat="20.9837854" lon="105.7807937"/>
 <node id="11402515167" visible="true" version="1" changeset="144889286" timestamp="2023-12-08T06:29:14Z" user="ItsLouisAnderson" uid="11691953" lat="20.9837629" lon="105.7808425"/>
 <node id="11402515168" visible="true" version="1" changeset="144889286" timestamp="2023-12-08T06:29:14Z" user="ItsLouisAnderson" uid="11691953" lat="20.9837388" lon="105.7808747"/>
 <node id="11402515169" visible="true" version="1" changeset="144889286" timestamp="2023-12-08T06:29:14Z" user="ItsLouisAnderson" uid="11691953" lat="20.9837088" lon="105.7808945"/>
 <node id="11402515170" visible="true" version="1" changeset="144889286" timestamp="2023-12-08T06:29:14Z" user="ItsLouisAnderson" uid="11691953" lat="20.9836457" lon="105.7809171"/>
 <node id="11402515171" visible="true" version="1" changeset="144889286" timestamp="2023-12-08T06:29:14Z" user="ItsLouisAnderson" uid="11691953" lat="20.9836021" lon="105.7809391"/>
 <node id="11402515172" visible="true" version="1" changeset="144889286" timestamp="2023-12-08T06:29:14Z" user="ItsLouisAnderson" uid="11691953" lat="20.9835570" lon="105.7809739"/>
 <node id="11402515173" visible="true" version="1" changeset="144889286" timestamp="2023-12-08T06:29:14Z" user="ItsLouisAnderson" uid="11691953" lat="20.9835295" lon="105.7810168"/>
 <node id="11402515174" visible="true" version="1" changeset="144889286" timestamp="2023-12-08T06:29:14Z" user="ItsLouisAnderson" uid="11691953" lat="20.9835132" lon="105.7810672"/>
 <node id="11402515175" visible="true" version="1" changeset="144889286" timestamp="2023-12-08T06:29:14Z" user="ItsLouisAnderson" uid="11691953" lat="20.9837981" lon="105.7809441"/>
 <node id="11402515179" visible="true" version="1" changeset="144889286" timestamp="2023-12-08T06:29:14Z" user="ItsLouisAnderson" uid="11691953" lat="20.9839833" lon="105.7807410"/>
 <node id="11402515180" visible="true" version="1" changeset="144889286" timestamp="2023-12-08T06:29:14Z" user="ItsLouisAnderson" uid="11691953" lat="20.9840074" lon="105.7803768"/>
 <node id="11402515184" visible="true" version="1" changeset="144889286" timestamp="2023-12-08T06:29:14Z" user="ItsLouisAnderson" uid="11691953" lat="20.9837166" lon="105.7802137"/>
 <node id="11402515185" visible="true" version="1" changeset="144889286" timestamp="2023-12-08T06:29:14Z" user="ItsLouisAnderson" uid="11691953" lat="20.9837416" lon="105.7803879"/>
 <node id="11402515186" visible="true" version="1" changeset="144889286" timestamp="2023-12-08T06:29:14Z" user="ItsLouisAnderson" uid="11691953" lat="20.9837470" lon="105.7804855"/>
 <node id="11402515187" visible="true" version="1" changeset="144889286" timestamp="2023-12-08T06:29:14Z" user="ItsLouisAnderson" uid="11691953" lat="20.9837422" lon="105.7805850"/>
 <node id="11402515188" visible="true" version="1" changeset="144889286" timestamp="2023-12-08T06:29:14Z" user="ItsLouisAnderson" uid="11691953" lat="20.9837238" lon="105.7806980"/>
 <node id="11402515189" visible="true" version="1" changeset="144889286" timestamp="2023-12-08T06:29:14Z" user="ItsLouisAnderson" uid="11691953" lat="20.9837035" lon="105.7807713"/>
 <node id="11402515190" visible="true" version="1" changeset="144889286" timestamp="2023-12-08T06:29:14Z" user="ItsLouisAnderson" uid="11691953" lat="20.9836666" lon="105.7808313"/>
 <node id="11402515191" visible="true" version="1" changeset="144889286" timestamp="2023-12-08T06:29:14Z" user="ItsLouisAnderson" uid="11691953" lat="20.9836195" lon="105.7808715"/>
 <node id="11402515192" visible="true" version="1" changeset="144889286" timestamp="2023-12-08T06:29:14Z" user="ItsLouisAnderson" uid="11691953" lat="20.9835630" lon="105.7809027"/>
 <node id="11402515193" visible="true" version="1" changeset="144889286" timestamp="2023-12-08T06:29:14Z" user="ItsLouisAnderson" uid="11691953" lat="20.9832618" lon="105.7810445"/>
 <node id="11402515197" visible="true" version="1" changeset="144889286" timestamp="2023-12-08T06:29:14Z" user="ItsLouisAnderson" uid="11691953" lat="20.9837446" lon="105.7804413"/>
 <node id="11402515246" visible="true" version="1" changeset="144889286" timestamp="2023-12-08T06:29:14Z" user="ItsLouisAnderson" uid="11691953" lat="20.9832357" lon="105.7800740"/>
 <node id="11402515264" visible="true" version="1" changeset="144889286" timestamp="2023-12-08T06:29:14Z" user="ItsLouisAnderson" uid="11691953" lat="20.9829569" lon="105.7800245"/>
 <node id="11402515267" visible="true" version="1" changeset="144889286" timestamp="2023-12-08T06:29:14Z" user="ItsLouisAnderson" uid="11691953" lat="20.9829204" lon="105.7800240"/>
 <node id="11402515275" visible="true" version="1" changeset="144889286" timestamp="2023-12-08T06:29:14Z" user="ItsLouisAnderson" uid="11691953" lat="20.9827602" lon="105.7800216"/>
 <node id="11402515285" visible="true" version="1" changeset="144889286" timestamp="2023-12-08T06:29:14Z" user="ItsLouisAnderson" uid="11691953" lat="20.9823766" lon="105.7800556"/>
 <node id="11402515287" visible="true" version="1" changeset="144889286" timestamp="2023-12-08T06:29:14Z" user="ItsLouisAnderson" uid="11691953" lat="20.9823453" lon="105.7800643"/>
 <node id="11402515300" visible="true" version="1" changeset="144889286" timestamp="2023-12-08T06:29:14Z" user="ItsLouisAnderson" uid="11691953" lat="20.9821165" lon="105.7801308"/>
 <node id="11402515301" visible="true" version="1" changeset="144889286" timestamp="2023-12-08T06:29:14Z" user="ItsLouisAnderson" uid="11691953" lat="20.9822288" lon="105.7800945"/>
 <node id="11402515313" visible="true" version="1" changeset="144889286" timestamp="2023-12-08T06:29:14Z" user="ItsLouisAnderson" uid="11691953" lat="20.9819428" lon="105.7803612"/>
 <node id="11402515314" visible="true" version="1" changeset="144889286" timestamp="2023-12-08T06:29:14Z" user="ItsLouisAnderson" uid="11691953" lat="20.9818476" lon="105.7804374"/>
 <node id="11402515315" visible="true" version="1" changeset="144889286" timestamp="2023-12-08T06:29:14Z" user="ItsLouisAnderson" uid="11691953" lat="20.9817224" lon="105.7805501"/>
 <node id="11402515316" visible="true" version="1" changeset="144889286" timestamp="2023-12-08T06:29:14Z" user="ItsLouisAnderson" uid="11691953" lat="20.9816333" lon="105.7806455"/>
 <node id="11402515317" visible="true" version="1" changeset="144889286" timestamp="2023-12-08T06:29:14Z" user="ItsLouisAnderson" uid="11691953" lat="20.9815331" lon="105.7807904"/>
 <node id="11402515318" visible="true" version="1" changeset="144889286" timestamp="2023-12-08T06:29:14Z" user="ItsLouisAnderson" uid="11691953" lat="20.9814670" lon="105.7809266"/>
 <node id="11402515319" visible="true" version="1" changeset="144889286" timestamp="2023-12-08T06:29:14Z" user="ItsLouisAnderson" uid="11691953" lat="20.9814169" lon="105.7810672"/>
 <node id="11402515320" visible="true" version="1" changeset="144889286" timestamp="2023-12-08T06:29:14Z" user="ItsLouisAnderson" uid="11691953" lat="20.9813828" lon="105.7812249"/>
 <node id="11402515321" visible="true" version="1" changeset="144889286" timestamp="2023-12-08T06:29:14Z" user="ItsLouisAnderson" uid="11691953" lat="20.9813912" lon="105.7812597"/>
 <node id="11402515322" visible="true" version="1" changeset="144889286" timestamp="2023-12-08T06:29:14Z" user="ItsLouisAnderson" uid="11691953" lat="20.9814086" lon="105.7811831"/>
 <node id="11402515323" visible="true" version="1" changeset="144889286" timestamp="2023-12-08T06:29:14Z" user="ItsLouisAnderson" uid="11691953" lat="20.9814283" lon="105.7811212"/>
 <node id="11402515324" visible="true" version="1" changeset="144889286" timestamp="2023-12-08T06:29:14Z" user="ItsLouisAnderson" uid="11691953" lat="20.9814581" lon="105.7810574"/>
 <node id="11402515325" visible="true" version="1" changeset="144889286" timestamp="2023-12-08T06:29:14Z" user="ItsLouisAnderson" uid="11691953" lat="20.9814688" lon="105.7810229"/>
 <node id="11402515326" visible="true" version="1" changeset="144889286" timestamp="2023-12-08T06:29:14Z" user="ItsLouisAnderson" uid="11691953" lat="20.9814735" lon="105.7809802"/>
 <node id="11402515327" visible="true" version="1" changeset="144889286" timestamp="2023-12-08T06:29:14Z" user="ItsLouisAnderson" uid="11691953" lat="20.9814634" lon="105.7809623"/>
 <node id="11402515328" visible="true" version="1" changeset="144889286" timestamp="2023-12-08T06:29:14Z" user="ItsLouisAnderson" uid="11691953" lat="20.9814360" lon="105.7809509"/>
 <node id="11402515329" visible="true" version="1" changeset="144889286" timestamp="2023-12-08T06:29:14Z" user="ItsLouisAnderson" uid="11691953" lat="20.9813658" lon="105.7809268"/>
 <node id="11402515330" visible="true" version="1" changeset="144889286" timestamp="2023-12-08T06:29:14Z" user="ItsLouisAnderson" uid="11691953" lat="20.9851276" lon="105.7837171"/>
 <node id="11402515331" visible="true" version="1" changeset="144889286" timestamp="2023-12-08T06:29:14Z" user="ItsLouisAnderson" uid="11691953" lat="20.9848436" lon="105.7813342"/>
 <node id="11402515332" visible="true" version="1" changeset="144889286" timestamp="2023-12-08T06:29:14Z" user="ItsLouisAnderson" uid="11691953" lat="20.9847853" lon="105.7813303"/>
 <node id="11402515333" visible="true" version="1" changeset="144889286" timestamp="2023-12-08T06:29:14Z" user="ItsLouisAnderson" uid="11691953" lat="20.9837965" lon="105.7822043"/>
 <node id="11402515334" visible="true" version="1" changeset="144889286" timestamp="2023-12-08T06:29:14Z" user="ItsLouisAnderson" uid="11691953" lat="20.9837846" lon="105.7822834"/>
 <node id="11402515335" visible="true" version="1" changeset="144889286" timestamp="2023-12-08T06:29:14Z" user="ItsLouisAnderson" uid="11691953" lat="20.9843600" lon="105.7830132"/>
 <node id="11402515336" visible="true" version="1" changeset="144889286" timestamp="2023-12-08T06:29:14Z" user="ItsLouisAnderson" uid="11691953" lat="20.9844184" lon="105.7830107"/>
 <node id="11402515337" visible="true" version="1" changeset="144889286" timestamp="2023-12-08T06:29:14Z" user="ItsLouisAnderson" uid="11691953" lat="20.9852808" lon="105.7822502"/>
 <node id="11402515338" visible="true" version="1" changeset="144889286" timestamp="2023-12-08T06:29:14Z" user="ItsLouisAnderson" uid="11691953" lat="20.9853035" lon="105.7821979"/>
 <node id="11402515339" visible="true" version="1" changeset="144889286" timestamp="2023-12-08T06:29:14Z" user="ItsLouisAnderson" uid="11691953" lat="20.9852904" lon="105.7821010"/>
 <node id="11402515340" visible="true" version="1" changeset="144889286" timestamp="2023-12-08T06:29:14Z" user="ItsLouisAnderson" uid="11691953" lat="20.9849973" lon="105.7815574"/>
 <node id="11416610649" visible="true" version="2" changeset="153105689" timestamp="2024-06-24T10:37:33Z" user="openmap-vn" uid="21213273" lat="20.9875004" lon="105.7922149"/>
 <node id="11416610653" visible="true" version="2" changeset="153105689" timestamp="2024-06-24T10:37:33Z" user="openmap-vn" uid="21213273" lat="20.9877315" lon="105.7922623"/>
 <node id="11416610654" visible="true" version="2" changeset="153105689" timestamp="2024-06-24T10:37:33Z" user="openmap-vn" uid="21213273" lat="20.9878647" lon="105.7922632"/>
 <node id="11416610656" visible="true" version="2" changeset="153105689" timestamp="2024-06-24T10:37:33Z" user="openmap-vn" uid="21213273" lat="20.9881858" lon="105.7922142"/>
 <node id="11416610657" visible="true" version="3" changeset="183902291" timestamp="2026-06-10T04:10:17Z" user="LKCuong" uid="22177075" lat="20.9884775" lon="105.7921665"/>
 <node id="11445421680" visible="true" version="1" changeset="145424970" timestamp="2023-12-23T01:57:14Z" user="phoenixsaigon1698" uid="3323343" lat="20.9773346" lon="105.7862565"/>
 <node id="11445421681" visible="true" version="1" changeset="145424970" timestamp="2023-12-23T01:57:14Z" user="phoenixsaigon1698" uid="3323343" lat="20.9770157" lon="105.7858686"/>
 <node id="11445421682" visible="true" version="1" changeset="145424970" timestamp="2023-12-23T01:57:14Z" user="phoenixsaigon1698" uid="3323343" lat="20.9750287" lon="105.7879514"/>
 <node id="11445421683" visible="true" version="1" changeset="145424970" timestamp="2023-12-23T01:57:14Z" user="phoenixsaigon1698" uid="3323343" lat="20.9759838" lon="105.7865756"/>
 <node id="11445421684" visible="true" version="1" changeset="145424970" timestamp="2023-12-23T01:57:14Z" user="phoenixsaigon1698" uid="3323343" lat="20.9762587" lon="105.7870555"/>
 <node id="11445421685" visible="true" version="2" changeset="155870893" timestamp="2024-08-28T09:47:02Z" user="phoenixsaigon1698" uid="3323343" lat="20.9738452" lon="105.7859772"/>
 <node id="11445421686" visible="true" version="1" changeset="145424970" timestamp="2023-12-23T01:57:14Z" user="phoenixsaigon1698" uid="3323343" lat="20.9724199" lon="105.7856214"/>
 <node id="11445421687" visible="true" version="2" changeset="155870893" timestamp="2024-08-28T09:47:02Z" user="phoenixsaigon1698" uid="3323343" lat="20.9728090" lon="105.7853497"/>
 <node id="11445421688" visible="true" version="1" changeset="145424970" timestamp="2023-12-23T01:57:14Z" user="phoenixsaigon1698" uid="3323343" lat="20.9714686" lon="105.7863145"/>
 <node id="11445421689" visible="true" version="1" changeset="145424970" timestamp="2023-12-23T01:57:14Z" user="phoenixsaigon1698" uid="3323343" lat="20.9718224" lon="105.7899629"/>
 <node id="11696663619" visible="true" version="1" changeset="148281685" timestamp="2024-03-06T08:30:36Z" user="Grab_Cong" uid="18820325" lat="20.9823530" lon="105.7892887"/>
 <node id="11760572960" visible="true" version="1" changeset="149124691" timestamp="2024-03-25T10:50:21Z" user="eton-tech" uid="20033217" lat="20.9865496" lon="105.7828908">
  <tag k="addr:district" v="Quận Hà Đông"/>
  <tag k="addr:province" v="Thành phố Hà Nội"/>
  <tag k="addr:street" v="Lô 31 Khu A Trung Tâm Thương Mại TSQ,"/>
  <tag k="addr:subdistrict" v="Phường Mộ Lao"/>
  <tag k="name" v="Lô 31 Khu A Trung Tâm Thương Mại TSQ,"/>
 </node>
 <node id="11779964794" visible="true" version="1" changeset="149465677" timestamp="2024-04-02T07:21:52Z" user="eton-tech" uid="20033217" lat="20.9831324" lon="105.7862286">
  <tag k="addr:district" v="Quận Hà Đông"/>
  <tag k="addr:province" v="Thành phố Hà Nội"/>
  <tag k="addr:street" v="Số 3 dãy 16B3 làng việt kiều châu âu,"/>
  <tag k="addr:subdistrict" v="Phường Mộ Lao"/>
  <tag k="name" v="Số 3 dãy 16B3 làng việt kiều châu âu,"/>
 </node>
 <node id="11865687042" visible="true" version="1" changeset="150651115" timestamp="2024-04-29T08:41:19Z" user="vietnam321" uid="11196308" lat="20.9812662" lon="105.7901443"/>
 <node id="11865687043" visible="true" version="1" changeset="150651115" timestamp="2024-04-29T08:41:19Z" user="vietnam321" uid="11196308" lat="20.9814926" lon="105.7903920"/>
 <node id="11865687045" visible="true" version="1" changeset="150651115" timestamp="2024-04-29T08:41:19Z" user="vietnam321" uid="11196308" lat="20.9813957" lon="105.7899303"/>
 <node id="11865687047" visible="true" version="1" changeset="150651115" timestamp="2024-04-29T08:41:19Z" user="vietnam321" uid="11196308" lat="20.9823836" lon="105.7924571"/>
 <node id="11865687048" visible="true" version="1" changeset="150651115" timestamp="2024-04-29T08:41:19Z" user="vietnam321" uid="11196308" lat="20.9816152" lon="105.7902378"/>
 <node id="11865687049" visible="true" version="1" changeset="150651115" timestamp="2024-04-29T08:41:19Z" user="vietnam321" uid="11196308" lat="20.9817836" lon="105.7930015"/>
 <node id="11865687050" visible="true" version="1" changeset="150651115" timestamp="2024-04-29T08:41:19Z" user="vietnam321" uid="11196308" lat="20.9812872" lon="105.7901260"/>
 <node id="11865687051" visible="true" version="1" changeset="150651115" timestamp="2024-04-29T08:41:19Z" user="vietnam321" uid="11196308" lat="20.9813969" lon="105.7904678"/>
 <node id="11865687055" visible="true" version="1" changeset="150651115" timestamp="2024-04-29T08:41:19Z" user="vietnam321" uid="11196308" lat="20.9814863" lon="105.7903839"/>
 <node id="11865687057" visible="true" version="1" changeset="150651115" timestamp="2024-04-29T08:41:19Z" user="vietnam321" uid="11196308" lat="20.9814104" lon="105.7899691"/>
 <node id="11865687058" visible="true" version="2" changeset="152060285" timestamp="2024-05-31T03:22:08Z" user="vietnam321" uid="11196308" lat="20.9787749" lon="105.7918369"/>
 <node id="11865687059" visible="true" version="1" changeset="150651115" timestamp="2024-04-29T08:41:19Z" user="vietnam321" uid="11196308" lat="20.9816150" lon="105.7902849"/>
 <node id="11865687060" visible="true" version="1" changeset="150651115" timestamp="2024-04-29T08:41:19Z" user="vietnam321" uid="11196308" lat="20.9815935" lon="105.7902567"/>
 <node id="11865687061" visible="true" version="1" changeset="150651115" timestamp="2024-04-29T08:41:19Z" user="vietnam321" uid="11196308" lat="20.9812647" lon="105.7900965"/>
 <node id="11865687062" visible="true" version="1" changeset="150651115" timestamp="2024-04-29T08:41:19Z" user="vietnam321" uid="11196308" lat="20.9811660" lon="105.7901608"/>
 <node id="11865687064" visible="true" version="1" changeset="150651115" timestamp="2024-04-29T08:41:19Z" user="vietnam321" uid="11196308" lat="20.9814639" lon="105.7904036"/>
 <node id="11865687066" visible="true" version="1" changeset="150651115" timestamp="2024-04-29T08:41:19Z" user="vietnam321" uid="11196308" lat="20.9814879" lon="105.7900529"/>
 <node id="11865687067" visible="true" version="1" changeset="150651115" timestamp="2024-04-29T08:41:19Z" user="vietnam321" uid="11196308" lat="20.9810871" lon="105.7902289"/>
 <node id="11865687068" visible="true" version="1" changeset="150651115" timestamp="2024-04-29T08:41:19Z" user="vietnam321" uid="11196308" lat="20.9813179" lon="105.7905358"/>
 <node id="11865691369" visible="true" version="1" changeset="150651115" timestamp="2024-04-29T08:41:19Z" user="vietnam321" uid="11196308" lat="20.9793253" lon="105.7912757"/>
 <node id="11946676316" visible="true" version="1" changeset="152060285" timestamp="2024-05-31T03:22:08Z" user="vietnam321" uid="11196308" lat="20.9818406" lon="105.7912286"/>
 <node id="11946676317" visible="true" version="1" changeset="152060285" timestamp="2024-05-31T03:22:08Z" user="vietnam321" uid="11196308" lat="20.9819016" lon="105.7913089"/>
 <node id="11946676318" visible="true" version="1" changeset="152060285" timestamp="2024-05-31T03:22:08Z" user="vietnam321" uid="11196308" lat="20.9818742" lon="105.7913328"/>
 <node id="11946676319" visible="true" version="1" changeset="152060285" timestamp="2024-05-31T03:22:08Z" user="vietnam321" uid="11196308" lat="20.9820596" lon="105.7915772"/>
 <node id="11946676320" visible="true" version="1" changeset="152060285" timestamp="2024-05-31T03:22:08Z" user="vietnam321" uid="11196308" lat="20.9820853" lon="105.7915549"/>
 <node id="11946676321" visible="true" version="1" changeset="152060285" timestamp="2024-05-31T03:22:08Z" user="vietnam321" uid="11196308" lat="20.9821492" lon="105.7916391"/>
 <node id="11946676322" visible="true" version="1" changeset="152060285" timestamp="2024-05-31T03:22:08Z" user="vietnam321" uid="11196308" lat="20.9819557" lon="105.7918075"/>
 <node id="11946676323" visible="true" version="1" changeset="152060285" timestamp="2024-05-31T03:22:08Z" user="vietnam321" uid="11196308" lat="20.9818934" lon="105.7917254"/>
 <node id="11946676324" visible="true" version="1" changeset="152060285" timestamp="2024-05-31T03:22:08Z" user="vietnam321" uid="11196308" lat="20.9819307" lon="105.7916929"/>
 <node id="11946676325" visible="true" version="1" changeset="152060285" timestamp="2024-05-31T03:22:08Z" user="vietnam321" uid="11196308" lat="20.9817479" lon="105.7914521"/>
 <node id="11946676326" visible="true" version="1" changeset="152060285" timestamp="2024-05-31T03:22:08Z" user="vietnam321" uid="11196308" lat="20.9817110" lon="105.7914842"/>
 <node id="11946676327" visible="true" version="1" changeset="152060285" timestamp="2024-05-31T03:22:08Z" user="vietnam321" uid="11196308" lat="20.9816457" lon="105.7913983"/>
 <node id="11946676328" visible="true" version="1" changeset="152060285" timestamp="2024-05-31T03:22:08Z" user="vietnam321" uid="11196308" lat="20.9814864" lon="105.7909013"/>
 <node id="11946676329" visible="true" version="1" changeset="152060285" timestamp="2024-05-31T03:22:08Z" user="vietnam321" uid="11196308" lat="20.9814530" lon="105.7909301"/>
 <node id="11946676330" visible="true" version="1" changeset="152060285" timestamp="2024-05-31T03:22:08Z" user="vietnam321" uid="11196308" lat="20.9816185" lon="105.7911503"/>
 <node id="11946676331" visible="true" version="1" changeset="152060285" timestamp="2024-05-31T03:22:08Z" user="vietnam321" uid="11196308" lat="20.9815242" lon="105.7912316"/>
 <node id="11946676332" visible="true" version="1" changeset="152060285" timestamp="2024-05-31T03:22:08Z" user="vietnam321" uid="11196308" lat="20.9812976" lon="105.7909303"/>
 <node id="11946676333" visible="true" version="1" changeset="152060285" timestamp="2024-05-31T03:22:08Z" user="vietnam321" uid="11196308" lat="20.9814254" lon="105.7908201"/>
 <node id="11946676334" visible="true" version="1" changeset="152060285" timestamp="2024-05-31T03:22:08Z" user="vietnam321" uid="11196308" lat="20.9815157" lon="105.7907111"/>
 <node id="11946676335" visible="true" version="1" changeset="152060285" timestamp="2024-05-31T03:22:08Z" user="vietnam321" uid="11196308" lat="20.9813468" lon="105.7908534"/>
 <node id="11946676336" visible="true" version="1" changeset="152060285" timestamp="2024-05-31T03:22:08Z" user="vietnam321" uid="11196308" lat="20.9812893" lon="105.7907752"/>
 <node id="11946676337" visible="true" version="1" changeset="152060285" timestamp="2024-05-31T03:22:08Z" user="vietnam321" uid="11196308" lat="20.9814583" lon="105.7906329"/>
 <node id="11946676338" visible="true" version="1" changeset="152060285" timestamp="2024-05-31T03:22:08Z" user="vietnam321" uid="11196308" lat="20.9814157" lon="105.7910884"/>
 <node id="11946676339" visible="true" version="1" changeset="152060285" timestamp="2024-05-31T03:22:08Z" user="vietnam321" uid="11196308" lat="20.9810733" lon="105.7913791"/>
 <node id="11946676340" visible="true" version="1" changeset="152060285" timestamp="2024-05-31T03:22:08Z" user="vietnam321" uid="11196308" lat="20.9811969" lon="105.7915462"/>
 <node id="11946676341" visible="true" version="1" changeset="152060285" timestamp="2024-05-31T03:22:08Z" user="vietnam321" uid="11196308" lat="20.9811036" lon="105.7916254"/>
 <node id="11946676342" visible="true" version="1" changeset="152060285" timestamp="2024-05-31T03:22:08Z" user="vietnam321" uid="11196308" lat="20.9809493" lon="105.7914167"/>
 <node id="11946676343" visible="true" version="1" changeset="152060285" timestamp="2024-05-31T03:22:08Z" user="vietnam321" uid="11196308" lat="20.9809135" lon="105.7914471"/>
 <node id="11946676344" visible="true" version="1" changeset="152060285" timestamp="2024-05-31T03:22:08Z" user="vietnam321" uid="11196308" lat="20.9808382" lon="105.7913453"/>
 <node id="11946676345" visible="true" version="1" changeset="152060285" timestamp="2024-05-31T03:22:08Z" user="vietnam321" uid="11196308" lat="20.9813096" lon="105.7909451"/>
 <node id="11946676350" visible="true" version="1" changeset="152060285" timestamp="2024-05-31T03:22:08Z" user="vietnam321" uid="11196308" lat="20.9818623" lon="105.7923288"/>
 <node id="11946676351" visible="true" version="1" changeset="152060285" timestamp="2024-05-31T03:22:08Z" user="vietnam321" uid="11196308" lat="20.9818125" lon="105.7923711"/>
 <node id="11946676352" visible="true" version="1" changeset="152060285" timestamp="2024-05-31T03:22:08Z" user="vietnam321" uid="11196308" lat="20.9820154" lon="105.7926455"/>
 <node id="11946676353" visible="true" version="1" changeset="152060285" timestamp="2024-05-31T03:22:08Z" user="vietnam321" uid="11196308" lat="20.9820602" lon="105.7926074"/>
 <node id="11946676354" visible="true" version="1" changeset="152060285" timestamp="2024-05-31T03:22:08Z" user="vietnam321" uid="11196308" lat="20.9821123" lon="105.7926779"/>
 <node id="11946676355" visible="true" version="1" changeset="152060285" timestamp="2024-05-31T03:22:08Z" user="vietnam321" uid="11196308" lat="20.9818852" lon="105.7928704"/>
 <node id="11946676356" visible="true" version="1" changeset="152060285" timestamp="2024-05-31T03:22:08Z" user="vietnam321" uid="11196308" lat="20.9818381" lon="105.7928067"/>
 <node id="11946676357" visible="true" version="1" changeset="152060285" timestamp="2024-05-31T03:22:08Z" user="vietnam321" uid="11196308" lat="20.9819591" lon="105.7927041"/>
 <node id="11946676358" visible="true" version="1" changeset="152060285" timestamp="2024-05-31T03:22:08Z" user="vietnam321" uid="11196308" lat="20.9817455" lon="105.7924149"/>
 <node id="11946676359" visible="true" version="1" changeset="152060285" timestamp="2024-05-31T03:22:08Z" user="vietnam321" uid="11196308" lat="20.9816306" lon="105.7925122"/>
 <node id="11946676360" visible="true" version="1" changeset="152060285" timestamp="2024-05-31T03:22:08Z" user="vietnam321" uid="11196308" lat="20.9815726" lon="105.7924336"/>
 <node id="11946676361" visible="true" version="1" changeset="152060285" timestamp="2024-05-31T03:22:08Z" user="vietnam321" uid="11196308" lat="20.9817984" lon="105.7922423"/>
 <node id="11946676362" visible="true" version="1" changeset="152060285" timestamp="2024-05-31T03:22:08Z" user="vietnam321" uid="11196308" lat="20.9825689" lon="105.7926804"/>
 <node id="11946676363" visible="true" version="1" changeset="152060285" timestamp="2024-05-31T03:22:08Z" user="vietnam321" uid="11196308" lat="20.9821963" lon="105.7926505"/>
 <node id="11946676364" visible="true" version="1" changeset="152060285" timestamp="2024-05-31T03:22:08Z" user="vietnam321" uid="11196308" lat="20.9825729" lon="105.7931429"/>
 <node id="11946676365" visible="true" version="1" changeset="152060285" timestamp="2024-05-31T03:22:08Z" user="vietnam321" uid="11196308" lat="20.9828564" lon="105.7929063"/>
 <node id="11946676366" visible="true" version="1" changeset="152060285" timestamp="2024-05-31T03:22:08Z" user="vietnam321" uid="11196308" lat="20.9826401" lon="105.7926163"/>
 <node id="11946676547" visible="true" version="1" changeset="152060285" timestamp="2024-05-31T03:22:08Z" user="vietnam321" uid="11196308" lat="20.9800303" lon="105.7938853"/>
 <node id="11968177981" visible="true" version="1" changeset="152477693" timestamp="2024-06-10T04:18:06Z" user="vietnam321" uid="11196308" lat="20.9849982" lon="105.7835722"/>
 <node id="11968177982" visible="true" version="1" changeset="152477693" timestamp="2024-06-10T04:18:06Z" user="vietnam321" uid="11196308" lat="20.9849871" lon="105.7836010"/>
 <node id="11968177983" visible="true" version="1" changeset="152477693" timestamp="2024-06-10T04:18:06Z" user="vietnam321" uid="11196308" lat="20.9848697" lon="105.7835665"/>
 <node id="11968177984" visible="true" version="1" changeset="152477693" timestamp="2024-06-10T04:18:06Z" user="vietnam321" uid="11196308" lat="20.9848712" lon="105.7835455"/>
 <node id="11968177985" visible="true" version="1" changeset="152477693" timestamp="2024-06-10T04:18:06Z" user="vietnam321" uid="11196308" lat="20.9849040" lon="105.7834997"/>
 <node id="11968177986" visible="true" version="1" changeset="152477693" timestamp="2024-06-10T04:18:06Z" user="vietnam321" uid="11196308" lat="20.9848878" lon="105.7835127"/>
 <node id="11968177987" visible="true" version="1" changeset="152477693" timestamp="2024-06-10T04:18:06Z" user="vietnam321" uid="11196308" lat="20.9849392" lon="105.7836301"/>
 <node id="11968177988" visible="true" version="1" changeset="152477693" timestamp="2024-06-10T04:18:06Z" user="vietnam321" uid="11196308" lat="20.9849189" lon="105.7836283"/>
 <node id="11968177989" visible="true" version="1" changeset="152477693" timestamp="2024-06-10T04:18:06Z" user="vietnam321" uid="11196308" lat="20.9849001" lon="105.7836199"/>
 <node id="11968177990" visible="true" version="1" changeset="152477693" timestamp="2024-06-10T04:18:06Z" user="vietnam321" uid="11196308" lat="20.9848848" lon="105.7836057"/>
 <node id="11968177991" visible="true" version="1" changeset="152477693" timestamp="2024-06-10T04:18:06Z" user="vietnam321" uid="11196308" lat="20.9849398" lon="105.7834919"/>
 <node id="11968177992" visible="true" version="1" changeset="152477693" timestamp="2024-06-10T04:18:06Z" user="vietnam321" uid="11196308" lat="20.9854138" lon="105.7825136"/>
 <node id="11968177993" visible="true" version="1" changeset="152477693" timestamp="2024-06-10T04:18:06Z" user="vietnam321" uid="11196308" lat="20.9852159" lon="105.7826865"/>
 <node id="11968177994" visible="true" version="1" changeset="152477693" timestamp="2024-06-10T04:18:06Z" user="vietnam321" uid="11196308" lat="20.9851170" lon="105.7825566"/>
 <node id="11968177995" visible="true" version="1" changeset="152477693" timestamp="2024-06-10T04:18:06Z" user="vietnam321" uid="11196308" lat="20.9853149" lon="105.7823837"/>
 <node id="11974930013" visible="true" version="1" changeset="152578294" timestamp="2024-06-12T09:26:11Z" user="phoenixsaigon1698" uid="3323343" lat="20.9867439" lon="105.7902722"/>
 <node id="11974930014" visible="true" version="1" changeset="152578294" timestamp="2024-06-12T09:26:11Z" user="phoenixsaigon1698" uid="3323343" lat="20.9816884" lon="105.7851358"/>
 <node id="12006188566" visible="true" version="1" changeset="153105689" timestamp="2024-06-24T10:37:33Z" user="openmap-vn" uid="21213273" lat="20.9876904" lon="105.7914130"/>
 <node id="12006188567" visible="true" version="1" changeset="153105689" timestamp="2024-06-24T10:37:33Z" user="openmap-vn" uid="21213273" lat="20.9878863" lon="105.7888153"/>
 <node id="12006188568" visible="true" version="1" changeset="153105689" timestamp="2024-06-24T10:37:33Z" user="openmap-vn" uid="21213273" lat="20.9879239" lon="105.7889085"/>
 <node id="12006207769" visible="true" version="1" changeset="153105689" timestamp="2024-06-24T10:37:33Z" user="openmap-vn" uid="21213273" lat="20.9878794" lon="105.7891191"/>
 <node id="12006207770" visible="true" version="1" changeset="153105689" timestamp="2024-06-24T10:37:33Z" user="openmap-vn" uid="21213273" lat="20.9878200" lon="105.7893095"/>
 <node id="12006207771" visible="true" version="1" changeset="153105689" timestamp="2024-06-24T10:37:33Z" user="openmap-vn" uid="21213273" lat="20.9878450" lon="105.7894161"/>
 <node id="12006207772" visible="true" version="1" changeset="153105689" timestamp="2024-06-24T10:37:33Z" user="openmap-vn" uid="21213273" lat="20.9878099" lon="105.7896066"/>
 <node id="12006207773" visible="true" version="1" changeset="153105689" timestamp="2024-06-24T10:37:33Z" user="openmap-vn" uid="21213273" lat="20.9877599" lon="105.7898232"/>
 <node id="12006207774" visible="true" version="1" changeset="153105689" timestamp="2024-06-24T10:37:33Z" user="openmap-vn" uid="21213273" lat="20.9876803" lon="105.7898661"/>
 <node id="12006207775" visible="true" version="1" changeset="153105689" timestamp="2024-06-24T10:37:33Z" user="openmap-vn" uid="21213273" lat="20.9875977" lon="105.7898607"/>
 <node id="12006207776" visible="true" version="1" changeset="153105689" timestamp="2024-06-24T10:37:33Z" user="openmap-vn" uid="21213273" lat="20.9875013" lon="105.7898433"/>
 <node id="12006207777" visible="true" version="1" changeset="153105689" timestamp="2024-06-24T10:37:33Z" user="openmap-vn" uid="21213273" lat="20.9874418" lon="105.7897930"/>
 <node id="12006207778" visible="true" version="1" changeset="153105689" timestamp="2024-06-24T10:37:33Z" user="openmap-vn" uid="21213273" lat="20.9873817" lon="105.7897132"/>
 <node id="12006207779" visible="true" version="1" changeset="153105689" timestamp="2024-06-24T10:37:33Z" user="openmap-vn" uid="21213273" lat="20.9873917" lon="105.7895744"/>
 <node id="12006207780" visible="true" version="1" changeset="153105689" timestamp="2024-06-24T10:37:33Z" user="openmap-vn" uid="21213273" lat="20.9873091" lon="105.7894812"/>
 <node id="12006207781" visible="true" version="1" changeset="153105689" timestamp="2024-06-24T10:37:33Z" user="openmap-vn" uid="21213273" lat="20.9871476" lon="105.7894416"/>
 <node id="12006207782" visible="true" version="1" changeset="153105689" timestamp="2024-06-24T10:37:33Z" user="openmap-vn" uid="21213273" lat="20.9871357" lon="105.7893947"/>
 <node id="12006207783" visible="true" version="1" changeset="153105689" timestamp="2024-06-24T10:37:33Z" user="openmap-vn" uid="21213273" lat="20.9872258" lon="105.7890071"/>
 <node id="12006207784" visible="true" version="1" changeset="153105689" timestamp="2024-06-24T10:37:33Z" user="openmap-vn" uid="21213273" lat="20.9871782" lon="105.7889387"/>
 <node id="12006207785" visible="true" version="1" changeset="153105689" timestamp="2024-06-24T10:37:33Z" user="openmap-vn" uid="21213273" lat="20.9871795" lon="105.7887697"/>
 <node id="12006207786" visible="true" version="1" changeset="153105689" timestamp="2024-06-24T10:37:33Z" user="openmap-vn" uid="21213273" lat="20.9872183" lon="105.7887040"/>
 <node id="12006207787" visible="true" version="1" changeset="153105689" timestamp="2024-06-24T10:37:33Z" user="openmap-vn" uid="21213273" lat="20.9872991" lon="105.7885444"/>
 <node id="12006207788" visible="true" version="1" changeset="153105689" timestamp="2024-06-24T10:37:33Z" user="openmap-vn" uid="21213273" lat="20.9874975" lon="105.7885250"/>
 <node id="12006207789" visible="true" version="1" changeset="153105689" timestamp="2024-06-24T10:37:33Z" user="openmap-vn" uid="21213273" lat="20.9878563" lon="105.7885994"/>
 <node id="12006207790" visible="true" version="1" changeset="153105689" timestamp="2024-06-24T10:37:33Z" user="openmap-vn" uid="21213273" lat="20.9879120" lon="105.7886993"/>
 <node id="12006207804" visible="true" version="1" changeset="153105689" timestamp="2024-06-24T10:37:33Z" user="openmap-vn" uid="21213273" lat="20.9856037" lon="105.7905702"/>
 <node id="12006207805" visible="true" version="1" changeset="153105689" timestamp="2024-06-24T10:37:33Z" user="openmap-vn" uid="21213273" lat="20.9854184" lon="105.7904635"/>
 <node id="12006207806" visible="true" version="1" changeset="153105689" timestamp="2024-06-24T10:37:33Z" user="openmap-vn" uid="21213273" lat="20.9855692" lon="105.7905259"/>
 <node id="12006207807" visible="true" version="1" changeset="153105689" timestamp="2024-06-24T10:37:33Z" user="openmap-vn" uid="21213273" lat="20.9856927" lon="105.7907110"/>
 <node id="12006207808" visible="true" version="1" changeset="153105689" timestamp="2024-06-24T10:37:33Z" user="openmap-vn" uid="21213273" lat="20.9855267" lon="105.7904890"/>
 <node id="12006207809" visible="true" version="1" changeset="153105689" timestamp="2024-06-24T10:37:33Z" user="openmap-vn" uid="21213273" lat="20.9854760" lon="105.7904709"/>
 <node id="12006207810" visible="true" version="1" changeset="153105689" timestamp="2024-06-24T10:37:33Z" user="openmap-vn" uid="21213273" lat="20.9852613" lon="105.7904730"/>
 <node id="12006207811" visible="true" version="1" changeset="153105689" timestamp="2024-06-24T10:37:33Z" user="openmap-vn" uid="21213273" lat="20.9841981" lon="105.7884465"/>
 <node id="12006207812" visible="true" version="1" changeset="153105689" timestamp="2024-06-24T10:37:33Z" user="openmap-vn" uid="21213273" lat="20.9846747" lon="105.7890533"/>
 <node id="12006207815" visible="true" version="1" changeset="153105689" timestamp="2024-06-24T10:37:33Z" user="openmap-vn" uid="21213273" lat="20.9840216" lon="105.7896454"/>
 <node id="12006207816" visible="true" version="1" changeset="153105689" timestamp="2024-06-24T10:37:33Z" user="openmap-vn" uid="21213273" lat="20.9844053" lon="105.7900208"/>
 <node id="12006207830" visible="true" version="1" changeset="153105689" timestamp="2024-06-24T10:37:33Z" user="openmap-vn" uid="21213273" lat="20.9857752" lon="105.7812166"/>
 <node id="12006207831" visible="true" version="1" changeset="153105689" timestamp="2024-06-24T10:37:33Z" user="openmap-vn" uid="21213273" lat="20.9854703" lon="105.7810865"/>
 <node id="12006207832" visible="true" version="1" changeset="153105689" timestamp="2024-06-24T10:37:33Z" user="openmap-vn" uid="21213273" lat="20.9854290" lon="105.7810798"/>
 <node id="12006207833" visible="true" version="1" changeset="153105689" timestamp="2024-06-24T10:37:33Z" user="openmap-vn" uid="21213273" lat="20.9853188" lon="105.7811683"/>
 <node id="12006207834" visible="true" version="1" changeset="153105689" timestamp="2024-06-24T10:37:33Z" user="openmap-vn" uid="21213273" lat="20.9853176" lon="105.7812206"/>
 <node id="12006207835" visible="true" version="1" changeset="153105689" timestamp="2024-06-24T10:37:33Z" user="openmap-vn" uid="21213273" lat="20.9857521" lon="105.7817852"/>
 <node id="12006207836" visible="true" version="1" changeset="153105689" timestamp="2024-06-24T10:37:33Z" user="openmap-vn" uid="21213273" lat="20.9857809" lon="105.7817906"/>
 <node id="12006207837" visible="true" version="1" changeset="153105689" timestamp="2024-06-24T10:37:33Z" user="openmap-vn" uid="21213273" lat="20.9857746" lon="105.7811549"/>
 <node id="12006207838" visible="true" version="1" changeset="153105689" timestamp="2024-06-24T10:37:33Z" user="openmap-vn" uid="21213273" lat="20.9858667" lon="105.7808815"/>
 <node id="12006207840" visible="true" version="1" changeset="153105689" timestamp="2024-06-24T10:37:33Z" user="openmap-vn" uid="21213273" lat="20.9835764" lon="105.7907485"/>
 <node id="12031527440" visible="true" version="1" changeset="153508422" timestamp="2024-07-03T15:45:03Z" user="Hung Tran 9x0" uid="20910140" lat="20.9874999" lon="105.7847505"/>
 <node id="12031527441" visible="true" version="1" changeset="153508422" timestamp="2024-07-03T15:45:03Z" user="Hung Tran 9x0" uid="20910140" lat="20.9870492" lon="105.7858503"/>
 <node id="12031527442" visible="true" version="1" changeset="153508422" timestamp="2024-07-03T15:45:03Z" user="Hung Tran 9x0" uid="20910140" lat="20.9865020" lon="105.7874107"/>
 <node id="12031527443" visible="true" version="1" changeset="153508422" timestamp="2024-07-03T15:45:03Z" user="Hung Tran 9x0" uid="20910140" lat="20.9860825" lon="105.7873040"/>
 <node id="12031527444" visible="true" version="1" changeset="153508422" timestamp="2024-07-03T15:45:03Z" user="Hung Tran 9x0" uid="20910140" lat="20.9860098" lon="105.7871484"/>
 <node id="12031527445" visible="true" version="1" changeset="153508422" timestamp="2024-07-03T15:45:03Z" user="Hung Tran 9x0" uid="20910140" lat="20.9861224" lon="105.7863434"/>
 <node id="12031527446" visible="true" version="1" changeset="153508422" timestamp="2024-07-03T15:45:03Z" user="Hung Tran 9x0" uid="20910140" lat="20.9866034" lon="105.7851261"/>
 <node id="12031527447" visible="true" version="1" changeset="153508422" timestamp="2024-07-03T15:45:03Z" user="Hung Tran 9x0" uid="20910140" lat="20.9870341" lon="105.7841819"/>
 <node id="12060928383" visible="true" version="1" changeset="154092022" timestamp="2024-07-18T09:34:47Z" user="phoenixsaigon1698" uid="3323343" lat="20.9875889" lon="105.7853677"/>
 <node id="12060928388" visible="true" version="1" changeset="154092022" timestamp="2024-07-18T09:34:47Z" user="phoenixsaigon1698" uid="3323343" lat="20.9860058" lon="105.7827758"/>
 <node id="12060928389" visible="true" version="1" changeset="154092022" timestamp="2024-07-18T09:34:47Z" user="phoenixsaigon1698" uid="3323343" lat="20.9857420" lon="105.7830354"/>
 <node id="12060928390" visible="true" version="1" changeset="154092022" timestamp="2024-07-18T09:34:47Z" user="phoenixsaigon1698" uid="3323343" lat="20.9865093" lon="105.7839659"/>
 <node id="12060928391" visible="true" version="1" changeset="154092022" timestamp="2024-07-18T09:34:47Z" user="phoenixsaigon1698" uid="3323343" lat="20.9866678" lon="105.7835627"/>
 <node id="12060928395" visible="true" version="1" changeset="154092022" timestamp="2024-07-18T09:34:47Z" user="phoenixsaigon1698" uid="3323343" lat="20.9881321" lon="105.7814221"/>
 <node id="12060928396" visible="true" version="1" changeset="154092022" timestamp="2024-07-18T09:34:47Z" user="phoenixsaigon1698" uid="3323343" lat="20.9879009" lon="105.7819424"/>
 <node id="12060928397" visible="true" version="1" changeset="154092022" timestamp="2024-07-18T09:34:47Z" user="phoenixsaigon1698" uid="3323343" lat="20.9875062" lon="105.7825669"/>
 <node id="12060928398" visible="true" version="1" changeset="154092022" timestamp="2024-07-18T09:34:47Z" user="phoenixsaigon1698" uid="3323343" lat="20.9872831" lon="105.7824635"/>
 <node id="12060928399" visible="true" version="1" changeset="154092022" timestamp="2024-07-18T09:34:47Z" user="phoenixsaigon1698" uid="3323343" lat="20.9876705" lon="105.7817766"/>
 <node id="12060928400" visible="true" version="1" changeset="154092022" timestamp="2024-07-18T09:34:47Z" user="phoenixsaigon1698" uid="3323343" lat="20.9878725" lon="105.7813020"/>
 <node id="12060928401" visible="true" version="1" changeset="154092022" timestamp="2024-07-18T09:34:47Z" user="phoenixsaigon1698" uid="3323343" lat="20.9874704" lon="105.7826444"/>
 <node id="12060928402" visible="true" version="1" changeset="154092022" timestamp="2024-07-18T09:34:47Z" user="phoenixsaigon1698" uid="3323343" lat="20.9872664" lon="105.7825181"/>
 <node id="12060928403" visible="true" version="1" changeset="154092022" timestamp="2024-07-18T09:34:47Z" user="phoenixsaigon1698" uid="3323343" lat="20.9867472" lon="105.7835393"/>
 <node id="12060928404" visible="true" version="1" changeset="154092022" timestamp="2024-07-18T09:34:47Z" user="phoenixsaigon1698" uid="3323343" lat="20.9869554" lon="105.7837063"/>
 <node id="12060928405" visible="true" version="1" changeset="154092022" timestamp="2024-07-18T09:34:47Z" user="phoenixsaigon1698" uid="3323343" lat="20.9871451" lon="105.7831741"/>
 <node id="12060928406" visible="true" version="1" changeset="154092022" timestamp="2024-07-18T09:34:47Z" user="phoenixsaigon1698" uid="3323343" lat="20.9876155" lon="105.7844744">
  <tag k="addr:housenumber" v="Biệt Thự 01-10"/>
  <tag k="addr:street" v="KDT Mỗ Lao"/>
 </node>
 <node id="12060928408" visible="true" version="2" changeset="154092337" timestamp="2024-07-18T09:42:31Z" user="phoenixsaigon1698" uid="3323343" lat="20.9882746" lon="105.7849505"/>
 <node id="12060941984" visible="true" version="1" changeset="154092337" timestamp="2024-07-18T09:42:31Z" user="phoenixsaigon1698" uid="3323343" lat="20.9854802" lon="105.7853391"/>
 <node id="12068431563" visible="true" version="1" changeset="154271474" timestamp="2024-07-22T16:33:31Z" user="Hung Tran 9x0" uid="20910140" lat="20.9845322" lon="105.7873018">
  <tag k="addr:city" v="Phường Mộ Lao"/>
  <tag k="addr:district" v="Quận Hà Đông"/>
  <tag k="addr:housenumber" v="88"/>
  <tag k="addr:province" v="Thành phố Hà Nội"/>
  <tag k="addr:street" v="Phố Nguyễn Văn Lộc"/>
  <tag k="addr:subdistrict" v="Phường Mộ Lao"/>
  <tag k="brand" v="WinMart+"/>
  <tag k="brand:wikidata" v="Q113236478"/>
  <tag k="name" v="WinMart+"/>
  <tag k="shop" v="convenience"/>
 </node>
 <node id="12093593072" visible="true" version="1" changeset="154853360" timestamp="2024-08-05T14:19:16Z" user="Hoàng Tuấn Việt" uid="13707170" lat="20.9790575" lon="105.7867985">
  <tag k="crossing" v="traffic_signals"/>
  <tag k="highway" v="traffic_signals"/>
 </node>
 <node id="12105931403" visible="true" version="2" changeset="164466222" timestamp="2025-04-03T13:46:31Z" user="ZioDragon" uid="13799024" lat="20.9809313" lon="105.7845114"/>
 <node id="12105931404" visible="true" version="2" changeset="164466222" timestamp="2025-04-03T13:46:31Z" user="ZioDragon" uid="13799024" lat="20.9821061" lon="105.7834652"/>
 <node id="12105931405" visible="true" version="2" changeset="164466222" timestamp="2025-04-03T13:46:31Z" user="ZioDragon" uid="13799024" lat="20.9823999" lon="105.7832093"/>
 <node id="12105931406" visible="true" version="2" changeset="164466222" timestamp="2025-04-03T13:46:31Z" user="ZioDragon" uid="13799024" lat="20.9831934" lon="105.7825025"/>
 <node id="12105931407" visible="true" version="2" changeset="164466222" timestamp="2025-04-03T13:46:31Z" user="ZioDragon" uid="13799024" lat="20.9833531" lon="105.7823556"/>
 <node id="12105931408" visible="true" version="2" changeset="164466222" timestamp="2025-04-03T13:46:31Z" user="ZioDragon" uid="13799024" lat="20.9838741" lon="105.7818987"/>
 <node id="12105931409" visible="true" version="1" changeset="155141328" timestamp="2024-08-12T10:31:53Z" user="Hoàng Tuấn Việt" uid="13707170" lat="20.9840201" lon="105.7817724"/>
 <node id="12105931410" visible="true" version="1" changeset="155141328" timestamp="2024-08-12T10:31:53Z" user="Hoàng Tuấn Việt" uid="13707170" lat="20.9846253" lon="105.7812297"/>
 <node id="12105931411" visible="true" version="1" changeset="155141328" timestamp="2024-08-12T10:31:53Z" user="Hoàng Tuấn Việt" uid="13707170" lat="20.9849207" lon="105.7809704"/>
 <node id="12105931412" visible="true" version="2" changeset="164466222" timestamp="2025-04-03T13:46:31Z" user="ZioDragon" uid="13799024" lat="20.9852603" lon="105.7806671"/>
 <node id="12107908278" visible="true" version="1" changeset="155186798" timestamp="2024-08-13T09:48:27Z" user="phoenixsaigon1698" uid="3323343" lat="20.9789571" lon="105.7925665">
  <tag k="barrier" v="yes"/>
 </node>
 <node id="12107908279" visible="true" version="1" changeset="155186798" timestamp="2024-08-13T09:48:27Z" user="phoenixsaigon1698" uid="3323343" lat="20.9801278" lon="105.7916060"/>
 <node id="12121728911" visible="true" version="1" changeset="155495613" timestamp="2024-08-20T08:16:12Z" user="phoenixsaigon1698" uid="3323343" lat="20.9868877" lon="105.7822967"/>
 <node id="12131011996" visible="true" version="1" changeset="155644676" timestamp="2024-08-23T10:29:17Z" user="openmap-vn" uid="21213273" lat="20.9820882" lon="105.7863423"/>
 <node id="12131011997" visible="true" version="1" changeset="155644676" timestamp="2024-08-23T10:29:17Z" user="openmap-vn" uid="21213273" lat="20.9822685" lon="105.7865958"/>
 <node id="12131011998" visible="true" version="1" changeset="155644676" timestamp="2024-08-23T10:29:17Z" user="openmap-vn" uid="21213273" lat="20.9823274" lon="105.7865623"/>
 <node id="12131011999" visible="true" version="1" changeset="155644676" timestamp="2024-08-23T10:29:17Z" user="openmap-vn" uid="21213273" lat="20.9823587" lon="105.7865730"/>
 <node id="12131012000" visible="true" version="1" changeset="155644676" timestamp="2024-08-23T10:29:17Z" user="openmap-vn" uid="21213273" lat="20.9825347" lon="105.7868220"/>
 <node id="12131044401" visible="true" version="2" changeset="183161673" timestamp="2026-05-25T14:34:40Z" user="Hung Tran 9x0" uid="20910140" lat="20.9818034" lon="105.7848343"/>
 <node id="12131044402" visible="true" version="1" changeset="155644676" timestamp="2024-08-23T10:29:17Z" user="openmap-vn" uid="21213273" lat="20.9817695" lon="105.7848752"/>
 <node id="12131044403" visible="true" version="1" changeset="155644676" timestamp="2024-08-23T10:29:17Z" user="openmap-vn" uid="21213273" lat="20.9816781" lon="105.7850730"/>
 <node id="12131044404" visible="true" version="1" changeset="155644676" timestamp="2024-08-23T10:29:17Z" user="openmap-vn" uid="21213273" lat="20.9837805" lon="105.7885008"/>
 <node id="12131044405" visible="true" version="1" changeset="155644676" timestamp="2024-08-23T10:29:17Z" user="openmap-vn" uid="21213273" lat="20.9842043" lon="105.7890519"/>
 <node id="12131044406" visible="true" version="2" changeset="183161673" timestamp="2026-05-25T14:34:40Z" user="Hung Tran 9x0" uid="20910140" lat="20.9821300" lon="105.7847844"/>
 <node id="12131044407" visible="true" version="1" changeset="155644676" timestamp="2024-08-23T10:29:17Z" user="openmap-vn" uid="21213273" lat="20.9820513" lon="105.7849214"/>
 <node id="12131044408" visible="true" version="1" changeset="155644676" timestamp="2024-08-23T10:29:17Z" user="openmap-vn" uid="21213273" lat="20.9820532" lon="105.7849724"/>
 <node id="12131044409" visible="true" version="1" changeset="155644676" timestamp="2024-08-23T10:29:17Z" user="openmap-vn" uid="21213273" lat="20.9820851" lon="105.7850428"/>
 <node id="12131044410" visible="true" version="1" changeset="155644676" timestamp="2024-08-23T10:29:17Z" user="openmap-vn" uid="21213273" lat="20.9821283" lon="105.7851072"/>
 <node id="12131044411" visible="true" version="1" changeset="155644676" timestamp="2024-08-23T10:29:17Z" user="openmap-vn" uid="21213273" lat="20.9821853" lon="105.7852151"/>
 <node id="12131044412" visible="true" version="1" changeset="155644676" timestamp="2024-08-23T10:29:17Z" user="openmap-vn" uid="21213273" lat="20.9822344" lon="105.7853220"/>
 <node id="12131044413" visible="true" version="1" changeset="155644676" timestamp="2024-08-23T10:29:17Z" user="openmap-vn" uid="21213273" lat="20.9832434" lon="105.7874668"/>
 <node id="12131044414" visible="true" version="1" changeset="155644676" timestamp="2024-08-23T10:29:17Z" user="openmap-vn" uid="21213273" lat="20.9829663" lon="105.7872577"/>
 <node id="12131044415" visible="true" version="1" changeset="155644676" timestamp="2024-08-23T10:29:17Z" user="openmap-vn" uid="21213273" lat="20.9825935" lon="105.7869954"/>
 <node id="12131044416" visible="true" version="1" changeset="155644676" timestamp="2024-08-23T10:29:17Z" user="openmap-vn" uid="21213273" lat="20.9827675" lon="105.7871483"/>
 <node id="12131044417" visible="true" version="1" changeset="155644676" timestamp="2024-08-23T10:29:17Z" user="openmap-vn" uid="21213273" lat="20.9829157" lon="105.7869315"/>
 <node id="12131044418" visible="true" version="1" changeset="155644676" timestamp="2024-08-23T10:29:17Z" user="openmap-vn" uid="21213273" lat="20.9828283" lon="105.7868620"/>
 <node id="12131044419" visible="true" version="1" changeset="155644676" timestamp="2024-08-23T10:29:17Z" user="openmap-vn" uid="21213273" lat="20.9829716" lon="105.7869760"/>
 <node id="12131044420" visible="true" version="1" changeset="155644676" timestamp="2024-08-23T10:29:17Z" user="openmap-vn" uid="21213273" lat="20.9831012" lon="105.7870712"/>
 <node id="12131044421" visible="true" version="1" changeset="155644676" timestamp="2024-08-23T10:29:17Z" user="openmap-vn" uid="21213273" lat="20.9823656" lon="105.7871644"/>
 <node id="12131044422" visible="true" version="1" changeset="155644676" timestamp="2024-08-23T10:29:17Z" user="openmap-vn" uid="21213273" lat="20.9825866" lon="105.7874836"/>
 <node id="12131044423" visible="true" version="1" changeset="155644676" timestamp="2024-08-23T10:29:17Z" user="openmap-vn" uid="21213273" lat="20.9826921" lon="105.7876073"/>
 <node id="12131044424" visible="true" version="1" changeset="155644676" timestamp="2024-08-23T10:29:17Z" user="openmap-vn" uid="21213273" lat="20.9819317" lon="105.7869337"/>
 <node id="12131044425" visible="true" version="1" changeset="155644676" timestamp="2024-08-23T10:29:17Z" user="openmap-vn" uid="21213273" lat="20.9834080" lon="105.7831820"/>
 <node id="12131044426" visible="true" version="1" changeset="155644676" timestamp="2024-08-23T10:29:17Z" user="openmap-vn" uid="21213273" lat="20.9831970" lon="105.7833510"/>
 <node id="12131044427" visible="true" version="1" changeset="155644676" timestamp="2024-08-23T10:29:17Z" user="openmap-vn" uid="21213273" lat="20.9826824" lon="105.7836608"/>
 <node id="12131044428" visible="true" version="1" changeset="155644676" timestamp="2024-08-23T10:29:17Z" user="openmap-vn" uid="21213273" lat="20.9827700" lon="105.7835729"/>
 <node id="12131044429" visible="true" version="1" changeset="155644676" timestamp="2024-08-23T10:29:17Z" user="openmap-vn" uid="21213273" lat="20.9828846" lon="105.7835079"/>
 <node id="12131044430" visible="true" version="1" changeset="155644676" timestamp="2024-08-23T10:29:17Z" user="openmap-vn" uid="21213273" lat="20.9829960" lon="105.7834509"/>
 <node id="12131044431" visible="true" version="1" changeset="155644676" timestamp="2024-08-23T10:29:17Z" user="openmap-vn" uid="21213273" lat="20.9821389" lon="105.7867443"/>
 <node id="12131044432" visible="true" version="1" changeset="155644676" timestamp="2024-08-23T10:29:17Z" user="openmap-vn" uid="21213273" lat="20.9823238" lon="105.7869973"/>
 <node id="12131044448" visible="true" version="1" changeset="155644676" timestamp="2024-08-23T10:29:17Z" user="openmap-vn" uid="21213273" lat="20.9848687" lon="105.7905031"/>
 <node id="12131044449" visible="true" version="1" changeset="155644676" timestamp="2024-08-23T10:29:17Z" user="openmap-vn" uid="21213273" lat="20.9846977" lon="105.7903670"/>
 <node id="12131044450" visible="true" version="1" changeset="155644676" timestamp="2024-08-23T10:29:17Z" user="openmap-vn" uid="21213273" lat="20.9846095" lon="105.7902630"/>
 <node id="12131044452" visible="true" version="1" changeset="155644676" timestamp="2024-08-23T10:29:17Z" user="openmap-vn" uid="21213273" lat="20.9850170" lon="105.7898594"/>
 <node id="12131044453" visible="true" version="1" changeset="155644676" timestamp="2024-08-23T10:29:17Z" user="openmap-vn" uid="21213273" lat="20.9848912" lon="105.7898111"/>
 <node id="12131044454" visible="true" version="1" changeset="155644676" timestamp="2024-08-23T10:29:17Z" user="openmap-vn" uid="21213273" lat="20.9849137" lon="105.7898024"/>
 <node id="12131044455" visible="true" version="1" changeset="155644676" timestamp="2024-08-23T10:29:17Z" user="openmap-vn" uid="21213273" lat="20.9849394" lon="105.7898064"/>
 <node id="12131044456" visible="true" version="1" changeset="155644676" timestamp="2024-08-23T10:29:17Z" user="openmap-vn" uid="21213273" lat="20.9839290" lon="105.7900090"/>
 <node id="12131044457" visible="true" version="1" changeset="155644676" timestamp="2024-08-23T10:29:17Z" user="openmap-vn" uid="21213273" lat="20.9838316" lon="105.7901283"/>
 <node id="12141734728" visible="true" version="1" changeset="155870893" timestamp="2024-08-28T09:47:02Z" user="phoenixsaigon1698" uid="3323343" lat="20.9734232" lon="105.7863063"/>
 <node id="12155158762" visible="true" version="4" changeset="175015323" timestamp="2025-11-23T07:39:54Z" user="Hung Tran 9x0" uid="20910140" lat="20.9859121" lon="105.7913801">
  <tag k="addr:district" v="Quận Nam Từ Liêm"/>
  <tag k="addr:province" v="Thành phố Hà Nội"/>
  <tag k="addr:street" v="Ngõ 67 Đường Phùng Khoang"/>
  <tag k="name" v="Khu tập thể CNVC Bệnh viện Bạch Mai (Phùng Khoang)"/>
 </node>
 <node id="12177728627" visible="true" version="2" changeset="162559221" timestamp="2025-02-16T06:04:30Z" user="Hung Tran 9x0" uid="20910140" lat="20.9848864" lon="105.7912408">
  <tag k="noexit" v="yes"/>
 </node>
 <node id="12177747379" visible="true" version="1" changeset="156633577" timestamp="2024-09-15T04:52:52Z" user="Hung Tran 9x0" uid="20910140" lat="20.9868711" lon="105.7919659">
  <tag k="addr:district" v="Quận Nam Từ Liêm"/>
  <tag k="addr:province" v="Thành phố Hà Nội"/>
  <tag k="addr:street" v="Ngõ 67 Phùng Khoang"/>
  <tag k="brand" v="WinMart+"/>
  <tag k="brand:wikidata" v="Q113236478"/>
  <tag k="name" v="WinMart+"/>
  <tag k="shop" v="convenience"/>
 </node>
 <node id="12231229383" visible="true" version="1" changeset="157568934" timestamp="2024-10-07T07:44:49Z" user="GrabVN_HHanh" uid="21825758" lat="20.9832809" lon="105.7868331">
  <tag k="noexit" v="yes"/>
 </node>
 <node id="12353835290" visible="true" version="2" changeset="179967402" timestamp="2026-03-16T19:06:44Z" user="ZioDragon" uid="13799024" lat="20.9844909" lon="105.7931275"/>
 <node id="12353835291" visible="true" version="1" changeset="159317033" timestamp="2024-11-19T10:09:01Z" user="iloveosm2004" uid="20517681" lat="20.9847813" lon="105.7929486"/>
 <node id="12353835292" visible="true" version="1" changeset="159317033" timestamp="2024-11-19T10:09:01Z" user="iloveosm2004" uid="20517681" lat="20.9849010" lon="105.7929293"/>
 <node id="12353835293" visible="true" version="1" changeset="159317033" timestamp="2024-11-19T10:09:01Z" user="iloveosm2004" uid="20517681" lat="20.9852655" lon="105.7928851"/>
 <node id="12353835294" visible="true" version="1" changeset="159317033" timestamp="2024-11-19T10:09:01Z" user="iloveosm2004" uid="20517681" lat="20.9851866" lon="105.7920233"/>
 <node id="12353835295" visible="true" version="1" changeset="159317033" timestamp="2024-11-19T10:09:01Z" user="iloveosm2004" uid="20517681" lat="20.9850921" lon="105.7918455"/>
 <node id="12443167073" visible="true" version="1" changeset="160524889" timestamp="2024-12-23T06:15:38Z" user="phoenixsaigon1698" uid="3323343" lat="20.9876999" lon="105.7902116"/>
 <node id="12446761986" visible="true" version="1" changeset="160562047" timestamp="2024-12-24T04:46:05Z" user="phoenixsaigon1698" uid="3323343" lat="20.9637866" lon="105.7667241"/>
 <node id="12559057389" visible="true" version="1" changeset="162168939" timestamp="2025-02-05T14:54:39Z" user="Hung Tran 9x0" uid="20910140" lat="20.9821681" lon="105.7899361"/>
 <node id="12559057390" visible="true" version="1" changeset="162168939" timestamp="2025-02-05T14:54:39Z" user="Hung Tran 9x0" uid="20910140" lat="20.9825174" lon="105.7896133"/>
 <node id="12559057391" visible="true" version="1" changeset="162168939" timestamp="2025-02-05T14:54:39Z" user="Hung Tran 9x0" uid="20910140" lat="20.9830685" lon="105.7902873"/>
 <node id="12559057392" visible="true" version="1" changeset="162168939" timestamp="2025-02-05T14:54:39Z" user="Hung Tran 9x0" uid="20910140" lat="20.9827147" lon="105.7906144"/>
 <node id="12559057393" visible="true" version="1" changeset="162168939" timestamp="2025-02-05T14:54:39Z" user="Hung Tran 9x0" uid="20910140" lat="20.9829248" lon="105.7900348"/>
 <node id="12559057394" visible="true" version="1" changeset="162168939" timestamp="2025-02-05T14:54:39Z" user="Hung Tran 9x0" uid="20910140" lat="20.9828905" lon="105.7900664"/>
 <node id="12559057395" visible="true" version="1" changeset="162168939" timestamp="2025-02-05T14:54:39Z" user="Hung Tran 9x0" uid="20910140" lat="20.9827686" lon="105.7898408"/>
 <node id="12559057396" visible="true" version="1" changeset="162168939" timestamp="2025-02-05T14:54:39Z" user="Hung Tran 9x0" uid="20910140" lat="20.9827297" lon="105.7898767"/>
 <node id="12559057397" visible="true" version="1" changeset="162168939" timestamp="2025-02-05T14:54:39Z" user="Hung Tran 9x0" uid="20910140" lat="20.9825287" lon="105.7900572"/>
 <node id="12559057398" visible="true" version="1" changeset="162168939" timestamp="2025-02-05T14:54:39Z" user="Hung Tran 9x0" uid="20910140" lat="20.9823202" lon="105.7897956"/>
 <node id="12559057399" visible="true" version="1" changeset="162168939" timestamp="2025-02-05T14:54:39Z" user="Hung Tran 9x0" uid="20910140" lat="20.9827250" lon="105.7902166"/>
 <node id="12559057400" visible="true" version="1" changeset="162168939" timestamp="2025-02-05T14:54:39Z" user="Hung Tran 9x0" uid="20910140" lat="20.9825685" lon="105.7900214"/>
 <node id="12559085401" visible="true" version="1" changeset="162168939" timestamp="2025-02-05T14:54:39Z" user="Hung Tran 9x0" uid="20910140" lat="20.9826817" lon="105.7902558"/>
 <node id="12559085402" visible="true" version="1" changeset="162168939" timestamp="2025-02-05T14:54:39Z" user="Hung Tran 9x0" uid="20910140" lat="20.9828576" lon="105.7904823"/>
 <node id="12589868514" visible="true" version="1" changeset="162531863" timestamp="2025-02-15T10:57:47Z" user="ItsLouisAnderson" uid="11691953" lat="20.9867158" lon="105.7802968"/>
 <node id="12589868515" visible="true" version="1" changeset="162531863" timestamp="2025-02-15T10:57:47Z" user="ItsLouisAnderson" uid="11691953" lat="20.9864621" lon="105.7800066"/>
 <node id="12589868516" visible="true" version="1" changeset="162531863" timestamp="2025-02-15T10:57:47Z" user="ItsLouisAnderson" uid="11691953" lat="20.9862531" lon="105.7800314"/>
 <node id="12589868517" visible="true" version="1" changeset="162531863" timestamp="2025-02-15T10:57:47Z" user="ItsLouisAnderson" uid="11691953" lat="20.9855710" lon="105.7805998"/>
 <node id="12589868518" visible="true" version="1" changeset="162531863" timestamp="2025-02-15T10:57:47Z" user="ItsLouisAnderson" uid="11691953" lat="20.9855804" lon="105.7806946"/>
 <node id="12589868519" visible="true" version="1" changeset="162531863" timestamp="2025-02-15T10:57:47Z" user="ItsLouisAnderson" uid="11691953" lat="20.9858183" lon="105.7808107"/>
 <node id="12589868520" visible="true" version="1" changeset="162531863" timestamp="2025-02-15T10:57:47Z" user="ItsLouisAnderson" uid="11691953" lat="20.9860100" lon="105.7808475"/>
 <node id="12589868521" visible="true" version="1" changeset="162531863" timestamp="2025-02-15T10:57:47Z" user="ItsLouisAnderson" uid="11691953" lat="20.9862162" lon="105.7808489"/>
 <node id="12589868522" visible="true" version="1" changeset="162531863" timestamp="2025-02-15T10:57:47Z" user="ItsLouisAnderson" uid="11691953" lat="20.9864753" lon="105.7807895"/>
 <node id="12589868523" visible="true" version="1" changeset="162531863" timestamp="2025-02-15T10:57:47Z" user="ItsLouisAnderson" uid="11691953" lat="20.9865136" lon="105.7807612"/>
 <node id="12589868524" visible="true" version="1" changeset="162531863" timestamp="2025-02-15T10:57:47Z" user="ItsLouisAnderson" uid="11691953" lat="20.9867092" lon="105.7803775"/>
 <node id="12589868525" visible="true" version="1" changeset="162531863" timestamp="2025-02-15T10:57:47Z" user="ItsLouisAnderson" uid="11691953" lat="20.9873558" lon="105.7817736"/>
 <node id="12589868526" visible="true" version="1" changeset="162531863" timestamp="2025-02-15T10:57:47Z" user="ItsLouisAnderson" uid="11691953" lat="20.9871885" lon="105.7816899"/>
 <node id="12589868527" visible="true" version="1" changeset="162531863" timestamp="2025-02-15T10:57:47Z" user="ItsLouisAnderson" uid="11691953" lat="20.9870548" lon="105.7816267"/>
 <node id="12589868528" visible="true" version="1" changeset="162531863" timestamp="2025-02-15T10:57:47Z" user="ItsLouisAnderson" uid="11691953" lat="20.9869461" lon="105.7815848"/>
 <node id="12589868529" visible="true" version="1" changeset="162531863" timestamp="2025-02-15T10:57:47Z" user="ItsLouisAnderson" uid="11691953" lat="20.9868289" lon="105.7815515"/>
 <node id="12589868530" visible="true" version="1" changeset="162531863" timestamp="2025-02-15T10:57:47Z" user="ItsLouisAnderson" uid="11691953" lat="20.9869060" lon="105.7811663"/>
 <node id="12589868531" visible="true" version="1" changeset="162531863" timestamp="2025-02-15T10:57:47Z" user="ItsLouisAnderson" uid="11691953" lat="20.9868212" lon="105.7811474"/>
 <node id="12589868532" visible="true" version="1" changeset="162531863" timestamp="2025-02-15T10:57:47Z" user="ItsLouisAnderson" uid="11691953" lat="20.9868069" lon="105.7812188"/>
 <node id="12589868533" visible="true" version="1" changeset="162531863" timestamp="2025-02-15T10:57:47Z" user="ItsLouisAnderson" uid="11691953" lat="20.9867631" lon="105.7812102"/>
 <node id="12589868534" visible="true" version="1" changeset="162531863" timestamp="2025-02-15T10:57:47Z" user="ItsLouisAnderson" uid="11691953" lat="20.9867683" lon="105.7810777"/>
 <node id="12589868535" visible="true" version="1" changeset="162531863" timestamp="2025-02-15T10:57:47Z" user="ItsLouisAnderson" uid="11691953" lat="20.9866780" lon="105.7810784"/>
 <node id="12589868536" visible="true" version="1" changeset="162531863" timestamp="2025-02-15T10:57:47Z" user="ItsLouisAnderson" uid="11691953" lat="20.9866786" lon="105.7815282"/>
 <node id="12589868537" visible="true" version="1" changeset="162531863" timestamp="2025-02-15T10:57:47Z" user="ItsLouisAnderson" uid="11691953" lat="20.9866107" lon="105.7815208"/>
 <node id="12589868538" visible="true" version="1" changeset="162531863" timestamp="2025-02-15T10:57:47Z" user="ItsLouisAnderson" uid="11691953" lat="20.9865448" lon="105.7815131"/>
 <node id="12589868539" visible="true" version="1" changeset="162531863" timestamp="2025-02-15T10:57:47Z" user="ItsLouisAnderson" uid="11691953" lat="20.9865491" lon="105.7811036"/>
 <node id="12589868540" visible="true" version="1" changeset="162531863" timestamp="2025-02-15T10:57:47Z" user="ItsLouisAnderson" uid="11691953" lat="20.9864624" lon="105.7811026"/>
 <node id="12589868541" visible="true" version="1" changeset="162531863" timestamp="2025-02-15T10:57:47Z" user="ItsLouisAnderson" uid="11691953" lat="20.9864617" lon="105.7811653"/>
 <node id="12589868542" visible="true" version="1" changeset="162531863" timestamp="2025-02-15T10:57:47Z" user="ItsLouisAnderson" uid="11691953" lat="20.9864134" lon="105.7811647"/>
 <node id="12589868543" visible="true" version="1" changeset="162531863" timestamp="2025-02-15T10:57:47Z" user="ItsLouisAnderson" uid="11691953" lat="20.9864099" lon="105.7815115"/>
 <node id="12589868544" visible="true" version="1" changeset="162531863" timestamp="2025-02-15T10:57:47Z" user="ItsLouisAnderson" uid="11691953" lat="20.9862571" lon="105.7815093"/>
 <node id="12589868545" visible="true" version="1" changeset="162531863" timestamp="2025-02-15T10:57:47Z" user="ItsLouisAnderson" uid="11691953" lat="20.9862596" lon="105.7811610"/>
 <node id="12589868546" visible="true" version="1" changeset="162531863" timestamp="2025-02-15T10:57:47Z" user="ItsLouisAnderson" uid="11691953" lat="20.9862008" lon="105.7811605"/>
 <node id="12589868547" visible="true" version="1" changeset="162531863" timestamp="2025-02-15T10:57:47Z" user="ItsLouisAnderson" uid="11691953" lat="20.9862014" lon="105.7810909"/>
 <node id="12589868548" visible="true" version="1" changeset="162531863" timestamp="2025-02-15T10:57:47Z" user="ItsLouisAnderson" uid="11691953" lat="20.9861183" lon="105.7810903"/>
 <node id="12589868549" visible="true" version="1" changeset="162531863" timestamp="2025-02-15T10:57:47Z" user="ItsLouisAnderson" uid="11691953" lat="20.9861153" lon="105.7815082"/>
 <node id="12589868550" visible="true" version="1" changeset="162531863" timestamp="2025-02-15T10:57:47Z" user="ItsLouisAnderson" uid="11691953" lat="20.9861646" lon="105.7815086"/>
 <node id="12589868551" visible="true" version="1" changeset="162531863" timestamp="2025-02-15T10:57:47Z" user="ItsLouisAnderson" uid="11691953" lat="20.9861641" lon="105.7815848"/>
 <node id="12589868552" visible="true" version="1" changeset="162531863" timestamp="2025-02-15T10:57:47Z" user="ItsLouisAnderson" uid="11691953" lat="20.9862458" lon="105.7815792"/>
 <node id="12589868553" visible="true" version="1" changeset="162531863" timestamp="2025-02-15T10:57:47Z" user="ItsLouisAnderson" uid="11691953" lat="20.9863352" lon="105.7815785"/>
 <node id="12589868554" visible="true" version="1" changeset="162531863" timestamp="2025-02-15T10:57:47Z" user="ItsLouisAnderson" uid="11691953" lat="20.9864134" lon="105.7815825"/>
 <node id="12589868555" visible="true" version="1" changeset="162531863" timestamp="2025-02-15T10:57:47Z" user="ItsLouisAnderson" uid="11691953" lat="20.9864976" lon="105.7815931"/>
 <node id="12589868556" visible="true" version="1" changeset="162531863" timestamp="2025-02-15T10:57:47Z" user="ItsLouisAnderson" uid="11691953" lat="20.9865925" lon="105.7816134"/>
 <node id="12589868557" visible="true" version="1" changeset="162531863" timestamp="2025-02-15T10:57:47Z" user="ItsLouisAnderson" uid="11691953" lat="20.9867095" lon="105.7816505"/>
 <node id="12589868558" visible="true" version="1" changeset="162531863" timestamp="2025-02-15T10:57:47Z" user="ItsLouisAnderson" uid="11691953" lat="20.9867983" lon="105.7816895"/>
 <node id="12589868559" visible="true" version="1" changeset="162531863" timestamp="2025-02-15T10:57:47Z" user="ItsLouisAnderson" uid="11691953" lat="20.9868882" lon="105.7817395"/>
 <node id="12589868560" visible="true" version="1" changeset="162531863" timestamp="2025-02-15T10:57:47Z" user="ItsLouisAnderson" uid="11691953" lat="20.9872679" lon="105.7819762"/>
 <node id="12589868561" visible="true" version="1" changeset="162531863" timestamp="2025-02-15T10:57:47Z" user="ItsLouisAnderson" uid="11691953" lat="20.9866338" lon="105.7816450"/>
 <node id="12589868562" visible="true" version="1" changeset="162531863" timestamp="2025-02-15T10:57:47Z" user="ItsLouisAnderson" uid="11691953" lat="20.9861470" lon="105.7816409"/>
 <node id="12589868563" visible="true" version="1" changeset="162531863" timestamp="2025-02-15T10:57:47Z" user="ItsLouisAnderson" uid="11691953" lat="20.9861445" lon="105.7819841"/>
 <node id="12589868564" visible="true" version="1" changeset="162531863" timestamp="2025-02-15T10:57:47Z" user="ItsLouisAnderson" uid="11691953" lat="20.9866313" lon="105.7819882"/>
 <node id="12589868565" visible="true" version="1" changeset="162531863" timestamp="2025-02-15T10:57:47Z" user="ItsLouisAnderson" uid="11691953" lat="20.9871629" lon="105.7820118"/>
 <node id="12589868566" visible="true" version="1" changeset="162531863" timestamp="2025-02-15T10:57:47Z" user="ItsLouisAnderson" uid="11691953" lat="20.9871198" lon="105.7819280"/>
 <node id="12589868567" visible="true" version="1" changeset="162531863" timestamp="2025-02-15T10:57:47Z" user="ItsLouisAnderson" uid="11691953" lat="20.9870738" lon="105.7818861"/>
 <node id="12589868568" visible="true" version="1" changeset="162531863" timestamp="2025-02-15T10:57:47Z" user="ItsLouisAnderson" uid="11691953" lat="20.9870214" lon="105.7818608"/>
 <node id="12589868569" visible="true" version="1" changeset="162531863" timestamp="2025-02-15T10:57:47Z" user="ItsLouisAnderson" uid="11691953" lat="20.9869644" lon="105.7818423"/>
 <node id="12589868570" visible="true" version="1" changeset="162531863" timestamp="2025-02-15T10:57:47Z" user="ItsLouisAnderson" uid="11691953" lat="20.9869144" lon="105.7818460"/>
 <node id="12589868571" visible="true" version="1" changeset="162531863" timestamp="2025-02-15T10:57:47Z" user="ItsLouisAnderson" uid="11691953" lat="20.9868592" lon="105.7818700"/>
 <node id="12589868572" visible="true" version="1" changeset="162531863" timestamp="2025-02-15T10:57:47Z" user="ItsLouisAnderson" uid="11691953" lat="20.9868258" lon="105.7819052"/>
 <node id="12589868573" visible="true" version="1" changeset="162531863" timestamp="2025-02-15T10:57:47Z" user="ItsLouisAnderson" uid="11691953" lat="20.9868126" lon="105.7819514"/>
 <node id="12589868574" visible="true" version="1" changeset="162531863" timestamp="2025-02-15T10:57:47Z" user="ItsLouisAnderson" uid="11691953" lat="20.9868143" lon="105.7819933"/>
 <node id="12589868575" visible="true" version="1" changeset="162531863" timestamp="2025-02-15T10:57:47Z" user="ItsLouisAnderson" uid="11691953" lat="20.9868396" lon="105.7820475"/>
 <node id="12589868576" visible="true" version="1" changeset="162531863" timestamp="2025-02-15T10:57:47Z" user="ItsLouisAnderson" uid="11691953" lat="20.9868758" lon="105.7820913"/>
 <node id="12589868577" visible="true" version="1" changeset="162531863" timestamp="2025-02-15T10:57:47Z" user="ItsLouisAnderson" uid="11691953" lat="20.9869213" lon="105.7821245"/>
 <node id="12589868578" visible="true" version="1" changeset="162531863" timestamp="2025-02-15T10:57:47Z" user="ItsLouisAnderson" uid="11691953" lat="20.9869673" lon="105.7821467"/>
 <node id="12589868579" visible="true" version="1" changeset="162531863" timestamp="2025-02-15T10:57:47Z" user="ItsLouisAnderson" uid="11691953" lat="20.9870243" lon="105.7821566"/>
 <node id="12589868580" visible="true" version="1" changeset="162531863" timestamp="2025-02-15T10:57:47Z" user="ItsLouisAnderson" uid="11691953" lat="20.9871008" lon="105.7821473"/>
 <node id="12589868581" visible="true" version="1" changeset="162531863" timestamp="2025-02-15T10:57:47Z" user="ItsLouisAnderson" uid="11691953" lat="20.9871431" lon="105.7819662"/>
 <node id="12592386978" visible="true" version="1" changeset="162559221" timestamp="2025-02-16T06:04:30Z" user="Hung Tran 9x0" uid="20910140" lat="20.9849462" lon="105.7912739">
  <tag k="noexit" v="yes"/>
 </node>
 <node id="12592386979" visible="true" version="1" changeset="162559221" timestamp="2025-02-16T06:04:30Z" user="Hung Tran 9x0" uid="20910140" lat="20.9855055" lon="105.7909527"/>
 <node id="12592386980" visible="true" version="1" changeset="162559221" timestamp="2025-02-16T06:04:30Z" user="Hung Tran 9x0" uid="20910140" lat="20.9854162" lon="105.7911350"/>
 <node id="12655151635" visible="true" version="2" changeset="163511054" timestamp="2025-03-12T04:49:05Z" user="Hung Tran 9x0" uid="20910140" lat="20.9850876" lon="105.7840705">
  <tag k="addr:street" v="Ngõ 27 Nguyễn Văn Lộc"/>
  <tag k="name" v="Dãy 16B1 Làng Việt Kiều Châu Âu (1 - 34)"/>
 </node>
 <node id="12712852542" visible="true" version="2" changeset="164466222" timestamp="2025-04-03T13:46:31Z" user="ZioDragon" uid="13799024" lat="20.9852907" lon="105.7816939"/>
 <node id="12712852577" visible="true" version="2" changeset="167039277" timestamp="2025-06-01T08:21:30Z" user="Hung Tran 9x0" uid="20910140" lat="20.9857795" lon="105.7823715"/>
 <node id="12725862755" visible="true" version="1" changeset="164466222" timestamp="2025-04-03T13:46:31Z" user="ZioDragon" uid="13799024" lat="20.9842628" lon="105.7805557"/>
 <node id="12725862756" visible="true" version="1" changeset="164466222" timestamp="2025-04-03T13:46:31Z" user="ZioDragon" uid="13799024" lat="20.9842913" lon="105.7806149"/>
 <node id="12725862757" visible="true" version="1" changeset="164466222" timestamp="2025-04-03T13:46:31Z" user="ZioDragon" uid="13799024" lat="20.9845013" lon="105.7808111"/>
 <node id="12725862758" visible="true" version="1" changeset="164466222" timestamp="2025-04-03T13:46:31Z" user="ZioDragon" uid="13799024" lat="20.9847438" lon="105.7809751"/>
 <node id="12725862759" visible="true" version="1" changeset="164466222" timestamp="2025-04-03T13:46:31Z" user="ZioDragon" uid="13799024" lat="20.9845377" lon="105.7807515"/>
 <node id="12725862760" visible="true" version="1" changeset="164466222" timestamp="2025-04-03T13:46:31Z" user="ZioDragon" uid="13799024" lat="20.9843364" lon="105.7805632"/>
 <node id="12725862761" visible="true" version="3" changeset="167515746" timestamp="2025-06-12T04:16:12Z" user="phoenixsaigon1698" uid="3323343" lat="20.9856531" lon="105.7825051"/>
 <node id="12725862762" visible="true" version="4" changeset="168291072" timestamp="2025-06-30T04:55:49Z" user="Hung Tran 9x0" uid="20910140" lat="20.9856633" lon="105.7824165"/>
 <node id="12725862763" visible="true" version="2" changeset="167039277" timestamp="2025-06-01T08:21:30Z" user="Hung Tran 9x0" uid="20910140" lat="20.9856326" lon="105.7821831"/>
 <node id="12725862765" visible="true" version="1" changeset="164466222" timestamp="2025-04-03T13:46:31Z" user="ZioDragon" uid="13799024" lat="20.9848716" lon="105.7811329"/>
 <node id="12725862767" visible="true" version="2" changeset="167515746" timestamp="2025-06-12T04:16:12Z" user="phoenixsaigon1698" uid="3323343" lat="20.9853905" lon="105.7819942"/>
 <node id="12725862768" visible="true" version="1" changeset="164466222" timestamp="2025-04-03T13:46:31Z" user="ZioDragon" uid="13799024" lat="20.9852327" lon="105.7817288"/>
 <node id="12725862770" visible="true" version="2" changeset="167515746" timestamp="2025-06-12T04:16:12Z" user="phoenixsaigon1698" uid="3323343" lat="20.9855693" lon="105.7824469"/>
 <node id="12725862771" visible="true" version="2" changeset="167515746" timestamp="2025-06-12T04:16:12Z" user="phoenixsaigon1698" uid="3323343" lat="20.9855948" lon="105.7826269"/>
 <node id="12725862772" visible="true" version="1" changeset="164466222" timestamp="2025-04-03T13:46:31Z" user="ZioDragon" uid="13799024" lat="20.9847664" lon="105.7811102"/>
 <node id="12725862781" visible="true" version="2" changeset="167039277" timestamp="2025-06-01T08:21:30Z" user="Hung Tran 9x0" uid="20910140" lat="20.9855483" lon="105.7823223"/>
 <node id="12748116473" visible="true" version="1" changeset="164822593" timestamp="2025-04-11T15:50:10Z" user="Hung Tran 9x0" uid="20910140" lat="20.9828009" lon="105.7887288"/>
 <node id="12748116474" visible="true" version="1" changeset="164822593" timestamp="2025-04-11T15:50:10Z" user="Hung Tran 9x0" uid="20910140" lat="20.9826139" lon="105.7885041"/>
 <node id="12748128035" visible="true" version="1" changeset="164822502" timestamp="2025-04-11T15:48:19Z" user="Hung Tran 9x0" uid="20910140" lat="20.9821804" lon="105.7881856"/>
 <node id="12748128036" visible="true" version="1" changeset="164822502" timestamp="2025-04-11T15:48:19Z" user="Hung Tran 9x0" uid="20910140" lat="20.9823155" lon="105.7884254"/>
 <node id="12748128037" visible="true" version="1" changeset="164822502" timestamp="2025-04-11T15:48:19Z" user="Hung Tran 9x0" uid="20910140" lat="20.9824931" lon="105.7886044"/>
 <node id="12748128038" visible="true" version="1" changeset="164822502" timestamp="2025-04-11T15:48:19Z" user="Hung Tran 9x0" uid="20910140" lat="20.9826867" lon="105.7884402"/>
 <node id="12787551258" visible="true" version="2" changeset="168028716" timestamp="2025-06-24T04:12:27Z" user="Tewuzij" uid="16194143" lat="20.9850298" lon="105.7862992">
  <tag k="amenity" v="atm"/>
  <tag k="brand" v="TPBank"/>
  <tag k="brand:wikidata" v="Q7801033"/>
  <tag k="cash_in" v="yes"/>
  <tag k="name" v="TPBank LiveBank 24/7"/>
  <tag k="operator" v="TPBank"/>
  <tag k="operator:wikidata" v="Q7801033"/>
 </node>
 <node id="12821471688" visible="true" version="1" changeset="166008310" timestamp="2025-05-09T02:28:30Z" user="eton-tech" uid="20033217" lat="20.9855388" lon="105.7848196">
  <tag k="addr:district" v="Quận Hà Đông"/>
  <tag k="addr:province" v="Thành phố Hà Nội"/>
  <tag k="addr:street" v="Công An"/>
  <tag k="addr:subdistrict" v="Phường Mộ Lao"/>
  <tag k="name" v="Công An"/>
 </node>
 <node id="12837174750" visible="true" version="2" changeset="179967402" timestamp="2026-03-16T19:06:44Z" user="ZioDragon" uid="13799024" lat="20.9805022" lon="105.7884861"/>
 <node id="12837174754" visible="true" version="1" changeset="166262541" timestamp="2025-05-14T15:18:21Z" user="Hung Tran 9x0" uid="20910140" lat="20.9804615" lon="105.7885147"/>
 <node id="12842343751" visible="true" version="2" changeset="168028716" timestamp="2025-06-24T04:12:27Z" user="Tewuzij" uid="16194143" lat="20.9831900" lon="105.7887354">
  <tag k="brand" v="GS25"/>
  <tag k="brand:wikidata" v="Q624041"/>
  <tag k="name" v="GS25"/>
  <tag k="shop" v="convenience"/>
 </node>
 <node id="12857868356" visible="true" version="1" changeset="166661903" timestamp="2025-05-23T15:19:36Z" user="Hung Tran 9x0" uid="20910140" lat="20.9861600" lon="105.7825840">
  <tag k="amenity" v="atm"/>
  <tag k="brand" v="VPBank"/>
  <tag k="brand:wikidata" v="Q20025914"/>
  <tag k="cash_in" v="yes"/>
  <tag k="name" v="VPBank CDM"/>
  <tag k="operator" v="VPBank"/>
  <tag k="operator:wikidata" v="Q20025914"/>
 </node>
 <node id="12878602007" visible="true" version="1" changeset="167039277" timestamp="2025-06-01T08:21:30Z" user="Hung Tran 9x0" uid="20910140" lat="20.9858863" lon="105.7822347"/>
 <node id="12878602008" visible="true" version="1" changeset="167039277" timestamp="2025-06-01T08:21:30Z" user="Hung Tran 9x0" uid="20910140" lat="20.9858714" lon="105.7822819"/>
 <node id="12878602009" visible="true" version="1" changeset="167039277" timestamp="2025-06-01T08:21:30Z" user="Hung Tran 9x0" uid="20910140" lat="20.9858382" lon="105.7822322"/>
 <node id="12878602010" visible="true" version="1" changeset="167039277" timestamp="2025-06-01T08:21:30Z" user="Hung Tran 9x0" uid="20910140" lat="20.9855356" lon="105.7820443"/>
 <node id="12878602014" visible="true" version="1" changeset="167039277" timestamp="2025-06-01T08:21:30Z" user="Hung Tran 9x0" uid="20910140" lat="20.9857538" lon="105.7823938"/>
 <node id="12878602015" visible="true" version="2" changeset="167378730" timestamp="2025-06-09T05:24:51Z" user="Hung Tran 9x0" uid="20910140" lat="20.9860077" lon="105.7826783"/>
 <node id="12878602020" visible="true" version="1" changeset="167039277" timestamp="2025-06-01T08:21:30Z" user="Hung Tran 9x0" uid="20910140" lat="20.9858177" lon="105.7824726"/>
 <node id="12898626288" visible="true" version="1" changeset="167378730" timestamp="2025-06-09T05:24:51Z" user="Hung Tran 9x0" uid="20910140" lat="20.9859764" lon="105.7826656"/>
 <node id="12908782869" visible="true" version="1" changeset="167515746" timestamp="2025-06-12T04:16:12Z" user="phoenixsaigon1698" uid="3323343" lat="20.9853116" lon="105.7822628"/>
 <node id="12908782870" visible="true" version="2" changeset="168291072" timestamp="2025-06-30T04:55:49Z" user="Hung Tran 9x0" uid="20910140" lat="20.9856898" lon="105.7824162"/>
 <node id="12908782871" visible="true" version="1" changeset="167515746" timestamp="2025-06-12T04:16:12Z" user="phoenixsaigon1698" uid="3323343" lat="20.9856167" lon="105.7827573"/>
 <node id="12912125108" visible="true" version="3" changeset="174051247" timestamp="2025-11-01T09:02:14Z" user="Tewuzij" uid="16194143" lat="20.9818327" lon="105.7843640">
  <tag k="addr:street" v="ngõ 34 Phố Vũ Trọng Khánh"/>
  <tag k="amenity" v="kindergarten"/>
  <tag k="education" v="kindergarten"/>
  <tag k="name" v="Trường Mầm non Mỗ Lao (cơ sở 2)"/>
 </node>
 <node id="12913978714" visible="true" version="1" changeset="167600809" timestamp="2025-06-14T06:50:59Z" user="Hung Tran 9x0" uid="20910140" lat="20.9819916" lon="105.7841749"/>
 <node id="12942019990" visible="true" version="1" changeset="167903100" timestamp="2025-06-21T08:31:23Z" user="Hung Tran 9x0" uid="20910140" lat="20.9836178" lon="105.7862409">
  <tag k="addr:housenumber" v="BT3-16A7"/>
  <tag k="addr:street" v="Làng Việt Kiều Châu Âu"/>
 </node>
 <node id="12948667455" visible="true" version="1" changeset="168028716" timestamp="2025-06-24T04:12:27Z" user="Tewuzij" uid="16194143" lat="20.9845715" lon="105.7930801">
  <tag k="highway" v="crossing"/>
 </node>
 <node id="12949747828" visible="true" version="1" changeset="168053902" timestamp="2025-06-24T15:03:38Z" user="Hung Tran 9x0" uid="20910140" lat="20.9845129" lon="105.7912302"/>
 <node id="12949747829" visible="true" version="1" changeset="168053902" timestamp="2025-06-24T15:03:38Z" user="Hung Tran 9x0" uid="20910140" lat="20.9845910" lon="105.7913256"/>
 <node id="12963712967" visible="true" version="1" changeset="168291072" timestamp="2025-06-30T04:55:49Z" user="Hung Tran 9x0" uid="20910140" lat="20.9854975" lon="105.7819923"/>
 <node id="12963712968" visible="true" version="1" changeset="168291072" timestamp="2025-06-30T04:55:49Z" user="Hung Tran 9x0" uid="20910140" lat="20.9854189" lon="105.7820523"/>
 <node id="12963712969" visible="true" version="1" changeset="168291072" timestamp="2025-06-30T04:55:49Z" user="Hung Tran 9x0" uid="20910140" lat="20.9855797" lon="105.7823532"/>
 <node id="12963712970" visible="true" version="1" changeset="168291072" timestamp="2025-06-30T04:55:49Z" user="Hung Tran 9x0" uid="20910140" lat="20.9856270" lon="105.7823963"/>
 <node id="12963712971" visible="true" version="1" changeset="168291072" timestamp="2025-06-30T04:55:49Z" user="Hung Tran 9x0" uid="20910140" lat="20.9856072" lon="105.7823806"/>
 <node id="12963712972" visible="true" version="1" changeset="168291072" timestamp="2025-06-30T04:55:49Z" user="Hung Tran 9x0" uid="20910140" lat="20.9857235" lon="105.7824088"/>
 <node id="12979411195" visible="true" version="1" changeset="168513020" timestamp="2025-07-05T08:26:52Z" user="GrabVN_QThoai" uid="15740602" lat="20.9836119" lon="105.7917248">
  <tag k="access" v="permissive"/>
  <tag k="barrier" v="lift_gate"/>
 </node>
 <node id="12979411196" visible="true" version="1" changeset="168513020" timestamp="2025-07-05T08:26:52Z" user="GrabVN_QThoai" uid="15740602" lat="20.9833183" lon="105.7914121">
  <tag k="access" v="permissive"/>
  <tag k="barrier" v="lift_gate"/>
 </node>
 <node id="12989985980" visible="true" version="4" changeset="170094117" timestamp="2025-08-07T08:40:18Z" user="AndjelaS" uid="8951082" lat="20.9837354" lon="105.7923460"/>
 <node id="12992978193" visible="true" version="4" changeset="170094117" timestamp="2025-08-07T08:40:18Z" user="AndjelaS" uid="8951082" lat="20.9837506" lon="105.7923657"/>
 <node id="13036655227" visible="true" version="2" changeset="175015323" timestamp="2025-11-23T07:39:54Z" user="Hung Tran 9x0" uid="20910140" lat="20.9855560" lon="105.7914014">
  <tag k="addr:street" v="Ngách 67/61 Đường Phùng Khoang"/>
  <tag k="name" v="Khu tập thể In Thanh Xuân"/>
 </node>
 <node id="13047588756" visible="true" version="1" changeset="169934334" timestamp="2025-08-04T05:38:19Z" user="Hung Tran 9x0" uid="20910140" lat="20.9828246" lon="105.7879809"/>
 <node id="13055800185" visible="true" version="1" changeset="170094117" timestamp="2025-08-07T08:40:18Z" user="AndjelaS" uid="8951082" lat="20.9868250" lon="105.7838937"/>
 <node id="13055800186" visible="true" version="1" changeset="170094117" timestamp="2025-08-07T08:40:18Z" user="AndjelaS" uid="8951082" lat="20.9837474" lon="105.7923684"/>
 <node id="13084683750" visible="true" version="1" changeset="170730853" timestamp="2025-08-20T14:37:52Z" user="Hung Tran 9x0" uid="20910140" lat="20.9818169" lon="105.7886183"/>
 <node id="13088581535" visible="true" version="1" changeset="170810696" timestamp="2025-08-22T05:54:05Z" user="Hung Tran 9x0" uid="20910140" lat="20.9865954" lon="105.7889584">
  <tag k="entrance" v="yes"/>
  <tag k="name" v="Sảnh nhà B"/>
 </node>
 <node id="13088581536" visible="true" version="1" changeset="170810696" timestamp="2025-08-22T05:54:05Z" user="Hung Tran 9x0" uid="20910140" lat="20.9862005" lon="105.7884662">
  <tag k="entrance" v="yes"/>
  <tag k="name" v="Sảnh nhà A"/>
 </node>
 <node id="13152291219" visible="true" version="1" changeset="172096390" timestamp="2025-09-18T06:50:25Z" user="eton-tech" uid="20033217" lat="20.9843506" lon="105.7890525">
  <tag k="addr:district" v="Quận Hà Đông"/>
  <tag k="addr:province" v="Thành phố Hà Nội"/>
  <tag k="addr:street" v="7 ngõ 5 an hoà,"/>
  <tag k="addr:subdistrict" v="Phường Mộ Lao"/>
  <tag k="name" v="7 ngõ 5 an hoà,"/>
 </node>
 <node id="13174871083" visible="true" version="1" changeset="172511289" timestamp="2025-09-27T06:13:12Z" user="vietnam321" uid="11196308" lat="20.9889682" lon="105.7843141"/>
 <node id="13190884486" visible="true" version="1" changeset="172797185" timestamp="2025-10-03T15:12:18Z" user="Hung159" uid="22065819" lat="20.9868457" lon="105.7928335"/>
 <node id="13190884487" visible="true" version="1" changeset="172797185" timestamp="2025-10-03T15:12:18Z" user="Hung159" uid="22065819" lat="20.9861534" lon="105.7925626"/>
 <node id="13240208110" visible="true" version="1" changeset="173435701" timestamp="2025-10-18T05:55:13Z" user="Hung Tran 9x0" uid="20910140" lat="20.9833057" lon="105.7843613"/>
 <node id="13240208111" visible="true" version="1" changeset="173435701" timestamp="2025-10-18T05:55:13Z" user="Hung Tran 9x0" uid="20910140" lat="20.9830840" lon="105.7842634"/>
 <node id="13240208112" visible="true" version="1" changeset="173435701" timestamp="2025-10-18T05:55:13Z" user="Hung Tran 9x0" uid="20910140" lat="20.9833722" lon="105.7841891"/>
 <node id="13240208113" visible="true" version="1" changeset="173435701" timestamp="2025-10-18T05:55:13Z" user="Hung Tran 9x0" uid="20910140" lat="20.9834604" lon="105.7842337"/>
 <node id="13240208114" visible="true" version="1" changeset="173435701" timestamp="2025-10-18T05:55:13Z" user="Hung Tran 9x0" uid="20910140" lat="20.9834545" lon="105.7842714"/>
 <node id="13271692309" visible="true" version="1" changeset="174005768" timestamp="2025-10-31T06:39:23Z" user="Hung Tran 9x0" uid="20910140" lat="20.9859977" lon="105.7910609"/>
 <node id="13271692310" visible="true" version="1" changeset="174005768" timestamp="2025-10-31T06:39:23Z" user="Hung Tran 9x0" uid="20910140" lat="20.9859892" lon="105.7907845"/>
 <node id="13271692311" visible="true" version="1" changeset="174005768" timestamp="2025-10-31T06:39:23Z" user="Hung Tran 9x0" uid="20910140" lat="20.9859781" lon="105.7907724"/>
 <node id="13271692312" visible="true" version="1" changeset="174005768" timestamp="2025-10-31T06:39:23Z" user="Hung Tran 9x0" uid="20910140" lat="20.9859643" lon="105.7907690"/>
 <node id="13271692313" visible="true" version="1" changeset="174005768" timestamp="2025-10-31T06:39:23Z" user="Hung Tran 9x0" uid="20910140" lat="20.9856995" lon="105.7909700"/>
 <node id="13271692314" visible="true" version="1" changeset="174005768" timestamp="2025-10-31T06:39:23Z" user="Hung Tran 9x0" uid="20910140" lat="20.9858134" lon="105.7911349"/>
 <node id="13271692315" visible="true" version="1" changeset="174005768" timestamp="2025-10-31T06:39:23Z" user="Hung Tran 9x0" uid="20910140" lat="20.9859274" lon="105.7911064"/>
 <node id="13271692316" visible="true" version="1" changeset="174005768" timestamp="2025-10-31T06:39:23Z" user="Hung Tran 9x0" uid="20910140" lat="20.9856096" lon="105.7909518"/>
 <node id="13271692317" visible="true" version="1" changeset="174005768" timestamp="2025-10-31T06:39:23Z" user="Hung Tran 9x0" uid="20910140" lat="20.9874613" lon="105.7906659"/>
 <node id="13315837792" visible="true" version="1" changeset="174844936" timestamp="2025-11-19T06:47:52Z" user="Hung Tran 9x0" uid="20910140" lat="20.9868285" lon="105.7922999"/>
 <node id="13315837793" visible="true" version="1" changeset="174844936" timestamp="2025-11-19T06:47:52Z" user="Hung Tran 9x0" uid="20910140" lat="20.9867195" lon="105.7920973"/>
 <node id="13315837794" visible="true" version="1" changeset="174844936" timestamp="2025-11-19T06:47:52Z" user="Hung Tran 9x0" uid="20910140" lat="20.9865817" lon="105.7920088"/>
 <node id="13315837795" visible="true" version="1" changeset="174844936" timestamp="2025-11-19T06:47:52Z" user="Hung Tran 9x0" uid="20910140" lat="20.9865792" lon="105.7919109"/>
 <node id="13315837796" visible="true" version="1" changeset="174844936" timestamp="2025-11-19T06:47:52Z" user="Hung Tran 9x0" uid="20910140" lat="20.9864214" lon="105.7918948"/>
 <node id="13315837797" visible="true" version="1" changeset="174844936" timestamp="2025-11-19T06:47:52Z" user="Hung Tran 9x0" uid="20910140" lat="20.9864202" lon="105.7917539"/>
 <node id="13315837798" visible="true" version="1" changeset="174844936" timestamp="2025-11-19T06:47:52Z" user="Hung Tran 9x0" uid="20910140" lat="20.9865705" lon="105.7917580"/>
 <node id="13315837799" visible="true" version="1" changeset="174844936" timestamp="2025-11-19T06:47:52Z" user="Hung Tran 9x0" uid="20910140" lat="20.9866448" lon="105.7920398"/>
 <node id="13322242408" visible="true" version="1" changeset="174955370" timestamp="2025-11-21T16:05:44Z" user="Hung Tran 9x0" uid="20910140" lat="20.9854456" lon="105.7907784"/>
 <node id="13322242409" visible="true" version="1" changeset="174955370" timestamp="2025-11-21T16:05:44Z" user="Hung Tran 9x0" uid="20910140" lat="20.9854007" lon="105.7906857"/>
 <node id="13322242410" visible="true" version="1" changeset="174955370" timestamp="2025-11-21T16:05:44Z" user="Hung Tran 9x0" uid="20910140" lat="20.9852776" lon="105.7906866"/>
 <node id="13322242411" visible="true" version="1" changeset="174955370" timestamp="2025-11-21T16:05:44Z" user="Hung Tran 9x0" uid="20910140" lat="20.9852747" lon="105.7904912"/>
 <node id="13322242412" visible="true" version="1" changeset="174955370" timestamp="2025-11-21T16:05:44Z" user="Hung Tran 9x0" uid="20910140" lat="20.9854632" lon="105.7904890"/>
 <node id="13322242413" visible="true" version="1" changeset="174955370" timestamp="2025-11-21T16:05:44Z" user="Hung Tran 9x0" uid="20910140" lat="20.9855271" lon="105.7905252"/>
 <node id="13322242414" visible="true" version="1" changeset="174955370" timestamp="2025-11-21T16:05:44Z" user="Hung Tran 9x0" uid="20910140" lat="20.9856096" lon="105.7906749"/>
 <node id="13322242415" visible="true" version="1" changeset="174955370" timestamp="2025-11-21T16:05:44Z" user="Hung Tran 9x0" uid="20910140" lat="20.9853993" lon="105.7906883"/>
 <node id="13322242416" visible="true" version="1" changeset="174955370" timestamp="2025-11-21T16:05:44Z" user="Hung Tran 9x0" uid="20910140" lat="20.9854446" lon="105.7907822"/>
 <node id="13322242417" visible="true" version="1" changeset="174955370" timestamp="2025-11-21T16:05:44Z" user="Hung Tran 9x0" uid="20910140" lat="20.9855360" lon="105.7907260"/>
 <node id="13322242418" visible="true" version="1" changeset="174955370" timestamp="2025-11-21T16:05:44Z" user="Hung Tran 9x0" uid="20910140" lat="20.9855727" lon="105.7907845"/>
 <node id="13322242419" visible="true" version="1" changeset="174955370" timestamp="2025-11-21T16:05:44Z" user="Hung Tran 9x0" uid="20910140" lat="20.9853339" lon="105.7909632"/>
 <node id="13322242420" visible="true" version="1" changeset="174955370" timestamp="2025-11-21T16:05:44Z" user="Hung Tran 9x0" uid="20910140" lat="20.9852793" lon="105.7908923"/>
 <node id="13322242421" visible="true" version="1" changeset="174955370" timestamp="2025-11-21T16:05:44Z" user="Hung Tran 9x0" uid="20910140" lat="20.9852764" lon="105.7906898"/>
 <node id="13322242422" visible="true" version="1" changeset="174955370" timestamp="2025-11-21T16:05:44Z" user="Hung Tran 9x0" uid="20910140" lat="20.9856150" lon="105.7901484"/>
 <node id="13322242423" visible="true" version="1" changeset="174955370" timestamp="2025-11-21T16:05:44Z" user="Hung Tran 9x0" uid="20910140" lat="20.9856163" lon="105.7903428"/>
 <node id="13322242424" visible="true" version="1" changeset="174955370" timestamp="2025-11-21T16:05:44Z" user="Hung Tran 9x0" uid="20910140" lat="20.9857766" lon="105.7905856"/>
 <node id="13322242425" visible="true" version="1" changeset="174955370" timestamp="2025-11-21T16:05:44Z" user="Hung Tran 9x0" uid="20910140" lat="20.9858479" lon="105.7905306"/>
 <node id="13322242426" visible="true" version="1" changeset="174955370" timestamp="2025-11-21T16:05:44Z" user="Hung Tran 9x0" uid="20910140" lat="20.9857102" lon="105.7903174"/>
 <node id="13322242427" visible="true" version="1" changeset="174955370" timestamp="2025-11-21T16:05:44Z" user="Hung Tran 9x0" uid="20910140" lat="20.9857064" lon="105.7901484"/>
 <node id="13322242428" visible="true" version="1" changeset="174955370" timestamp="2025-11-21T16:05:44Z" user="Hung Tran 9x0" uid="20910140" lat="20.9860443" lon="105.7902473"/>
 <node id="13322242429" visible="true" version="1" changeset="174955370" timestamp="2025-11-21T16:05:44Z" user="Hung Tran 9x0" uid="20910140" lat="20.9861058" lon="105.7903440"/>
 <node id="13322242430" visible="true" version="1" changeset="174955370" timestamp="2025-11-21T16:05:44Z" user="Hung Tran 9x0" uid="20910140" lat="20.9858508" lon="105.7905300"/>
 <node id="13322242431" visible="true" version="1" changeset="174955370" timestamp="2025-11-21T16:05:44Z" user="Hung Tran 9x0" uid="20910140" lat="20.9857893" lon="105.7904333"/>
 <node id="13322242432" visible="true" version="1" changeset="174955370" timestamp="2025-11-21T16:05:44Z" user="Hung Tran 9x0" uid="20910140" lat="20.9856150" lon="105.7901458"/>
 <node id="13322242433" visible="true" version="1" changeset="174955370" timestamp="2025-11-21T16:05:44Z" user="Hung Tran 9x0" uid="20910140" lat="20.9856157" lon="105.7900462"/>
 <node id="13322242434" visible="true" version="1" changeset="174955370" timestamp="2025-11-21T16:05:44Z" user="Hung Tran 9x0" uid="20910140" lat="20.9859374" lon="105.7900400"/>
 <node id="13322242435" visible="true" version="1" changeset="174955370" timestamp="2025-11-21T16:05:44Z" user="Hung Tran 9x0" uid="20910140" lat="20.9860043" lon="105.7901471"/>
 <node id="13322242436" visible="true" version="1" changeset="174955370" timestamp="2025-11-21T16:05:44Z" user="Hung Tran 9x0" uid="20910140" lat="20.9859237" lon="105.7902125"/>
 <node id="13322242437" visible="true" version="1" changeset="174955370" timestamp="2025-11-21T16:05:44Z" user="Hung Tran 9x0" uid="20910140" lat="20.9858827" lon="105.7901447"/>
 <node id="13322242438" visible="true" version="1" changeset="174955370" timestamp="2025-11-21T16:05:44Z" user="Hung Tran 9x0" uid="20910140" lat="20.9857935" lon="105.7903811"/>
 <node id="13322242439" visible="true" version="1" changeset="174955370" timestamp="2025-11-21T16:05:44Z" user="Hung Tran 9x0" uid="20910140" lat="20.9860683" lon="105.7901956">
  <tag k="barrier" v="gate"/>
 </node>
 <node id="13335005418" visible="true" version="1" changeset="175178162" timestamp="2025-11-27T02:11:27Z" user="eton-tech" uid="20033217" lat="20.9825623" lon="105.7901924">
  <tag k="addr:district" v="Quận Hà Đông"/>
  <tag k="addr:province" v="Thành phố Hà Nội"/>
  <tag k="addr:street" v="ct1, chung cư fodacon,"/>
  <tag k="addr:subdistrict" v="Phường Mộ Lao"/>
  <tag k="name" v="ct1, chung cư fodacon,"/>
 </node>
 <node id="13518941203" visible="true" version="1" changeset="177996545" timestamp="2026-02-02T08:55:09Z" user="eton-tech" uid="20033217" lat="20.9814057" lon="105.7919304">
  <tag k="addr:district" v="Quận Hà Đông"/>
  <tag k="addr:province" v="Thành phố Hà Nội"/>
  <tag k="addr:street" v="125 trần phú,phường hà đông.hà nội,"/>
  <tag k="addr:subdistrict" v="Phường Văn Quán"/>
  <tag k="name" v="125 trần phú,phường hà đông.hà nội,"/>
 </node>
 <node id="13528130406" visible="true" version="1" changeset="178170069" timestamp="2026-02-06T06:23:32Z" user="GrabVN_HHanh" uid="21825758" lat="20.9815043" lon="105.7856313"/>
 <node id="13528130407" visible="true" version="1" changeset="178170069" timestamp="2026-02-06T06:23:32Z" user="GrabVN_HHanh" uid="21825758" lat="20.9816648" lon="105.7854690"/>
 <node id="13528130408" visible="true" version="1" changeset="178170069" timestamp="2026-02-06T06:23:32Z" user="GrabVN_HHanh" uid="21825758" lat="20.9817565" lon="105.7855704"/>
 <node id="13564414739" visible="true" version="1" changeset="178549021" timestamp="2026-02-14T15:30:09Z" user="Hung Tran 9x0" uid="20910140" lat="20.9834822" lon="105.7814608"/>
 <node id="13564414740" visible="true" version="1" changeset="178549021" timestamp="2026-02-14T15:30:09Z" user="Hung Tran 9x0" uid="20910140" lat="20.9829833" lon="105.7818880"/>
 <node id="13564414741" visible="true" version="1" changeset="178549021" timestamp="2026-02-14T15:30:09Z" user="Hung Tran 9x0" uid="20910140" lat="20.9832033" lon="105.7821827"/>
 <node id="13564414742" visible="true" version="1" changeset="178549021" timestamp="2026-02-14T15:30:09Z" user="Hung Tran 9x0" uid="20910140" lat="20.9832889" lon="105.7821093"/>
 <node id="13564414743" visible="true" version="1" changeset="178549021" timestamp="2026-02-14T15:30:09Z" user="Hung Tran 9x0" uid="20910140" lat="20.9832055" lon="105.7819976"/>
 <node id="13564414744" visible="true" version="1" changeset="178549021" timestamp="2026-02-14T15:30:09Z" user="Hung Tran 9x0" uid="20910140" lat="20.9835287" lon="105.7817207"/>
 <node id="13564414745" visible="true" version="1" changeset="178549021" timestamp="2026-02-14T15:30:09Z" user="Hung Tran 9x0" uid="20910140" lat="20.9836065" lon="105.7818248"/>
 <node id="13564414746" visible="true" version="1" changeset="178549021" timestamp="2026-02-14T15:30:09Z" user="Hung Tran 9x0" uid="20910140" lat="20.9836964" lon="105.7817478"/>
 <node id="13607683328" visible="true" version="2" changeset="179208517" timestamp="2026-03-01T13:28:06Z" user="Hung Tran 9x0" uid="20910140" lat="20.9835772" lon="105.7881110">
  <tag k="noexit" v="yes"/>
 </node>
 <node id="13653176825" visible="true" version="1" changeset="179967402" timestamp="2026-03-16T19:06:44Z" user="ZioDragon" uid="13799024" lat="20.9744685" lon="105.7804496"/>
 <node id="13653176828" visible="true" version="1" changeset="179967402" timestamp="2026-03-16T19:06:44Z" user="ZioDragon" uid="13799024" lat="20.9839947" lon="105.7924300"/>
 <node id="13653176829" visible="true" version="1" changeset="179967402" timestamp="2026-03-16T19:06:44Z" user="ZioDragon" uid="13799024" lat="20.9837666" lon="105.7926087"/>
 <node id="13653176830" visible="true" version="1" changeset="179967402" timestamp="2026-03-16T19:06:44Z" user="ZioDragon" uid="13799024" lat="20.9817228" lon="105.7895301"/>
 <node id="13653176831" visible="true" version="1" changeset="179967402" timestamp="2026-03-16T19:06:44Z" user="ZioDragon" uid="13799024" lat="20.9815002" lon="105.7897166"/>
 <node id="13876649863" visible="true" version="1" changeset="183161673" timestamp="2026-05-25T14:34:40Z" user="Hung Tran 9x0" uid="20910140" lat="20.9819963" lon="105.7845980"/>
 <node id="13876649864" visible="true" version="1" changeset="183161673" timestamp="2026-05-25T14:34:40Z" user="Hung Tran 9x0" uid="20910140" lat="20.9820047" lon="105.7845807"/>
 <node id="13876649865" visible="true" version="1" changeset="183161673" timestamp="2026-05-25T14:34:40Z" user="Hung Tran 9x0" uid="20910140" lat="20.9821262" lon="105.7848029"/>
 <node id="13887009608" visible="true" version="1" changeset="183238632" timestamp="2026-05-27T06:07:17Z" user="21nekoburu" uid="24152732" lat="20.9541072" lon="105.7541709">
  <tag k="railway" v="signal"/>
  <tag k="railway:signal:direction" v="forward"/>
 </node>
 <node id="13887009609" visible="true" version="1" changeset="183238632" timestamp="2026-05-27T06:07:17Z" user="21nekoburu" uid="24152732" lat="20.9544242" lon="105.7545942">
  <tag k="railway" v="signal"/>
  <tag k="railway:signal:direction" v="backward"/>
 </node>
 <node id="13887009610" visible="true" version="1" changeset="183238632" timestamp="2026-05-27T06:07:17Z" user="21nekoburu" uid="24152732" lat="20.9549303" lon="105.7552907">
  <tag k="railway" v="signal"/>
  <tag k="railway:signal:direction" v="forward"/>
 </node>
 <node id="13887009611" visible="true" version="1" changeset="183238632" timestamp="2026-05-27T06:07:17Z" user="21nekoburu" uid="24152732" lat="20.9549770" lon="105.7552688">
  <tag k="railway" v="signal"/>
  <tag k="railway:signal:direction" v="backward"/>
 </node>
 <node id="13887009612" visible="true" version="1" changeset="183238632" timestamp="2026-05-27T06:07:17Z" user="21nekoburu" uid="24152732" lat="20.9552919" lon="105.7556956">
  <tag k="railway" v="signal"/>
  <tag k="railway:signal:direction" v="forward"/>
 </node>
 <node id="13887009613" visible="true" version="1" changeset="183238632" timestamp="2026-05-27T06:07:17Z" user="21nekoburu" uid="24152732" lat="20.9552312" lon="105.7556940">
  <tag k="railway" v="signal"/>
  <tag k="railway:signal:direction" v="backward"/>
 </node>
 <node id="13887009614" visible="true" version="1" changeset="183238632" timestamp="2026-05-27T06:07:17Z" user="21nekoburu" uid="24152732" lat="20.9559118" lon="105.7565955">
  <tag k="railway" v="signal"/>
  <tag k="railway:signal:direction" v="forward"/>
 </node>
 <node id="13887009615" visible="true" version="1" changeset="183238632" timestamp="2026-05-27T06:07:17Z" user="21nekoburu" uid="24152732" lat="20.9559835" lon="105.7566242">
  <tag k="railway" v="signal"/>
  <tag k="railway:signal:direction" v="forward"/>
 </node>
 <node id="13887009616" visible="true" version="1" changeset="183238632" timestamp="2026-05-27T06:07:17Z" user="21nekoburu" uid="24152732" lat="20.9518521" lon="105.7512026">
  <tag k="railway" v="signal"/>
  <tag k="railway:signal:direction" v="forward"/>
 </node>
 <node id="13887009617" visible="true" version="1" changeset="183238632" timestamp="2026-05-27T06:07:17Z" user="21nekoburu" uid="24152732" lat="20.9520218" lon="105.7514237">
  <tag k="railway" v="signal"/>
  <tag k="railway:signal:direction" v="backward"/>
 </node>
 <node id="13887009625" visible="true" version="1" changeset="183238632" timestamp="2026-05-27T06:07:17Z" user="21nekoburu" uid="24152732" lat="20.9500749" lon="105.7488486">
  <tag k="railway" v="signal"/>
  <tag k="railway:signal:direction" v="forward"/>
 </node>
 <node id="13887009626" visible="true" version="1" changeset="183238632" timestamp="2026-05-27T06:07:17Z" user="21nekoburu" uid="24152732" lat="20.9501808" lon="105.7489173">
  <tag k="railway" v="signal"/>
  <tag k="railway:signal:direction" v="forward"/>
 </node>
 <node id="13887009627" visible="true" version="1" changeset="183238632" timestamp="2026-05-27T06:07:17Z" user="21nekoburu" uid="24152732" lat="20.9635097" lon="105.7663678">
  <tag k="railway" v="signal"/>
  <tag k="railway:signal:direction" v="forward"/>
 </node>
 <node id="13887009628" visible="true" version="1" changeset="183238632" timestamp="2026-05-27T06:07:17Z" user="21nekoburu" uid="24152732" lat="20.9634345" lon="105.7663256">
  <tag k="railway" v="signal"/>
  <tag k="railway:signal:direction" v="forward"/>
 </node>
 <node id="13887009629" visible="true" version="1" changeset="183238632" timestamp="2026-05-27T06:07:17Z" user="21nekoburu" uid="24152732" lat="20.9641112" lon="105.7671919">
  <tag k="railway" v="signal"/>
  <tag k="railway:signal:direction" v="forward"/>
 </node>
 <node id="13887009630" visible="true" version="1" changeset="183238632" timestamp="2026-05-27T06:07:17Z" user="21nekoburu" uid="24152732" lat="20.9641538" lon="105.7671965">
  <tag k="railway" v="signal"/>
  <tag k="railway:signal:direction" v="forward"/>
 </node>
 <node id="13887009631" visible="true" version="1" changeset="183238632" timestamp="2026-05-27T06:07:17Z" user="21nekoburu" uid="24152732" lat="20.9699184" lon="105.7745552">
  <tag k="railway" v="signal"/>
  <tag k="railway:signal:direction" v="forward"/>
 </node>
 <node id="13887009632" visible="true" version="1" changeset="183238632" timestamp="2026-05-27T06:07:17Z" user="21nekoburu" uid="24152732" lat="20.9705958" lon="105.7753841">
  <tag k="railway" v="signal"/>
  <tag k="railway:signal:direction" v="forward"/>
 </node>
 <node id="13887009633" visible="true" version="1" changeset="183238632" timestamp="2026-05-27T06:07:17Z" user="21nekoburu" uid="24152732" lat="20.9705454" lon="105.7753665">
  <tag k="railway" v="signal"/>
  <tag k="railway:signal:direction" v="forward"/>
 </node>
 <way id="37871552" visible="true" version="9" changeset="177668471" timestamp="2026-01-25T04:21:35Z" user="GrabVN_HHanh" uid="21825758">
  <nd ref="444394951"/>
  <nd ref="444878651"/>
  <nd ref="2570959069"/>
  <nd ref="444878654"/>
  <nd ref="2570968292"/>
  <nd ref="444878657"/>
  <nd ref="2570968294"/>
  <nd ref="444878659"/>
  <nd ref="444878661"/>
  <nd ref="444878663"/>
  <nd ref="12131044432"/>
  <nd ref="444878665"/>
  <nd ref="12131012000"/>
  <nd ref="10302202291"/>
  <tag k="highway" v="residential"/>
  <tag k="name" v="Ngõ 92 Trần Phú"/>
 </way>
 <way id="37871554" visible="true" version="18" changeset="183763966" timestamp="2026-06-07T05:49:00Z" user="vietnam321" uid="11196308">
  <nd ref="444394937"/>
  <nd ref="444394938"/>
  <nd ref="2189337172"/>
  <nd ref="8347638606"/>
  <nd ref="2189336867"/>
  <nd ref="2189337187"/>
  <nd ref="5710056496"/>
  <tag k="highway" v="tertiary"/>
  <tag k="lanes" v="2"/>
  <tag k="name" v="Phố Nguyễn Văn Lộc"/>
  <tag k="name:etymology:wikidata" v="Q16480408"/>
  <tag k="surface" v="asphalt"/>
 </way>
 <way id="37871563" visible="true" version="12" changeset="154092611" timestamp="2024-07-18T09:48:22Z" user="phoenixsaigon1698" uid="3323343">
  <nd ref="444394939"/>
  <nd ref="2189337170"/>
  <nd ref="6417230902"/>
  <nd ref="2189336864"/>
  <nd ref="11335073917"/>
  <nd ref="11335073924"/>
  <nd ref="2189337204"/>
  <nd ref="12006207815"/>
  <nd ref="6417235192"/>
  <nd ref="12006207812"/>
  <nd ref="3821178988"/>
  <tag k="highway" v="residential"/>
  <tag k="name" v="Phố An Hoà"/>
 </way>
 <way id="37871576" visible="true" version="5" changeset="131178454" timestamp="2023-01-12T09:26:16Z" user="Arkskyle" uid="17344224">
  <nd ref="444394932"/>
  <nd ref="6443155030"/>
  <nd ref="6443155029"/>
  <tag k="highway" v="service"/>
  <tag k="name" v="Ngõ 34 Đường Trần Phú"/>
  <tag k="service" v="alley"/>
 </way>
 <way id="37871582" visible="true" version="15" changeset="170730853" timestamp="2025-08-20T14:37:52Z" user="Hung Tran 9x0" uid="20910140">
  <nd ref="444394953"/>
  <nd ref="444878720"/>
  <nd ref="2570959070"/>
  <nd ref="13084683750"/>
  <nd ref="444878348"/>
  <nd ref="2570968293"/>
  <nd ref="12748128035"/>
  <nd ref="2570968295"/>
  <nd ref="2570968296"/>
  <nd ref="444878349"/>
  <nd ref="12131044423"/>
  <nd ref="8831773013"/>
  <nd ref="12131044414"/>
  <nd ref="12131044420"/>
  <nd ref="8831773015"/>
  <nd ref="12231229383"/>
  <tag k="highway" v="residential"/>
  <tag k="name" v="Phố Ao Sen"/>
 </way>
 <way id="37871605" visible="true" version="4" changeset="168053902" timestamp="2025-06-24T15:03:38Z" user="Hung Tran 9x0" uid="20910140">
  <nd ref="444394966"/>
  <nd ref="444394965"/>
  <nd ref="12949747828"/>
  <nd ref="12949747829"/>
  <tag k="highway" v="service"/>
  <tag k="name" v="Ngõ 4 Đường Trần Phú"/>
 </way>
 <way id="37871611" visible="true" version="7" changeset="182678648" timestamp="2026-05-15T04:53:50Z" user="Hung159" uid="22065819">
  <nd ref="444394935"/>
  <nd ref="6443155031"/>
  <tag k="highway" v="service"/>
  <tag k="name" v="Ngõ 24 Đường Trần Phú"/>
 </way>
 <way id="37871613" visible="true" version="2" changeset="1920719" timestamp="2009-07-24T02:21:40Z" user="ninomax" uid="47976">
  <nd ref="444394961"/>
  <nd ref="444394959"/>
  <tag k="highway" v="service"/>
  <tag k="name" v="Ngõ 19 Trần Phú"/>
  <tag k="service" v="alley"/>
 </way>
 <way id="37906300" visible="true" version="8" changeset="165312128" timestamp="2025-04-23T04:49:29Z" user="Hung159" uid="22065819">
  <nd ref="444878720"/>
  <nd ref="444878651"/>
  <tag k="highway" v="service"/>
  <tag k="name" v="Ngõ 1 Phố Ao Sen"/>
 </way>
 <way id="37926581" visible="true" version="9" changeset="174844936" timestamp="2025-11-19T06:47:52Z" user="Hung Tran 9x0" uid="20910140">
  <nd ref="5710058431"/>
  <nd ref="5710058432"/>
  <nd ref="5710058433"/>
  <nd ref="5710058434"/>
  <nd ref="5710058428"/>
  <nd ref="5710058436"/>
  <nd ref="5710058437"/>
  <nd ref="445223260"/>
  <nd ref="445223330"/>
  <nd ref="445223463"/>
  <nd ref="11974930013"/>
  <nd ref="445223416"/>
  <nd ref="5710512757"/>
  <nd ref="445223151"/>
  <nd ref="13315837792"/>
  <nd ref="6417220844"/>
  <nd ref="13190884486"/>
  <nd ref="6417220846"/>
  <nd ref="445223496"/>
  <tag k="highway" v="residential"/>
  <tag k="name" v="Ngõ 67 Đường Phùng Khoang"/>
 </way>
 <way id="37926613" visible="true" version="5" changeset="145096507" timestamp="2023-12-14T04:49:24Z" user="Arkskyle" uid="17344224">
  <nd ref="445223330"/>
  <nd ref="5710058421"/>
  <nd ref="445223362"/>
  <tag k="highway" v="residential"/>
 </way>
 <way id="37926616" visible="true" version="7" changeset="183902291" timestamp="2026-06-10T04:10:17Z" user="LKCuong" uid="22177075">
  <nd ref="445223328"/>
  <nd ref="445223166"/>
  <nd ref="445223233"/>
  <nd ref="445223135"/>
  <nd ref="445223333"/>
  <nd ref="445223163"/>
  <tag k="highway" v="residential"/>
 </way>
 <way id="38012663" visible="true" version="14" changeset="155644676" timestamp="2024-08-23T10:29:17Z" user="openmap-vn" uid="21213273">
  <nd ref="3219075218"/>
  <nd ref="5707368315"/>
  <nd ref="11103076269"/>
  <nd ref="11103076268"/>
  <nd ref="11103076267"/>
  <nd ref="11103076266"/>
  <nd ref="11103076265"/>
  <nd ref="444394905"/>
  <nd ref="8336894409"/>
  <nd ref="6417227890"/>
  <nd ref="11103076264"/>
  <nd ref="444394904"/>
  <nd ref="11103076263"/>
  <nd ref="11103076262"/>
  <nd ref="11103076261"/>
  <nd ref="11103076260"/>
  <nd ref="444394903"/>
  <nd ref="10898553469"/>
  <nd ref="5710058440"/>
  <nd ref="444394923"/>
  <nd ref="11393362118"/>
  <nd ref="5710058448"/>
  <nd ref="5710058447"/>
  <nd ref="12131044412"/>
  <nd ref="5710056503"/>
  <nd ref="444394922"/>
  <nd ref="10898553467"/>
  <nd ref="444394925"/>
  <nd ref="10898553468"/>
  <nd ref="10898553465"/>
  <nd ref="11974930014"/>
  <nd ref="2189337117"/>
  <nd ref="444394928"/>
  <nd ref="10302202273"/>
  <nd ref="10302224212"/>
  <nd ref="11103076259"/>
  <nd ref="11103076258"/>
  <nd ref="444394918"/>
  <tag k="highway" v="residential"/>
  <tag k="name" v="Phố Nguyễn Văn Trỗi"/>
 </way>
 <way id="38042668" visible="true" version="1" changeset="1926244" timestamp="2009-07-24T16:06:13Z" user="ninomax" uid="47976">
  <nd ref="447036972"/>
  <nd ref="447036974"/>
  <nd ref="447036976"/>
  <nd ref="447036977"/>
  <nd ref="447036979"/>
  <nd ref="447036982"/>
  <nd ref="447036987"/>
  <nd ref="447036991"/>
  <nd ref="447036999"/>
  <nd ref="447037002"/>
  <nd ref="447037008"/>
  <nd ref="447037012"/>
  <nd ref="447036972"/>
  <tag k="building" v="yes"/>
 </way>
 <way id="207318370" visible="true" version="45" changeset="183238632" timestamp="2026-05-27T06:07:17Z" user="21nekoburu" uid="24152732">
  <nd ref="10250122529"/>
  <nd ref="5875603164"/>
  <nd ref="5875603154"/>
  <nd ref="5875603148"/>
  <nd ref="5875603147"/>
  <nd ref="5875603145"/>
  <nd ref="5875603146"/>
  <nd ref="5009273660"/>
  <nd ref="6544472082"/>
  <nd ref="5009273663"/>
  <nd ref="9424945497"/>
  <nd ref="5875603150"/>
  <nd ref="5875603141"/>
  <nd ref="9424945494"/>
  <nd ref="9424945496"/>
  <nd ref="3676142304"/>
  <nd ref="5875603139"/>
  <nd ref="5875603137"/>
  <nd ref="5875603127"/>
  <nd ref="6544472083"/>
  <nd ref="3676142302"/>
  <nd ref="5875603129"/>
  <nd ref="6312842335"/>
  <nd ref="5875603131"/>
  <nd ref="13653176825"/>
  <nd ref="3676142301"/>
  <nd ref="5875603119"/>
  <nd ref="5875603121"/>
  <nd ref="3676142300"/>
  <nd ref="3676142299"/>
  <nd ref="5875603114"/>
  <nd ref="5875603116"/>
  <nd ref="13887009632"/>
  <nd ref="6544472084"/>
  <nd ref="8929105068"/>
  <nd ref="13887009631"/>
  <nd ref="5009273657"/>
  <nd ref="3676142297"/>
  <nd ref="3676142296"/>
  <nd ref="5875623874"/>
  <nd ref="5875623876"/>
  <nd ref="5875623878"/>
  <nd ref="3676142295"/>
  <nd ref="13887009630"/>
  <nd ref="5009273648"/>
  <nd ref="6819506960"/>
  <nd ref="12446761986"/>
  <nd ref="13887009627"/>
  <nd ref="5009273651"/>
  <nd ref="3676142293"/>
  <nd ref="5875603112"/>
  <nd ref="5875603110"/>
  <nd ref="5875603108"/>
  <nd ref="13887009615"/>
  <nd ref="5009272217"/>
  <nd ref="6819506959"/>
  <nd ref="5009272216"/>
  <nd ref="13887009612"/>
  <nd ref="5875603071"/>
  <nd ref="13887009611"/>
  <nd ref="5009272219"/>
  <nd ref="5009273622"/>
  <nd ref="5875603106"/>
  <nd ref="5875603103"/>
  <nd ref="5875603065"/>
  <nd ref="13887009626"/>
  <nd ref="5009273642"/>
  <nd ref="5875623880"/>
  <tag k="bridge" v="viaduct"/>
  <tag k="electrified" v="rail"/>
  <tag k="frequency" v="0"/>
  <tag k="gauge" v="1435"/>
  <tag k="layer" v="2"/>
  <tag k="maxspeed" v="80"/>
  <tag k="name" v="Đường sắt đô thị 2A Hà Nội (Phân đoạn Cát Linh - Hà Đông)"/>
  <tag k="name:en" v="Hanoi Metro Line 2A (Cat Linh - Ha Dong Section)"/>
  <tag k="name:ja" v="ハノイ・メトロ2A号線"/>
  <tag k="name:vi" v="Đường sắt đô thị 2A Hà Nội (Phân đoạn Cát Linh - Hà Đông)"/>
  <tag k="name:vi-Hani" v="塘鐵都市2A河內"/>
  <tag k="name:zh" v="河內都市鐵路2A號線"/>
  <tag k="name:zh-Hans" v="河内都市铁路2A号线"/>
  <tag k="name:zh-Hant" v="河內都市鐵路2A號線"/>
  <tag k="railway" v="subway"/>
  <tag k="railway:track_ref" v="đi Yên Nghĩa"/>
  <tag k="railway:train_protection" v="CBTC"/>
  <tag k="ref" v="T2A"/>
  <tag k="start_date" v="2021-11-06"/>
  <tag k="tracks" v="2"/>
  <tag k="usage" v="main"/>
  <tag k="voltage" v="750"/>
  <tag k="wikidata" v="Q30919856"/>
  <tag k="wikipedia" v="vi:Tuyến 2A (Đường sắt đô thị Hà Nội)"/>
 </way>
 <way id="208657278" visible="true" version="3" changeset="44071106" timestamp="2016-11-30T22:00:25Z" user="Семён Семёнов" uid="706587">
  <nd ref="2189336916"/>
  <nd ref="2189337163"/>
  <nd ref="2189337159"/>
  <nd ref="3815208327"/>
  <nd ref="2189337193"/>
  <nd ref="2189336916"/>
  <tag k="natural" v="water"/>
 </way>
 <way id="208657281" visible="true" version="5" changeset="154092611" timestamp="2024-07-18T09:48:22Z" user="phoenixsaigon1698" uid="3323343">
  <nd ref="2189337187"/>
  <nd ref="2189337111"/>
  <nd ref="2189337204"/>
  <tag k="highway" v="residential"/>
  <tag k="name" v="Ngõ 6 Phố Nguyễn Văn Lộc"/>
 </way>
 <way id="208657287" visible="true" version="4" changeset="153847313" timestamp="2024-07-12T09:40:28Z" user="phoenixsaigon1698" uid="3323343">
  <nd ref="2189337211"/>
  <nd ref="8336951416"/>
  <nd ref="2189337011"/>
  <nd ref="2189337131"/>
  <nd ref="444394931"/>
  <tag k="highway" v="residential"/>
 </way>
 <way id="208657293" visible="true" version="7" changeset="153847313" timestamp="2024-07-12T09:40:28Z" user="phoenixsaigon1698" uid="3323343">
  <nd ref="2189337025"/>
  <nd ref="2189337028"/>
  <nd ref="5707368312"/>
  <nd ref="2189337054"/>
  <nd ref="2189336943"/>
  <nd ref="11402515179"/>
  <nd ref="2189337030"/>
  <nd ref="11402515175"/>
  <nd ref="11402515142"/>
  <nd ref="2189337032"/>
  <nd ref="5707369421"/>
  <nd ref="11402515119"/>
  <nd ref="2189336897"/>
  <nd ref="2189337035"/>
  <nd ref="11402514987"/>
  <nd ref="11402514986"/>
  <nd ref="11402515036"/>
  <nd ref="2189337184"/>
  <nd ref="11402514985"/>
  <nd ref="2189337036"/>
  <nd ref="2189337210"/>
  <nd ref="2189336984"/>
  <nd ref="2189336995"/>
  <nd ref="2189336982"/>
  <tag k="highway" v="residential"/>
  <tag k="name" v="Ngõ 68 Đường 18M"/>
 </way>
 <way id="208657298" visible="true" version="6" changeset="153847313" timestamp="2024-07-12T09:40:28Z" user="phoenixsaigon1698" uid="3323343">
  <nd ref="2189337039"/>
  <nd ref="2189337040"/>
  <nd ref="12006207838"/>
  <nd ref="2189337183"/>
  <nd ref="10979075515"/>
  <nd ref="2189337041"/>
  <nd ref="2189337043"/>
  <tag k="highway" v="residential"/>
 </way>
 <way id="208657301" visible="true" version="2" changeset="136111199" timestamp="2023-05-15T07:01:51Z" user="Hoàng Tuấn Việt" uid="13707170">
  <nd ref="2189337032"/>
  <nd ref="2189337047"/>
  <nd ref="2189337045"/>
  <tag k="highway" v="service"/>
 </way>
 <way id="208657305" visible="true" version="3" changeset="144889286" timestamp="2023-12-08T06:29:14Z" user="ItsLouisAnderson" uid="11691953">
  <nd ref="2189337208"/>
  <nd ref="11402515321"/>
  <nd ref="11402515112"/>
  <nd ref="11402514895"/>
  <nd ref="2189337089"/>
  <nd ref="2189336975"/>
  <nd ref="2189336976"/>
  <nd ref="2189336977"/>
  <nd ref="2189336978"/>
  <nd ref="11402514897"/>
  <nd ref="2189337182"/>
  <tag k="highway" v="service"/>
 </way>
 <way id="208657313" visible="true" version="4" changeset="154092611" timestamp="2024-07-18T09:48:22Z" user="phoenixsaigon1698" uid="3323343">
  <nd ref="2189336864"/>
  <nd ref="2189336867"/>
  <tag k="highway" v="residential"/>
  <tag k="name" v="Ngõ 4 Phố Nguyễn Văn Lộc"/>
 </way>
 <way id="208657314" visible="true" version="4" changeset="154092022" timestamp="2024-07-18T09:34:47Z" user="phoenixsaigon1698" uid="3323343">
  <nd ref="2189337133"/>
  <nd ref="9336181519"/>
  <nd ref="9336181520"/>
  <nd ref="2189337136"/>
  <tag k="highway" v="residential"/>
 </way>
 <way id="208657315" visible="true" version="4" changeset="178325826" timestamp="2026-02-09T18:48:23Z" user="HoangQuanHDFPV" uid="22644759">
  <nd ref="2189336932"/>
  <nd ref="2189337138"/>
  <tag k="highway" v="residential"/>
  <tag k="name" v="LK6C"/>
 </way>
 <way id="208657317" visible="true" version="4" changeset="178325826" timestamp="2026-02-09T18:48:23Z" user="HoangQuanHDFPV" uid="22644759">
  <nd ref="2189337147"/>
  <nd ref="2189337181"/>
  <nd ref="2189337148"/>
  <nd ref="2189336868"/>
  <nd ref="2189337149"/>
  <tag k="highway" v="service"/>
  <tag k="name" v="16B6"/>
 </way>
 <way id="208657320" visible="true" version="7" changeset="178325826" timestamp="2026-02-09T18:48:23Z" user="HoangQuanHDFPV" uid="22644759">
  <nd ref="5710056500"/>
  <nd ref="5707368314"/>
  <nd ref="2189337016"/>
  <nd ref="2189337021"/>
  <nd ref="2189336897"/>
  <tag k="highway" v="residential"/>
  <tag k="name" v="16A1"/>
 </way>
 <way id="208657322" visible="true" version="8" changeset="178325826" timestamp="2026-02-09T18:48:23Z" user="HoangQuanHDFPV" uid="22644759">
  <nd ref="2189337194"/>
  <nd ref="2189337200"/>
  <tag k="highway" v="residential"/>
  <tag k="name" v="Ngõ Dâu"/>
 </way>
 <way id="208657324" visible="true" version="6" changeset="178325826" timestamp="2026-02-09T18:48:23Z" user="HoangQuanHDFPV" uid="22644759">
  <nd ref="2189337153"/>
  <nd ref="2189337154"/>
  <nd ref="8831773014"/>
  <nd ref="2189337155"/>
  <tag k="highway" v="service"/>
 </way>
 <way id="208657334" visible="true" version="4" changeset="178325826" timestamp="2026-02-09T18:48:23Z" user="HoangQuanHDFPV" uid="22644759">
  <nd ref="2189336961"/>
  <nd ref="2189336968"/>
  <tag k="highway" v="service"/>
  <tag k="name" v="Ngõ 8 Phố Nguyễn Văn Lộc"/>
 </way>
 <way id="208657335" visible="true" version="5" changeset="178325826" timestamp="2026-02-09T18:48:23Z" user="HoangQuanHDFPV" uid="22644759">
  <nd ref="2189337141"/>
  <nd ref="2189336895"/>
  <tag k="highway" v="residential"/>
  <tag k="name" v="LK6B"/>
 </way>
 <way id="208657337" visible="true" version="3" changeset="144889286" timestamp="2023-12-08T06:29:14Z" user="ItsLouisAnderson" uid="11691953">
  <nd ref="4538570277"/>
  <nd ref="2189337214"/>
  <nd ref="2189337215"/>
  <nd ref="4538570276"/>
  <nd ref="2189337216"/>
  <nd ref="2189337142"/>
  <nd ref="4538570275"/>
  <nd ref="4538570274"/>
  <nd ref="2189337213"/>
  <nd ref="4538570277"/>
  <tag k="name" v="Ao Mỗ Lao"/>
  <tag k="natural" v="water"/>
  <tag k="water" v="lake"/>
 </way>
 <way id="208657340" visible="true" version="5" changeset="136111199" timestamp="2023-05-15T07:01:51Z" user="Hoàng Tuấn Việt" uid="13707170">
  <nd ref="2189336878"/>
  <nd ref="2189337185"/>
  <nd ref="2189337150"/>
  <nd ref="2189336881"/>
  <nd ref="7190559223"/>
  <nd ref="2189336874"/>
  <tag k="highway" v="service"/>
 </way>
 <way id="208657342" visible="true" version="2" changeset="136111199" timestamp="2023-05-15T07:01:51Z" user="Hoàng Tuấn Việt" uid="13707170">
  <nd ref="2189336871"/>
  <nd ref="2189337145"/>
  <tag k="highway" v="service"/>
 </way>
 <way id="208657344" visible="true" version="6" changeset="178325826" timestamp="2026-02-09T18:48:23Z" user="HoangQuanHDFPV" uid="22644759">
  <nd ref="2189336883"/>
  <nd ref="2189336902"/>
  <nd ref="5710058449"/>
  <nd ref="2189336930"/>
  <tag k="highway" v="residential"/>
  <tag k="name" v="16B1"/>
 </way>
 <way id="208657347" visible="true" version="4" changeset="154092611" timestamp="2024-07-18T09:48:22Z" user="phoenixsaigon1698" uid="3323343">
  <nd ref="2189337170"/>
  <nd ref="2189337172"/>
  <tag k="highway" v="residential"/>
  <tag k="name" v="Ngõ 2 Phố Nguyễn Văn Lộc"/>
 </way>
 <way id="208657353" visible="true" version="9" changeset="178325826" timestamp="2026-02-09T18:48:23Z" user="HoangQuanHDFPV" uid="22644759">
  <nd ref="2189337165"/>
  <nd ref="2189336895"/>
  <nd ref="2189337138"/>
  <nd ref="2189337133"/>
  <nd ref="2189336888"/>
  <nd ref="2189336890"/>
  <nd ref="2189336923"/>
  <nd ref="2189337097"/>
  <nd ref="2189337102"/>
  <tag k="highway" v="residential"/>
  <tag k="name" v="LK6A"/>
 </way>
 <way id="208657355" visible="true" version="5" changeset="167515746" timestamp="2025-06-12T04:16:12Z" user="phoenixsaigon1698" uid="3323343">
  <nd ref="2189336936"/>
  <nd ref="12908782869"/>
  <nd ref="2189336902"/>
  <tag k="highway" v="residential"/>
 </way>
 <way id="208657357" visible="true" version="3" changeset="144889286" timestamp="2023-12-08T06:29:14Z" user="ItsLouisAnderson" uid="11691953">
  <nd ref="2189336978"/>
  <nd ref="11402514896"/>
  <nd ref="2189336979"/>
  <tag k="highway" v="service"/>
 </way>
 <way id="239370942" visible="true" version="38" changeset="183763966" timestamp="2026-06-07T05:38:36Z" user="vietnam321" uid="11196308">
  <nd ref="10898553463"/>
  <nd ref="12353835290"/>
  <nd ref="5710591077"/>
  <nd ref="13653176828"/>
  <nd ref="5710591078"/>
  <nd ref="444394966"/>
  <nd ref="8831514629"/>
  <nd ref="5710591080"/>
  <nd ref="444394961"/>
  <nd ref="6417241463"/>
  <nd ref="444394939"/>
  <nd ref="6677230864"/>
  <nd ref="444394937"/>
  <tag k="highway" v="trunk"/>
  <tag k="lanes" v="5"/>
  <tag k="lit" v="yes"/>
  <tag k="maxspeed" v="60"/>
  <tag k="name" v="Đường Trần Phú"/>
  <tag k="name:en" v="Tran Phu Road"/>
  <tag k="name:etymology:wikidata" v="Q4507024"/>
  <tag k="oneway" v="yes"/>
  <tag k="ref" v="QL.6"/>
  <tag k="surface" v="asphalt"/>
  <tag k="wikidata" v="Q2006553"/>
  <tag k="wikipedia" v="vi:Quốc lộ 6"/>
 </way>
 <way id="250706670" visible="true" version="3" changeset="165312128" timestamp="2025-04-23T04:49:29Z" user="Hung159" uid="22065819">
  <nd ref="2570959069"/>
  <nd ref="2570959070"/>
  <tag k="highway" v="service"/>
  <tag k="horse" v="no"/>
  <tag k="name" v="Ngõ 2 Phố Ao Sen"/>
  <tag k="oneway" v="no"/>
 </way>
 <way id="250707325" visible="true" version="3" changeset="165312128" timestamp="2025-04-23T04:49:29Z" user="Hung159" uid="22065819">
  <nd ref="444878654"/>
  <nd ref="444878348"/>
  <tag k="highway" v="service"/>
  <tag k="name" v="Ngõ 3 Phố Ao Sen"/>
 </way>
 <way id="250707326" visible="true" version="3" changeset="165312128" timestamp="2025-04-23T04:49:29Z" user="Hung159" uid="22065819">
  <nd ref="2570968292"/>
  <nd ref="2570968293"/>
  <tag k="highway" v="service"/>
  <tag k="name" v="Ngõ 4 Phố Ao Sen"/>
 </way>
 <way id="250707327" visible="true" version="3" changeset="165312128" timestamp="2025-04-23T04:49:29Z" user="Hung159" uid="22065819">
  <nd ref="2570968294"/>
  <nd ref="2570968295"/>
  <tag k="highway" v="service"/>
  <tag k="name" v="Ngõ 5 Phố Ao Sen"/>
 </way>
 <way id="250707328" visible="true" version="3" changeset="165312128" timestamp="2025-04-23T04:49:29Z" user="Hung159" uid="22065819">
  <nd ref="444878659"/>
  <nd ref="2570968296"/>
  <tag k="highway" v="service"/>
  <tag k="name" v="Ngõ 6 Phố Ao Sen"/>
 </way>
 <way id="250707329" visible="true" version="4" changeset="175986495" timestamp="2025-12-16T03:36:12Z" user="GrabVN_Dang" uid="21825913">
  <nd ref="444878661"/>
  <nd ref="444878349"/>
  <tag k="highway" v="residential"/>
  <tag k="name" v="Ngõ 7 Phố Ao Sen"/>
 </way>
 <way id="250707370" visible="true" version="8" changeset="183763966" timestamp="2026-06-07T05:49:00Z" user="vietnam321" uid="11196308">
  <nd ref="2570968737"/>
  <nd ref="444394937"/>
  <tag k="highway" v="tertiary"/>
  <tag k="lanes" v="2"/>
  <tag k="lit" v="yes"/>
  <tag k="name" v="Phố Nguyễn Văn Lộc"/>
  <tag k="name:etymology:wikidata" v="Q16480408"/>
  <tag k="surface" v="asphalt"/>
 </way>
 <way id="377599251" visible="true" version="1" changeset="34969656" timestamp="2015-10-30T10:53:30Z" user="Yevgeny Pi" uid="440914">
  <nd ref="3809778688"/>
  <nd ref="3809778689"/>
  <nd ref="3809778690"/>
  <nd ref="3809778691"/>
  <nd ref="3809778692"/>
  <nd ref="3809778693"/>
  <nd ref="3809778694"/>
  <nd ref="3809778695"/>
  <nd ref="3809778696"/>
  <nd ref="3809778697"/>
  <nd ref="3809778698"/>
  <nd ref="3809778699"/>
  <nd ref="3809778700"/>
  <nd ref="3809778701"/>
  <nd ref="3809778702"/>
  <nd ref="3809778703"/>
  <nd ref="3809778704"/>
  <nd ref="3809778705"/>
  <nd ref="3809778706"/>
  <nd ref="3809778707"/>
  <nd ref="3809778708"/>
  <nd ref="3809778709"/>
  <nd ref="3809778710"/>
  <nd ref="3809778711"/>
  <nd ref="3809778712"/>
  <nd ref="3809778713"/>
  <nd ref="3809778714"/>
  <nd ref="3809778715"/>
  <nd ref="3809778716"/>
  <nd ref="3809778717"/>
  <nd ref="3809778718"/>
  <nd ref="3809778719"/>
  <nd ref="3809778720"/>
  <nd ref="3809778721"/>
  <nd ref="3809778722"/>
  <nd ref="3809778723"/>
  <nd ref="3809778724"/>
  <nd ref="3809778725"/>
  <nd ref="3809778726"/>
  <nd ref="3809778727"/>
  <nd ref="3809778688"/>
  <tag k="natural" v="water"/>
  <tag k="water" v="lake"/>
 </way>
 <way id="378105710" visible="true" version="1" changeset="35051216" timestamp="2015-11-03T08:55:15Z" user="Yevgeny Pi" uid="440914">
  <nd ref="2189337193"/>
  <nd ref="3815208322"/>
  <nd ref="3815208323"/>
  <nd ref="3815208324"/>
  <nd ref="3815208325"/>
  <nd ref="3815208326"/>
  <nd ref="2189337159"/>
  <nd ref="3815208327"/>
  <nd ref="2189337193"/>
  <tag k="natural" v="water"/>
  <tag k="water" v="lake"/>
 </way>
 <way id="378105791" visible="true" version="2" changeset="130535343" timestamp="2022-12-27T00:17:33Z" user="Haris IRM-ED" uid="12027858">
  <nd ref="3815208473"/>
  <nd ref="10288525287"/>
  <nd ref="10288525286"/>
  <nd ref="10288525285"/>
  <nd ref="3815208474"/>
  <nd ref="3815208475"/>
  <nd ref="3815208476"/>
  <nd ref="3815208477"/>
  <nd ref="3815208478"/>
  <nd ref="3815208479"/>
  <nd ref="3815208480"/>
  <nd ref="3815208481"/>
  <nd ref="3815208482"/>
  <nd ref="3815208483"/>
  <nd ref="3815208484"/>
  <nd ref="3815208485"/>
  <nd ref="3815208486"/>
  <nd ref="3815208473"/>
  <tag k="natural" v="water"/>
  <tag k="water" v="lake"/>
 </way>
 <way id="378697571" visible="true" version="7" changeset="178325826" timestamp="2026-02-09T18:48:23Z" user="HoangQuanHDFPV" uid="22644759">
  <nd ref="3821178987"/>
  <nd ref="3821178988"/>
  <tag k="highway" v="residential"/>
  <tag k="name" v="LK6C"/>
 </way>
 <way id="378697599" visible="true" version="6" changeset="178325826" timestamp="2026-02-09T18:48:23Z" user="HoangQuanHDFPV" uid="22644759">
  <nd ref="4736515098"/>
  <nd ref="4740642392"/>
  <nd ref="3821180082"/>
  <tag k="highway" v="residential"/>
 </way>
 <way id="399825450" visible="true" version="16" changeset="183763966" timestamp="2026-06-07T05:48:18Z" user="vietnam321" uid="11196308">
  <nd ref="2189336899"/>
  <nd ref="3219075218"/>
  <nd ref="2189337016"/>
  <nd ref="2189336883"/>
  <nd ref="2189337045"/>
  <nd ref="2189336938"/>
  <tag k="highway" v="secondary"/>
  <tag k="lanes" v="3"/>
  <tag k="name" v="Phố Vũ Trọng Khánh"/>
  <tag k="name:etymology:wikidata" v="Q10833920"/>
  <tag k="oneway" v="yes"/>
  <tag k="surface" v="asphalt"/>
 </way>
 <way id="399825862" visible="true" version="2" changeset="44071106" timestamp="2016-11-30T22:00:48Z" user="Семён Семёнов" uid="706587">
  <nd ref="4025077317"/>
  <nd ref="4025077318"/>
  <nd ref="4025077319"/>
  <nd ref="4025077320"/>
  <nd ref="4025077317"/>
  <tag k="landuse" v="residential"/>
  <tag k="name" v="KĐT Bắc Hà"/>
 </way>
 <way id="399844679" visible="true" version="14" changeset="146012992" timestamp="2024-01-08T03:20:31Z" user="Hai TM" uid="17447908">
  <nd ref="444394888"/>
  <nd ref="10097990467"/>
  <nd ref="444878351"/>
  <nd ref="7432990802"/>
  <nd ref="4025232650"/>
  <nd ref="4025232651"/>
  <nd ref="4025232653"/>
  <nd ref="4025232654"/>
  <nd ref="4025232655"/>
  <nd ref="9398556329"/>
  <nd ref="4025232656"/>
  <nd ref="4025232657"/>
  <nd ref="11373045934"/>
  <tag k="highway" v="residential"/>
  <tag k="layer" v="1"/>
  <tag k="name" v="Phố Đại An"/>
  <tag k="surface" v="asphalt"/>
 </way>
 <way id="399845024" visible="true" version="9" changeset="155186798" timestamp="2024-08-13T09:48:27Z" user="phoenixsaigon1698" uid="3323343">
  <nd ref="4025242586"/>
  <nd ref="10097990468"/>
  <nd ref="5875636928"/>
  <nd ref="12107908279"/>
  <nd ref="4025242587"/>
  <nd ref="5710675029"/>
  <nd ref="12107908278"/>
  <nd ref="4025242588"/>
  <tag k="highway" v="service"/>
  <tag k="surface" v="asphalt"/>
 </way>
 <way id="399848102" visible="true" version="8" changeset="155870893" timestamp="2024-08-28T09:47:02Z" user="phoenixsaigon1698" uid="3323343">
  <nd ref="4025271093"/>
  <nd ref="12093593072"/>
  <nd ref="4025271094"/>
  <nd ref="8831513334"/>
  <nd ref="4277861297"/>
  <nd ref="4025271095"/>
  <nd ref="4025271096"/>
  <nd ref="11445421689"/>
  <nd ref="4025271097"/>
  <nd ref="11445421688"/>
  <nd ref="11445421686"/>
  <nd ref="11445421687"/>
  <nd ref="12141734728"/>
  <nd ref="11445421685"/>
  <nd ref="11445421682"/>
  <nd ref="11445421684"/>
  <nd ref="11445421683"/>
  <nd ref="11445421681"/>
  <nd ref="11445421680"/>
  <nd ref="4025271093"/>
  <tag k="landuse" v="residential"/>
  <tag k="name" v="Khu đô thị Văn Quán"/>
 </way>
 <way id="402425887" visible="true" version="11" changeset="183763966" timestamp="2026-06-07T05:49:00Z" user="vietnam321" uid="11196308">
  <nd ref="12725862755"/>
  <nd ref="2189336943"/>
  <nd ref="11402515180"/>
  <nd ref="11402515184"/>
  <nd ref="2189336946"/>
  <nd ref="5707368291"/>
  <nd ref="11402515246"/>
  <nd ref="2189336869"/>
  <nd ref="11402515264"/>
  <nd ref="11402515267"/>
  <nd ref="11402515275"/>
  <nd ref="2189336959"/>
  <nd ref="2189337205"/>
  <nd ref="11402515285"/>
  <nd ref="11402515287"/>
  <nd ref="11402515301"/>
  <nd ref="11402515300"/>
  <nd ref="2189336979"/>
  <nd ref="2189337180"/>
  <nd ref="2189337206"/>
  <nd ref="11402515047"/>
  <nd ref="2189337207"/>
  <nd ref="11402515329"/>
  <nd ref="11402515046"/>
  <nd ref="2189337208"/>
  <nd ref="11402515048"/>
  <nd ref="2189337209"/>
  <nd ref="11402515044"/>
  <nd ref="11402515049"/>
  <nd ref="2189337210"/>
  <nd ref="11402515045"/>
  <nd ref="2189337211"/>
  <nd ref="444394907"/>
  <tag k="highway" v="tertiary"/>
  <tag k="name" v="Phố Nguyễn Văn Lộc"/>
  <tag k="name:etymology:wikidata" v="Q16480408"/>
 </way>
 <way id="457932516" visible="true" version="9" changeset="178325826" timestamp="2026-02-09T18:48:23Z" user="HoangQuanHDFPV" uid="22644759">
  <nd ref="2189337165"/>
  <nd ref="5707271718"/>
  <nd ref="5710056502"/>
  <nd ref="2189337199"/>
  <tag k="highway" v="residential"/>
  <tag k="name" v="Đường vào Mulberry"/>
 </way>
 <way id="458067172" visible="true" version="12" changeset="183763966" timestamp="2026-06-07T05:48:18Z" user="vietnam321" uid="11196308">
  <nd ref="2189336941"/>
  <nd ref="2189337047"/>
  <nd ref="2189337021"/>
  <nd ref="444394907"/>
  <tag k="highway" v="secondary"/>
  <tag k="lanes" v="3"/>
  <tag k="name" v="Phố Vũ Trọng Khánh"/>
  <tag k="name:etymology:wikidata" v="Q10833920"/>
  <tag k="oneway" v="yes"/>
  <tag k="surface" v="asphalt"/>
 </way>
 <way id="480680319" visible="true" version="11" changeset="182419015" timestamp="2026-05-09T10:56:38Z" user="b-jazz-bot" uid="9451067">
  <nd ref="4736479743"/>
  <nd ref="4736479744"/>
  <nd ref="4736479751"/>
  <nd ref="4736479750"/>
  <nd ref="4736479749"/>
  <nd ref="4736479745"/>
  <nd ref="4736479748"/>
  <nd ref="8334164574"/>
  <nd ref="5710056504"/>
  <nd ref="4736479746"/>
  <nd ref="4736479747"/>
  <nd ref="4736479752"/>
  <nd ref="4736479743"/>
  <tag k="addr:city" v="Hà Nội"/>
  <tag k="addr:district" v="Hà Đông"/>
  <tag k="addr:housenumber" v="Km 10"/>
  <tag k="addr:postcode" v="100000"/>
  <tag k="addr:street" v="Nguyễn Trãi"/>
  <tag k="addr:subdistrict" v="Mộ Lao"/>
  <tag k="amenity" v="university"/>
  <tag k="education" v="university"/>
  <tag k="internet_access" v="yes"/>
  <tag k="internet_access:fee" v="no"/>
  <tag k="internet_access:ssid" v="PTIT_"/>
  <tag k="name" v="Học viện Công nghệ Bưu chính Viễn thông"/>
  <tag k="name:en" v="Posts and Telecommunications Institute of Technology"/>
  <tag k="name:vi" v="Học viện Công nghệ Bưu chính Viễn thông"/>
  <tag k="website" v="https://www.ptit.edu.vn/"/>
  <tag k="wikidata" v="Q10771881"/>
  <tag k="wikipedia" v="en:Posts and Telecommunications Institute of Technology"/>
 </way>
 <way id="480685025" visible="true" version="5" changeset="154092337" timestamp="2024-07-18T09:42:31Z" user="phoenixsaigon1698" uid="3323343">
  <nd ref="4740642392"/>
  <nd ref="4736515100"/>
  <tag k="highway" v="service"/>
  <tag k="motorcar" v="no"/>
  <tag k="motorcycle" v="yes"/>
  <tag k="service" v="alley"/>
 </way>
 <way id="480685203" visible="true" version="5" changeset="153105689" timestamp="2024-06-24T10:37:33Z" user="openmap-vn" uid="21213273">
  <nd ref="4736520749"/>
  <nd ref="4736520750"/>
  <nd ref="12006207810"/>
  <nd ref="5710056517"/>
  <nd ref="5710056516"/>
  <nd ref="5710056515"/>
  <nd ref="5710056514"/>
  <tag k="highway" v="service"/>
 </way>
 <way id="481119279" visible="true" version="4" changeset="178325826" timestamp="2026-02-09T18:48:23Z" user="HoangQuanHDFPV" uid="22644759">
  <nd ref="3821178988"/>
  <nd ref="4740642391"/>
  <nd ref="4736515098"/>
  <tag k="highway" v="residential"/>
  <tag k="name" v="LK6B"/>
 </way>
 <way id="600057060" visible="true" version="5" changeset="178325826" timestamp="2026-02-09T18:48:23Z" user="HoangQuanHDFPV" uid="22644759">
  <nd ref="5707272826"/>
  <nd ref="5707272823"/>
  <nd ref="5707272822"/>
  <nd ref="5707272821"/>
  <nd ref="5707271720"/>
  <nd ref="5707271719"/>
  <nd ref="5707271718"/>
  <tag k="highway" v="residential"/>
  <tag k="name" v="LK11A"/>
 </way>
 <way id="600057061" visible="true" version="6" changeset="178325826" timestamp="2026-02-09T18:48:23Z" user="HoangQuanHDFPV" uid="22644759">
  <nd ref="8336906299"/>
  <nd ref="5707272824"/>
  <nd ref="5707272826"/>
  <tag k="highway" v="residential"/>
  <tag k="name" v="LK11B"/>
 </way>
 <way id="600057062" visible="true" version="6" changeset="178325826" timestamp="2026-02-09T18:48:23Z" user="HoangQuanHDFPV" uid="22644759">
  <nd ref="2189337183"/>
  <nd ref="5707272830"/>
  <nd ref="5707272829"/>
  <nd ref="5707272828"/>
  <nd ref="12121728911"/>
  <nd ref="2189337108"/>
  <nd ref="5707272826"/>
  <tag k="highway" v="residential"/>
 </way>
 <way id="600075779" visible="true" version="3" changeset="154092337" timestamp="2024-07-18T09:42:31Z" user="phoenixsaigon1698" uid="3323343">
  <nd ref="5707368315"/>
  <nd ref="5707368314"/>
  <tag k="highway" v="residential"/>
 </way>
 <way id="600075788" visible="true" version="3" changeset="144889286" timestamp="2023-12-08T06:29:14Z" user="ItsLouisAnderson" uid="11691953">
  <nd ref="5707369421"/>
  <nd ref="5707368320"/>
  <nd ref="11402498958"/>
  <nd ref="11402515131"/>
  <nd ref="11402498957"/>
  <nd ref="11402514897"/>
  <tag k="highway" v="service"/>
 </way>
 <way id="600075790" visible="true" version="5" changeset="167039277" timestamp="2025-06-01T08:21:30Z" user="Hung Tran 9x0" uid="20910140">
  <nd ref="5707272830"/>
  <nd ref="12878602007"/>
  <tag k="highway" v="residential"/>
 </way>
 <way id="600505967" visible="true" version="10" changeset="179173295" timestamp="2026-02-28T14:38:53Z" user="Hung Tran 9x0" uid="20910140">
  <nd ref="2189337156"/>
  <nd ref="8334211926"/>
  <nd ref="5710056496"/>
  <tag k="alt_name" v="Ngõ 58 Phố Ao Sen"/>
  <tag k="highway" v="residential"/>
  <tag k="name" v="Ngõ 19 Nguyễn Văn Lộc"/>
 </way>
 <way id="600505968" visible="true" version="3" changeset="178325826" timestamp="2026-02-09T18:48:23Z" user="HoangQuanHDFPV" uid="22644759">
  <nd ref="5710056499"/>
  <nd ref="5710056498"/>
  <nd ref="2189337149"/>
  <tag k="highway" v="service"/>
  <tag k="name" v="16B6"/>
 </way>
 <way id="600505970" visible="true" version="3" changeset="136111199" timestamp="2023-05-15T07:01:51Z" user="Hoàng Tuấn Việt" uid="13707170">
  <nd ref="10003470906"/>
  <nd ref="5710056499"/>
  <nd ref="2189336878"/>
  <tag k="highway" v="service"/>
 </way>
 <way id="600505972" visible="true" version="3" changeset="178325826" timestamp="2026-02-09T18:48:23Z" user="HoangQuanHDFPV" uid="22644759">
  <nd ref="444394903"/>
  <nd ref="2189337149"/>
  <tag k="highway" v="service"/>
 </way>
 <way id="600505975" visible="true" version="3" changeset="178325826" timestamp="2026-02-09T18:48:23Z" user="HoangQuanHDFPV" uid="22644759">
  <nd ref="2189337147"/>
  <nd ref="5710056503"/>
  <tag k="highway" v="service"/>
  <tag k="name" v="16B3"/>
 </way>
 <way id="600505979" visible="true" version="2" changeset="136111199" timestamp="2023-05-15T07:01:51Z" user="Hoàng Tuấn Việt" uid="13707170">
  <nd ref="5710056507"/>
  <nd ref="5710056506"/>
  <tag k="highway" v="service"/>
 </way>
 <way id="600505982" visible="true" version="6" changeset="183454183" timestamp="2026-05-31T15:30:03Z" user="Duy Hung Vu" uid="24026663">
  <nd ref="2189337204"/>
  <nd ref="5710056513"/>
  <nd ref="5710056512"/>
  <nd ref="12006207816"/>
  <nd ref="5710056511"/>
  <nd ref="5710056510"/>
  <nd ref="5710056509"/>
  <tag k="highway" v="service"/>
  <tag k="name" v="Ngõ 46 Phố An Hòa"/>
 </way>
 <way id="600505986" visible="true" version="3" changeset="139772642" timestamp="2023-08-12T04:14:35Z" user="Hoàng Tuấn Việt" uid="13707170">
  <nd ref="5710058422"/>
  <nd ref="10005545155"/>
  <nd ref="5710058421"/>
  <tag k="highway" v="service"/>
 </way>
 <way id="600505988" visible="true" version="3" changeset="139772642" timestamp="2023-08-12T04:14:35Z" user="Hoàng Tuấn Việt" uid="13707170">
  <nd ref="5710058424"/>
  <nd ref="5710058422"/>
  <nd ref="5710058423"/>
  <nd ref="10005545153"/>
  <nd ref="10005545154"/>
  <nd ref="10005545155"/>
  <tag k="highway" v="service"/>
 </way>
 <way id="600505990" visible="true" version="8" changeset="170810696" timestamp="2025-08-22T05:54:05Z" user="Hung Tran 9x0" uid="20910140">
  <nd ref="445223362"/>
  <nd ref="5710058426"/>
  <nd ref="5710058424"/>
  <nd ref="5710056514"/>
  <nd ref="5710058427"/>
  <nd ref="5710058430"/>
  <nd ref="5710058425"/>
  <tag k="highway" v="residential"/>
 </way>
 <way id="600505992" visible="true" version="3" changeset="152578294" timestamp="2024-06-12T09:26:11Z" user="phoenixsaigon1698" uid="3323343">
  <nd ref="2189336907"/>
  <nd ref="5710058427"/>
  <tag k="highway" v="residential"/>
 </way>
 <way id="600505994" visible="true" version="6" changeset="174005768" timestamp="2025-10-31T06:39:23Z" user="Hung Tran 9x0" uid="20910140">
  <nd ref="5710058427"/>
  <nd ref="5710056518"/>
  <nd ref="5710056519"/>
  <nd ref="5710058429"/>
  <nd ref="5710058431"/>
  <tag k="highway" v="residential"/>
 </way>
 <way id="600505995" visible="true" version="3" changeset="145096507" timestamp="2023-12-14T04:49:24Z" user="Arkskyle" uid="17344224">
  <nd ref="5710058430"/>
  <nd ref="5710058429"/>
  <nd ref="5710058428"/>
  <tag k="highway" v="residential"/>
 </way>
 <way id="600505997" visible="true" version="3" changeset="154092337" timestamp="2024-07-18T09:42:31Z" user="phoenixsaigon1698" uid="3323343">
  <nd ref="5710058438"/>
  <nd ref="4736515098"/>
  <tag k="highway" v="service"/>
 </way>
 <way id="600506000" visible="true" version="2" changeset="136111199" timestamp="2023-05-15T07:01:51Z" user="Hoàng Tuấn Việt" uid="13707170">
  <nd ref="5710058446"/>
  <nd ref="5710058445"/>
  <nd ref="5710058444"/>
  <nd ref="5710058443"/>
  <nd ref="5710058442"/>
  <nd ref="5710058441"/>
  <nd ref="5710058440"/>
  <tag k="highway" v="service"/>
 </way>
 <way id="600508975" visible="true" version="3" changeset="154092611" timestamp="2024-07-18T09:48:22Z" user="phoenixsaigon1698" uid="3323343">
  <nd ref="5710078137"/>
  <nd ref="445223304"/>
  <tag k="highway" v="residential"/>
 </way>
 <way id="600508976" visible="true" version="5" changeset="154092611" timestamp="2024-07-18T09:48:22Z" user="phoenixsaigon1698" uid="3323343">
  <nd ref="5710078139"/>
  <nd ref="5710078138"/>
  <tag k="highway" v="residential"/>
 </way>
 <way id="600508979" visible="true" version="11" changeset="178325826" timestamp="2026-02-09T18:48:23Z" user="HoangQuanHDFPV" uid="22644759">
  <nd ref="8336963141"/>
  <nd ref="2189337165"/>
  <tag k="highway" v="residential"/>
  <tag k="name" v="LK6A"/>
 </way>
 <way id="600590059" visible="true" version="4" changeset="154092611" timestamp="2024-07-18T09:48:22Z" user="phoenixsaigon1698" uid="3323343">
  <nd ref="5710078138"/>
  <nd ref="12006188566"/>
  <nd ref="5710512756"/>
  <tag k="highway" v="residential"/>
 </way>
 <way id="600590060" visible="true" version="3" changeset="154092611" timestamp="2024-07-18T09:48:22Z" user="phoenixsaigon1698" uid="3323343">
  <nd ref="445223163"/>
  <nd ref="5710078137"/>
  <tag k="highway" v="residential"/>
 </way>
 <way id="600590062" visible="true" version="5" changeset="174005768" timestamp="2025-10-31T06:39:23Z" user="Hung Tran 9x0" uid="20910140">
  <nd ref="5710512757"/>
  <nd ref="445223163"/>
  <nd ref="5710512756"/>
  <tag k="highway" v="residential"/>
  <tag k="motorcycle" v="yes"/>
  <tag k="motor_vehicle" v="no"/>
 </way>
 <way id="600590064" visible="true" version="4" changeset="174005768" timestamp="2025-10-31T06:39:23Z" user="Hung Tran 9x0" uid="20910140">
  <nd ref="445223416"/>
  <nd ref="5710078137"/>
  <nd ref="13271692317"/>
  <nd ref="5710078138"/>
  <tag k="highway" v="residential"/>
 </way>
 <way id="600604726" visible="true" version="2" changeset="132454962" timestamp="2023-02-12T17:07:46Z" user="Mapping_95" uid="10498092">
  <nd ref="5710591079"/>
  <nd ref="10652239229"/>
  <nd ref="5710591078"/>
  <tag k="highway" v="service"/>
 </way>
 <way id="600604728" visible="true" version="3" changeset="168513020" timestamp="2025-07-05T08:26:52Z" user="GrabVN_QThoai" uid="15740602">
  <nd ref="5710591080"/>
  <nd ref="12979411196"/>
  <nd ref="5710591081"/>
  <nd ref="5710591082"/>
  <nd ref="5710591083"/>
  <nd ref="8831514633"/>
  <nd ref="8831514632"/>
  <nd ref="8831514631"/>
  <nd ref="8831514630"/>
  <nd ref="12979411195"/>
  <nd ref="8831514629"/>
  <tag k="highway" v="service"/>
  <tag k="oneway" v="yes"/>
 </way>
 <way id="600604741" visible="true" version="3" changeset="152578294" timestamp="2024-06-12T09:26:11Z" user="phoenixsaigon1698" uid="3323343">
  <nd ref="5710591101"/>
  <nd ref="5710591103"/>
  <nd ref="5710591100"/>
  <tag k="highway" v="service"/>
 </way>
 <way id="600604756" visible="true" version="3" changeset="154092611" timestamp="2024-07-18T09:48:22Z" user="phoenixsaigon1698" uid="3323343">
  <nd ref="5710591531"/>
  <nd ref="5710591102"/>
  <nd ref="5710591541"/>
  <tag k="highway" v="residential"/>
 </way>
 <way id="600604757" visible="true" version="5" changeset="154092611" timestamp="2024-07-18T09:48:22Z" user="phoenixsaigon1698" uid="3323343">
  <nd ref="5710591534"/>
  <nd ref="5710591533"/>
  <nd ref="5710591532"/>
  <nd ref="5710591103"/>
  <tag k="highway" v="residential"/>
 </way>
 <way id="600604758" visible="true" version="3" changeset="154092611" timestamp="2024-07-18T09:48:22Z" user="phoenixsaigon1698" uid="3323343">
  <nd ref="5710591539"/>
  <nd ref="5710591538"/>
  <nd ref="5710591537"/>
  <nd ref="445223416"/>
  <tag k="highway" v="residential"/>
 </way>
 <way id="600604759" visible="true" version="6" changeset="172797185" timestamp="2025-10-03T15:12:18Z" user="Hung159" uid="22065819">
  <nd ref="5710591542"/>
  <nd ref="13190884487"/>
  <nd ref="5710591093"/>
  <nd ref="5710591529"/>
  <nd ref="5710591541"/>
  <nd ref="5710591100"/>
  <nd ref="5710591540"/>
  <tag k="highway" v="residential"/>
  <tag k="name" v="Ngách 67/61 Đường Phùng Khoang"/>
 </way>
 <way id="600604760" visible="true" version="5" changeset="162559221" timestamp="2025-02-16T06:04:30Z" user="Hung Tran 9x0" uid="20910140">
  <nd ref="4736520747"/>
  <nd ref="12592386979"/>
  <nd ref="5710591099"/>
  <nd ref="11335073918"/>
  <tag k="highway" v="service"/>
 </way>
 <way id="620096831" visible="true" version="28" changeset="183238632" timestamp="2026-05-27T06:07:17Z" user="21nekoburu" uid="24152732">
  <nd ref="6819506958"/>
  <nd ref="13887009625"/>
  <nd ref="5858990650"/>
  <nd ref="5875603064"/>
  <nd ref="5858990367"/>
  <nd ref="13887009616"/>
  <nd ref="5875603104"/>
  <nd ref="13887009617"/>
  <nd ref="5858990602"/>
  <nd ref="5875603105"/>
  <nd ref="13887009608"/>
  <nd ref="5858990620"/>
  <nd ref="5875603070"/>
  <nd ref="13887009609"/>
  <nd ref="5858990638"/>
  <nd ref="13887009610"/>
  <nd ref="5875603073"/>
  <nd ref="13887009613"/>
  <nd ref="5858990590"/>
  <nd ref="6544495085"/>
  <nd ref="5858990608"/>
  <nd ref="13887009614"/>
  <nd ref="5875603107"/>
  <nd ref="5911113953"/>
  <nd ref="5875603109"/>
  <nd ref="5875603111"/>
  <nd ref="5858990626"/>
  <nd ref="13887009628"/>
  <nd ref="5858990644"/>
  <nd ref="6819506961"/>
  <nd ref="13887009629"/>
  <nd ref="5858990595"/>
  <nd ref="5875623877"/>
  <nd ref="5875623875"/>
  <nd ref="5858990613"/>
  <nd ref="5858990631"/>
  <nd ref="5858990649"/>
  <nd ref="6819506962"/>
  <nd ref="13887009633"/>
  <nd ref="5875603117"/>
  <nd ref="5875603115"/>
  <nd ref="5858990601"/>
  <nd ref="5858990619"/>
  <nd ref="5875603120"/>
  <nd ref="5875603118"/>
  <nd ref="5858990637"/>
  <nd ref="5875603130"/>
  <nd ref="6312842336"/>
  <nd ref="5875603128"/>
  <nd ref="5858990655"/>
  <nd ref="6819506963"/>
  <nd ref="5875603126"/>
  <nd ref="5875603136"/>
  <nd ref="5875603138"/>
  <nd ref="9424945495"/>
  <nd ref="5858990589"/>
  <nd ref="5875603140"/>
  <nd ref="5875603149"/>
  <nd ref="9424945498"/>
  <nd ref="5858990607"/>
  <nd ref="6819506964"/>
  <nd ref="5858990643"/>
  <nd ref="5875603143"/>
  <nd ref="5875603142"/>
  <nd ref="5875603144"/>
  <nd ref="5875603153"/>
  <nd ref="5875603163"/>
  <nd ref="10250122530"/>
  <tag k="bridge" v="viaduct"/>
  <tag k="electrified" v="rail"/>
  <tag k="frequency" v="0"/>
  <tag k="gauge" v="1435"/>
  <tag k="layer" v="2"/>
  <tag k="maxspeed" v="80"/>
  <tag k="name" v="Đường sắt đô thị 2A Hà Nội (Phân đoạn Cát Linh - Hà Đông)"/>
  <tag k="name:en" v="Hanoi Metro Line 2A (Cat Linh - Ha Dong Section)"/>
  <tag k="name:ja" v="ハノイ・メトロ2A号線"/>
  <tag k="name:vi" v="Đường sắt đô thị 2A Hà Nội (Phân đoạn Cát Linh - Hà Đông)"/>
  <tag k="name:vi-Hani" v="塘鐵都市2A河內"/>
  <tag k="name:zh" v="河內都市鐵路2A號線"/>
  <tag k="name:zh-Hans" v="河内都市铁路2A号线"/>
  <tag k="name:zh-Hant" v="河內都市鐵路2A號線"/>
  <tag k="railway" v="subway"/>
  <tag k="railway:track_ref" v="đi Cát Linh"/>
  <tag k="railway:train_protection" v="CBTC"/>
  <tag k="ref" v="T2A"/>
  <tag k="start_date" v="2021-11-06"/>
  <tag k="tracks" v="2"/>
  <tag k="usage" v="main"/>
  <tag k="voltage" v="750"/>
  <tag k="wikidata" v="Q30919856"/>
  <tag k="wikipedia" v="vi:Tuyến 2A (Đường sắt đô thị Hà Nội)"/>
 </way>
 <way id="621979165" visible="true" version="1" changeset="62219303" timestamp="2018-09-02T13:27:20Z" user="TuanIfan" uid="625303">
  <nd ref="5875636910"/>
  <nd ref="5875636909"/>
  <nd ref="5875636908"/>
  <nd ref="5875636907"/>
  <nd ref="5875636910"/>
  <tag k="building" v="commercial"/>
  <tag k="name" v="Machinco"/>
 </way>
 <way id="621979168" visible="true" version="8" changeset="174051247" timestamp="2025-11-01T09:02:14Z" user="Tewuzij" uid="16194143">
  <nd ref="5875636934"/>
  <nd ref="5875636933"/>
  <nd ref="5875636932"/>
  <nd ref="11946676547"/>
  <nd ref="10263912788"/>
  <nd ref="5875636931"/>
  <nd ref="5875636930"/>
  <nd ref="11865687049"/>
  <nd ref="11946676363"/>
  <nd ref="11946676364"/>
  <nd ref="11946676365"/>
  <nd ref="11946676366"/>
  <nd ref="11946676362"/>
  <nd ref="11865687047"/>
  <nd ref="5875636929"/>
  <nd ref="5875636928"/>
  <nd ref="5875636927"/>
  <nd ref="11865687066"/>
  <nd ref="11865687045"/>
  <nd ref="5875636926"/>
  <nd ref="5875636925"/>
  <nd ref="5875636924"/>
  <nd ref="5875636923"/>
  <nd ref="11865691369"/>
  <nd ref="11865687058"/>
  <nd ref="5875636922"/>
  <nd ref="5875636934"/>
  <tag k="addr:housenumber" v="125"/>
  <tag k="addr:street" v="Đường Trần Phú"/>
  <tag k="amenity" v="university"/>
  <tag k="education" v="university"/>
  <tag k="name" v="Học viện An ninh Nhân dân"/>
  <tag k="name:en" v="People's Security Academy"/>
  <tag k="wikidata" v="Q25417473"/>
  <tag k="wikipedia" v="vi:Học viện An ninh nhân dân"/>
 </way>
 <way id="675318729" visible="true" version="2" changeset="136111199" timestamp="2023-05-15T07:01:51Z" user="Hoàng Tuấn Việt" uid="13707170">
  <nd ref="2189337181"/>
  <nd ref="2189336874"/>
  <nd ref="2189336871"/>
  <tag k="highway" v="service"/>
 </way>
 <way id="675318730" visible="true" version="7" changeset="178325826" timestamp="2026-02-09T18:48:23Z" user="HoangQuanHDFPV" uid="22644759">
  <nd ref="2189337157"/>
  <nd ref="2189337143"/>
  <tag k="highway" v="service"/>
  <tag k="name" v="16B5"/>
 </way>
 <way id="675318731" visible="true" version="2" changeset="136111199" timestamp="2023-05-15T07:01:51Z" user="Hoàng Tuấn Việt" uid="13707170">
  <nd ref="2189337143"/>
  <nd ref="2189337158"/>
  <nd ref="2189337152"/>
  <nd ref="2189336870"/>
  <tag k="highway" v="service"/>
  <tag k="name" v="16A4"/>
 </way>
 <way id="675318732" visible="true" version="4" changeset="178325826" timestamp="2026-02-09T18:48:23Z" user="HoangQuanHDFPV" uid="22644759">
  <nd ref="2189336907"/>
  <nd ref="2189336911"/>
  <tag k="highway" v="residential"/>
  <tag k="name" v="LK6B"/>
 </way>
 <way id="675318733" visible="true" version="4" changeset="178325826" timestamp="2026-02-09T18:48:23Z" user="HoangQuanHDFPV" uid="22644759">
  <nd ref="3821178988"/>
  <nd ref="2189336911"/>
  <tag k="highway" v="residential"/>
  <tag k="name" v="LK6B"/>
 </way>
 <way id="675318734" visible="true" version="5" changeset="174005768" timestamp="2025-10-31T06:39:23Z" user="Hung Tran 9x0" uid="20910140">
  <nd ref="5710591540"/>
  <nd ref="5710591539"/>
  <nd ref="5710512757"/>
  <tag k="highway" v="residential"/>
  <tag k="motorcycle" v="yes"/>
  <tag k="motor_vehicle" v="no"/>
  <tag k="name" v="Ngách 67/61 Đường Phùng Khoang"/>
 </way>
 <way id="675323316" visible="true" version="2" changeset="136111199" timestamp="2023-05-15T07:01:51Z" user="Hoàng Tuấn Việt" uid="13707170">
  <nd ref="2189337149"/>
  <nd ref="2189337150"/>
  <nd ref="2189337151"/>
  <nd ref="2189337152"/>
  <tag k="highway" v="service"/>
 </way>
 <way id="675323318" visible="true" version="3" changeset="178325826" timestamp="2026-02-09T18:48:23Z" user="HoangQuanHDFPV" uid="22644759">
  <nd ref="2189337143"/>
  <nd ref="2189337144"/>
  <nd ref="2189337145"/>
  <nd ref="2189337146"/>
  <nd ref="2189337147"/>
  <tag k="highway" v="service"/>
  <tag k="name" v="16B3"/>
 </way>
 <way id="675323319" visible="true" version="3" changeset="136111199" timestamp="2023-05-15T07:01:51Z" user="Hoàng Tuấn Việt" uid="13707170">
  <nd ref="2189336876"/>
  <nd ref="7190559229"/>
  <nd ref="7190559230"/>
  <nd ref="7190559214"/>
  <nd ref="2189336878"/>
  <tag k="highway" v="service"/>
 </way>
 <way id="675323321" visible="true" version="2" changeset="136111199" timestamp="2023-05-15T07:01:51Z" user="Hoàng Tuấn Việt" uid="13707170">
  <nd ref="2189336871"/>
  <nd ref="2189337151"/>
  <nd ref="2189336876"/>
  <tag k="highway" v="service"/>
  <tag k="name" v="16A3"/>
 </way>
 <way id="675323322" visible="true" version="3" changeset="154092337" timestamp="2024-07-18T09:42:31Z" user="phoenixsaigon1698" uid="3323343">
  <nd ref="4736515100"/>
  <nd ref="4740642391"/>
  <tag k="highway" v="residential"/>
 </way>
 <way id="675323324" visible="true" version="6" changeset="172797185" timestamp="2025-10-03T15:12:18Z" user="Hung159" uid="22065819">
  <nd ref="5710591540"/>
  <nd ref="5710591534"/>
  <nd ref="5710591075"/>
  <nd ref="5710591097"/>
  <nd ref="5710591096"/>
  <nd ref="5710591095"/>
  <nd ref="445223463"/>
  <tag k="highway" v="residential"/>
  <tag k="motorcar" v="destination"/>
  <tag k="name" v="Ngách 67/61 Đường Phùng Khoang"/>
 </way>
 <way id="675323325" visible="true" version="3" changeset="154092611" timestamp="2024-07-18T09:48:22Z" user="phoenixsaigon1698" uid="3323343">
  <nd ref="5710591103"/>
  <nd ref="5710591102"/>
  <tag k="highway" v="residential"/>
 </way>
 <way id="675323326" visible="true" version="5" changeset="154092611" timestamp="2024-07-18T09:48:22Z" user="phoenixsaigon1698" uid="3323343">
  <nd ref="445223362"/>
  <nd ref="12006207807"/>
  <nd ref="4736520749"/>
  <tag k="highway" v="service"/>
 </way>
 <way id="684755463" visible="true" version="9" changeset="162435024" timestamp="2025-02-12T15:35:12Z" user="Hung Tran 9x0" uid="20910140">
  <nd ref="2570969331"/>
  <nd ref="10097990470"/>
  <nd ref="9565445167"/>
  <nd ref="6415929823"/>
  <nd ref="8831513332"/>
  <nd ref="9565445162"/>
  <nd ref="11297905417"/>
  <tag k="highway" v="service"/>
  <tag k="moped" v="yes"/>
  <tag k="motorcycle" v="yes"/>
  <tag k="motor_vehicle" v="no"/>
  <tag k="name" v="Ngõ 121 Đường Trần Phú"/>
  <tag k="service" v="alley"/>
 </way>
 <way id="684898222" visible="true" version="4" changeset="153847313" timestamp="2024-07-12T09:40:28Z" user="phoenixsaigon1698" uid="3323343">
  <nd ref="6417228449"/>
  <nd ref="6417228443"/>
  <tag k="highway" v="service"/>
  <tag k="motorcycle" v="yes"/>
  <tag k="motor_vehicle" v="no"/>
  <tag k="name" v="Ngõ 248 Thanh Bình"/>
  <tag k="service" v="alley"/>
 </way>
 <way id="684898223" visible="true" version="3" changeset="144889286" timestamp="2023-12-08T06:29:14Z" user="ItsLouisAnderson" uid="11691953">
  <nd ref="6417228446"/>
  <nd ref="6417228448"/>
  <tag k="highway" v="service"/>
  <tag k="motorcycle" v="yes"/>
  <tag k="motor_vehicle" v="no"/>
  <tag k="name" v="Ngõ 280 Thanh Bình"/>
 </way>
 <way id="684898224" visible="true" version="3" changeset="144889286" timestamp="2023-12-08T06:29:14Z" user="ItsLouisAnderson" uid="11691953">
  <nd ref="6417228450"/>
  <nd ref="6417228444"/>
  <tag k="highway" v="service"/>
  <tag k="motorcycle" v="yes"/>
  <tag k="motor_vehicle" v="no"/>
  <tag k="name" v="Ngõ 272 Thanh Bình"/>
 </way>
 <way id="684898225" visible="true" version="3" changeset="144889286" timestamp="2023-12-08T06:29:14Z" user="ItsLouisAnderson" uid="11691953">
  <nd ref="6417228445"/>
  <nd ref="6417228447"/>
  <tag k="highway" v="service"/>
  <tag k="motorcycle" v="yes"/>
  <tag k="motor_vehicle" v="no"/>
  <tag k="name" v="Ngõ 246 Thanh Bình"/>
 </way>
 <way id="684898287" visible="true" version="12" changeset="183763966" timestamp="2026-06-07T05:49:00Z" user="vietnam321" uid="11196308">
  <nd ref="6417235193"/>
  <nd ref="2189336926"/>
  <nd ref="3821178987"/>
  <nd ref="2189336927"/>
  <nd ref="3821180082"/>
  <nd ref="2189336928"/>
  <nd ref="2189336929"/>
  <nd ref="2189336930"/>
  <nd ref="2189337136"/>
  <nd ref="2189336932"/>
  <nd ref="2189337141"/>
  <tag k="highway" v="tertiary"/>
  <tag k="name" v="Phố Nguyễn Văn Lộc"/>
  <tag k="name:etymology:wikidata" v="Q16480408"/>
 </way>
 <way id="684898288" visible="true" version="3" changeset="144740340" timestamp="2023-12-04T05:12:59Z" user="Grab_Cong" uid="18820325">
  <nd ref="6417227890"/>
  <nd ref="6417227891"/>
  <tag k="highway" v="service"/>
  <tag k="name" v="Ngõ 247 Nguyễn Văn Trỗi"/>
 </way>
 <way id="684898289" visible="true" version="2" changeset="136111199" timestamp="2023-05-15T07:01:51Z" user="Hoàng Tuấn Việt" uid="13707170">
  <nd ref="444394905"/>
  <nd ref="6417227889"/>
  <tag k="highway" v="service"/>
  <tag k="motorcycle" v="yes"/>
  <tag k="motor_vehicle" v="no"/>
  <tag k="name" v="Ngõ 109"/>
 </way>
 <way id="684898496" visible="true" version="3" changeset="182678648" timestamp="2026-05-15T04:53:50Z" user="Hung159" uid="22065819">
  <nd ref="6417230902"/>
  <nd ref="6417230903"/>
  <tag k="highway" v="service"/>
  <tag k="motorcycle" v="yes"/>
  <tag k="motor_vehicle" v="no"/>
  <tag k="name" v="Ngõ 22 Phố Nguyễn An Hòa"/>
 </way>
 <way id="684898497" visible="true" version="4" changeset="148281685" timestamp="2024-03-06T08:30:36Z" user="Grab_Cong" uid="18820325">
  <nd ref="11696663619"/>
  <nd ref="6443155031"/>
  <nd ref="6417230901"/>
  <tag k="highway" v="service"/>
  <tag k="name" v="Ngõ 24 Trần Phú"/>
 </way>
 <way id="684898855" visible="true" version="6" changeset="174005768" timestamp="2025-10-31T06:39:23Z" user="Hung Tran 9x0" uid="20910140">
  <nd ref="5710591530"/>
  <nd ref="5710591531"/>
  <nd ref="5710591101"/>
  <nd ref="4736520745"/>
  <nd ref="12592386980"/>
  <nd ref="4736520746"/>
  <nd ref="13271692316"/>
  <nd ref="4736520747"/>
  <nd ref="4736520748"/>
  <nd ref="445223362"/>
  <tag k="highway" v="residential"/>
  <tag k="name" v="Ngõ 29 Đường Phùng Khoang"/>
 </way>
 <way id="684898856" visible="true" version="6" changeset="178325826" timestamp="2026-02-09T18:48:23Z" user="HoangQuanHDFPV" uid="22644759">
  <nd ref="6417235193"/>
  <nd ref="8831497696"/>
  <nd ref="6417235192"/>
  <tag k="highway" v="service"/>
  <tag k="motorcycle" v="yes"/>
  <tag k="motor_vehicle" v="no"/>
  <tag k="name" v="Ngõ 7 Phố An Hòa"/>
 </way>
 <way id="684899649" visible="true" version="3" changeset="154092337" timestamp="2024-07-18T09:42:31Z" user="phoenixsaigon1698" uid="3323343">
  <nd ref="6417241473"/>
  <nd ref="6417241460"/>
  <tag k="highway" v="service"/>
  <tag k="motorcycle" v="yes"/>
  <tag k="motor_vehicle" v="no"/>
  <tag k="name" v="Ngõ 60 Phố Vũ Trọng Khánh"/>
  <tag k="service" v="alley"/>
 </way>
 <way id="684899652" visible="true" version="3" changeset="182678648" timestamp="2026-05-15T04:53:50Z" user="Hung159" uid="22065819">
  <nd ref="6417241463"/>
  <nd ref="6417241469"/>
  <tag k="highway" v="service"/>
  <tag k="motorcycle" v="yes"/>
  <tag k="motor_vehicle" v="no"/>
  <tag k="name" v="Ngõ 10 Đường Trần Phú"/>
 </way>
 <way id="708949750" visible="true" version="2" changeset="72823550" timestamp="2019-07-30T17:43:11Z" user="spuddy93" uid="8600365">
  <nd ref="6661649327"/>
  <nd ref="6661649326"/>
  <nd ref="444394885"/>
  <nd ref="6661649325"/>
  <nd ref="6661649327"/>
  <tag k="addr:street" v="Đường Trần Phú"/>
  <tag k="amenity" v="fuel"/>
  <tag k="brand" v="PV Oil"/>
  <tag k="brand:wikidata" v="Q2089536"/>
  <tag k="brand:wikipedia" v="en:Petrovietnam"/>
  <tag k="building" v="roof"/>
  <tag k="name" v="PV Oil"/>
 </way>
 <way id="710270797" visible="true" version="14" changeset="183763966" timestamp="2026-06-07T05:38:36Z" user="vietnam321" uid="11196308">
  <nd ref="2570968737"/>
  <nd ref="4025242586"/>
  <nd ref="2570969331"/>
  <nd ref="444394874"/>
  <nd ref="13653176829"/>
  <nd ref="11386851318"/>
  <nd ref="2471646372"/>
  <nd ref="10898553464"/>
  <tag k="highway" v="trunk"/>
  <tag k="lanes" v="4"/>
  <tag k="lit" v="yes"/>
  <tag k="maxspeed" v="60"/>
  <tag k="name" v="Đường Trần Phú"/>
  <tag k="name:en" v="Tran Phu Road"/>
  <tag k="name:etymology:wikidata" v="Q4507024"/>
  <tag k="oneway" v="yes"/>
  <tag k="ref" v="QL.6"/>
  <tag k="surface" v="asphalt"/>
  <tag k="wikidata" v="Q2006553"/>
  <tag k="wikipedia" v="vi:Quốc lộ 6"/>
 </way>
 <way id="710270798" visible="true" version="8" changeset="179967402" timestamp="2026-03-16T19:06:44Z" user="ZioDragon" uid="13799024">
  <nd ref="444394888"/>
  <nd ref="13653176831"/>
  <nd ref="6661649324"/>
  <nd ref="2570968737"/>
  <tag k="highway" v="trunk"/>
  <tag k="lanes" v="4"/>
  <tag k="lit" v="yes"/>
  <tag k="maxspeed" v="60"/>
  <tag k="name" v="Đường Trần Phú"/>
  <tag k="name:en" v="Tran Phu Road"/>
  <tag k="oneway" v="yes"/>
  <tag k="ref" v="QL.6"/>
  <tag k="surface" v="asphalt"/>
  <tag k="wikidata" v="Q2006553"/>
  <tag k="wikipedia" v="vi:Quốc lộ 6"/>
 </way>
 <way id="722929964" visible="true" version="2" changeset="139772642" timestamp="2023-08-12T04:14:35Z" user="Hoàng Tuấn Việt" uid="13707170">
  <nd ref="5710078139"/>
  <nd ref="445223304"/>
  <tag k="highway" v="service"/>
 </way>
 <way id="739729712" visible="true" version="10" changeset="178325826" timestamp="2026-02-09T18:48:23Z" user="HoangQuanHDFPV" uid="22644759">
  <nd ref="8336906298"/>
  <nd ref="2189337104"/>
  <nd ref="2189337108"/>
  <nd ref="2189336974"/>
  <nd ref="2189337165"/>
  <tag k="highway" v="residential"/>
  <tag k="name" v="Ngõ 284 Đường Thanh Bình"/>
 </way>
 <way id="755111011" visible="true" version="2" changeset="144889286" timestamp="2023-12-08T06:29:14Z" user="ItsLouisAnderson" uid="11691953">
  <nd ref="7053856953"/>
  <nd ref="7053856954"/>
  <nd ref="7053856955"/>
  <nd ref="7053856956"/>
  <nd ref="7053856957"/>
  <nd ref="7053856958"/>
  <nd ref="7053856959"/>
  <nd ref="7053856960"/>
  <nd ref="7053856961"/>
  <nd ref="7053856962"/>
  <nd ref="7053856963"/>
  <nd ref="7053856964"/>
  <nd ref="7053856965"/>
  <nd ref="7053856953"/>
  <tag k="building" v="terrace"/>
  <tag k="building:levels" v="4"/>
 </way>
 <way id="755111012" visible="true" version="2" changeset="144889286" timestamp="2023-12-08T06:29:14Z" user="ItsLouisAnderson" uid="11691953">
  <nd ref="7053856966"/>
  <nd ref="7053856967"/>
  <nd ref="7053856968"/>
  <nd ref="7053856969"/>
  <nd ref="7053856970"/>
  <nd ref="7053856971"/>
  <nd ref="7053856966"/>
  <tag k="building" v="terrace"/>
  <tag k="building:levels" v="5"/>
 </way>
 <way id="755111013" visible="true" version="2" changeset="144889286" timestamp="2023-12-08T06:29:14Z" user="ItsLouisAnderson" uid="11691953">
  <nd ref="7053856972"/>
  <nd ref="7053856973"/>
  <nd ref="7053856974"/>
  <nd ref="7053856975"/>
  <nd ref="7053856976"/>
  <nd ref="7053856977"/>
  <nd ref="7053856978"/>
  <nd ref="7053856979"/>
  <nd ref="7053856972"/>
  <tag k="building" v="terrace"/>
  <tag k="building:levels" v="5"/>
 </way>
 <way id="755111014" visible="true" version="2" changeset="144889286" timestamp="2023-12-08T06:29:14Z" user="ItsLouisAnderson" uid="11691953">
  <nd ref="7053856980"/>
  <nd ref="7053856981"/>
  <nd ref="7053856982"/>
  <nd ref="7053856983"/>
  <nd ref="7053856984"/>
  <nd ref="7053882785"/>
  <nd ref="7053882786"/>
  <nd ref="7053882787"/>
  <nd ref="7053882788"/>
  <nd ref="7053882789"/>
  <nd ref="7053882790"/>
  <nd ref="7053882791"/>
  <nd ref="7053856980"/>
  <tag k="building" v="terrace"/>
  <tag k="building:levels" v="5"/>
 </way>
 <way id="755111015" visible="true" version="2" changeset="166979861" timestamp="2025-05-30T16:03:04Z" user="Hung Tran 9x0" uid="20910140">
  <nd ref="7053882792"/>
  <nd ref="7053882793"/>
  <nd ref="7053882794"/>
  <nd ref="7053882795"/>
  <nd ref="7053882796"/>
  <nd ref="7053882797"/>
  <nd ref="7053882798"/>
  <nd ref="7053882799"/>
  <nd ref="7053882800"/>
  <nd ref="7053882801"/>
  <nd ref="7053882802"/>
  <nd ref="7053882803"/>
  <nd ref="7053882804"/>
  <nd ref="7053882805"/>
  <nd ref="7053882806"/>
  <nd ref="7053882807"/>
  <nd ref="7053882792"/>
  <tag k="building" v="yes"/>
  <tag k="building:levels" v="20"/>
  <tag k="name" v="T1"/>
 </way>
 <way id="755111942" visible="true" version="1" changeset="78358066" timestamp="2019-12-13T07:59:57Z" user="Le Duong" uid="6531908">
  <nd ref="7053876465"/>
  <nd ref="7053876466"/>
  <nd ref="7053876467"/>
  <nd ref="7053876468"/>
  <nd ref="7053876465"/>
  <tag k="building" v="yes"/>
  <tag k="building:levels" v="4"/>
 </way>
 <way id="755115063" visible="true" version="3" changeset="154092022" timestamp="2024-07-18T09:34:47Z" user="phoenixsaigon1698" uid="3323343">
  <nd ref="7053915268"/>
  <nd ref="7053915269"/>
  <nd ref="7053915270"/>
  <nd ref="7053915271"/>
  <nd ref="7053915272"/>
  <nd ref="7053915273"/>
  <nd ref="7053915274"/>
  <nd ref="7053915275"/>
  <nd ref="7053915276"/>
  <nd ref="7053915277"/>
  <nd ref="7053915278"/>
  <nd ref="7053915279"/>
  <nd ref="7053915280"/>
  <nd ref="7053915281"/>
  <nd ref="7053915282"/>
  <nd ref="7053915283"/>
  <nd ref="7053915284"/>
  <nd ref="7053921385"/>
  <nd ref="7053921386"/>
  <nd ref="7053921387"/>
  <nd ref="7053921388"/>
  <nd ref="7053921389"/>
  <nd ref="7053921390"/>
  <nd ref="7053921391"/>
  <nd ref="7053921392"/>
  <nd ref="7053915268"/>
  <tag k="building" v="apartments"/>
  <tag k="building:levels" v="22"/>
  <tag k="name" v="Toà E Mulberry Lane"/>
 </way>
 <way id="755115064" visible="true" version="3" changeset="154092022" timestamp="2024-07-18T09:34:47Z" user="phoenixsaigon1698" uid="3323343">
  <nd ref="7053921393"/>
  <nd ref="7053921394"/>
  <nd ref="7053921395"/>
  <nd ref="7053921396"/>
  <nd ref="7053921397"/>
  <nd ref="7053921398"/>
  <nd ref="7053921399"/>
  <nd ref="7053921400"/>
  <nd ref="7053921401"/>
  <nd ref="7053921402"/>
  <nd ref="7053921403"/>
  <nd ref="7053921404"/>
  <nd ref="7053921405"/>
  <nd ref="7053921406"/>
  <nd ref="7053921407"/>
  <nd ref="7053921408"/>
  <nd ref="7053921409"/>
  <nd ref="7053921410"/>
  <nd ref="7053921411"/>
  <nd ref="7053921412"/>
  <nd ref="7053921413"/>
  <nd ref="7053921414"/>
  <nd ref="7053921415"/>
  <nd ref="7053921416"/>
  <nd ref="7053921417"/>
  <nd ref="7053921418"/>
  <nd ref="7053921419"/>
  <nd ref="7053921420"/>
  <nd ref="7053921421"/>
  <nd ref="7053921422"/>
  <nd ref="7053921393"/>
  <tag k="building" v="apartments"/>
  <tag k="building:levels" v="32"/>
  <tag k="name" v="Toà D Mulberry Lane"/>
 </way>
 <way id="755115065" visible="true" version="3" changeset="154092022" timestamp="2024-07-18T09:34:47Z" user="phoenixsaigon1698" uid="3323343">
  <nd ref="7053921423"/>
  <nd ref="7053921424"/>
  <nd ref="7053921425"/>
  <nd ref="7053921426"/>
  <nd ref="7053921427"/>
  <nd ref="7053921428"/>
  <nd ref="7053921429"/>
  <nd ref="7053921430"/>
  <nd ref="7053921431"/>
  <nd ref="7053921432"/>
  <nd ref="7053921433"/>
  <nd ref="7053921434"/>
  <nd ref="7053921435"/>
  <nd ref="7053921436"/>
  <nd ref="7053921437"/>
  <nd ref="7053921438"/>
  <nd ref="7053921439"/>
  <nd ref="7053921440"/>
  <nd ref="7053921441"/>
  <nd ref="7053921442"/>
  <nd ref="7053921443"/>
  <nd ref="7053921444"/>
  <nd ref="7053921445"/>
  <nd ref="7053921446"/>
  <nd ref="7053921447"/>
  <nd ref="7053921448"/>
  <nd ref="7053921449"/>
  <nd ref="7053921450"/>
  <nd ref="7053921451"/>
  <nd ref="7053921452"/>
  <nd ref="7053921423"/>
  <tag k="building" v="apartments"/>
  <tag k="building:levels" v="32"/>
  <tag k="name" v="Toà C Mulberry Lane"/>
 </way>
 <way id="755115066" visible="true" version="3" changeset="154092022" timestamp="2024-07-18T09:34:47Z" user="phoenixsaigon1698" uid="3323343">
  <nd ref="7053921453"/>
  <nd ref="7053921454"/>
  <nd ref="7053921455"/>
  <nd ref="7053921456"/>
  <nd ref="7053921457"/>
  <nd ref="7053921458"/>
  <nd ref="7053921459"/>
  <nd ref="7053921460"/>
  <nd ref="7053921461"/>
  <nd ref="7053921462"/>
  <nd ref="7053921463"/>
  <nd ref="7053921464"/>
  <nd ref="7053921465"/>
  <nd ref="7053921466"/>
  <nd ref="7053921467"/>
  <nd ref="7053921468"/>
  <nd ref="7053921469"/>
  <nd ref="7053921470"/>
  <nd ref="7053921471"/>
  <nd ref="7053921472"/>
  <nd ref="7053921473"/>
  <nd ref="7053921474"/>
  <nd ref="7053921475"/>
  <nd ref="7053921476"/>
  <nd ref="7053921477"/>
  <nd ref="7053921478"/>
  <nd ref="7053921479"/>
  <nd ref="7053921480"/>
  <nd ref="7053921481"/>
  <nd ref="7053921482"/>
  <nd ref="7053921453"/>
  <tag k="building" v="apartments"/>
  <tag k="building:levels" v="32"/>
  <tag k="name" v="Toà B Mulberry Lane"/>
 </way>
 <way id="755115067" visible="true" version="3" changeset="154092022" timestamp="2024-07-18T09:34:47Z" user="phoenixsaigon1698" uid="3323343">
  <nd ref="7053921483"/>
  <nd ref="7053921484"/>
  <nd ref="7053921485"/>
  <nd ref="7053921486"/>
  <nd ref="7053921487"/>
  <nd ref="7053921488"/>
  <nd ref="7053921489"/>
  <nd ref="7053921490"/>
  <nd ref="7053921491"/>
  <nd ref="7053921492"/>
  <nd ref="7053921493"/>
  <nd ref="7053921494"/>
  <nd ref="7053921495"/>
  <nd ref="7053921496"/>
  <nd ref="7053921497"/>
  <nd ref="7053921498"/>
  <nd ref="7053921499"/>
  <nd ref="7053921500"/>
  <nd ref="7053921501"/>
  <nd ref="7053921502"/>
  <nd ref="7053921503"/>
  <nd ref="7053921504"/>
  <nd ref="7053921505"/>
  <nd ref="7053921506"/>
  <nd ref="7053921507"/>
  <nd ref="7053921508"/>
  <nd ref="7053921509"/>
  <nd ref="7053921510"/>
  <nd ref="7053921511"/>
  <nd ref="7053921512"/>
  <nd ref="7053921513"/>
  <nd ref="7053921514"/>
  <nd ref="7053921483"/>
  <tag k="building" v="apartments"/>
  <tag k="building:levels" v="33"/>
  <tag k="name" v="Toà A Mulberry Lane"/>
 </way>
 <way id="755115316" visible="true" version="2" changeset="166979861" timestamp="2025-05-30T16:03:04Z" user="Hung Tran 9x0" uid="20910140">
  <nd ref="7053920034"/>
  <nd ref="7053920035"/>
  <nd ref="7053920036"/>
  <nd ref="7053920037"/>
  <nd ref="7053920038"/>
  <nd ref="7053920039"/>
  <nd ref="7053920040"/>
  <nd ref="7053920041"/>
  <nd ref="7053920042"/>
  <nd ref="7053920043"/>
  <nd ref="7053920044"/>
  <nd ref="7053920045"/>
  <nd ref="7053920046"/>
  <nd ref="7053920034"/>
  <tag k="building" v="yes"/>
  <tag k="building:levels" v="25"/>
  <tag k="name" v="T2"/>
 </way>
 <way id="755115317" visible="true" version="5" changeset="152477693" timestamp="2024-06-10T04:18:06Z" user="vietnam321" uid="11196308">
  <nd ref="7053920047"/>
  <nd ref="7053920048"/>
  <nd ref="7053920049"/>
  <nd ref="11968177981"/>
  <nd ref="9037592387"/>
  <nd ref="11968177982"/>
  <nd ref="9037592388"/>
  <nd ref="9037592392"/>
  <nd ref="11968177987"/>
  <nd ref="11968177988"/>
  <nd ref="11968177989"/>
  <nd ref="11968177990"/>
  <nd ref="9037592393"/>
  <nd ref="11968177983"/>
  <nd ref="11968177984"/>
  <nd ref="7053920051"/>
  <nd ref="11968177986"/>
  <nd ref="11968177985"/>
  <nd ref="7053920052"/>
  <nd ref="7053920053"/>
  <nd ref="7053920054"/>
  <nd ref="7053920055"/>
  <nd ref="7053920056"/>
  <nd ref="11968177991"/>
  <nd ref="9037592394"/>
  <nd ref="7053920057"/>
  <nd ref="7053920058"/>
  <nd ref="7053920059"/>
  <nd ref="7053920060"/>
  <nd ref="7053920061"/>
  <nd ref="7053920062"/>
  <nd ref="7053920047"/>
  <tag k="building" v="school"/>
  <tag k="building:levels" v="5"/>
 </way>
 <way id="755115318" visible="true" version="2" changeset="110278194" timestamp="2021-08-26T10:15:35Z" user="vietnam321" uid="11196308">
  <nd ref="7053920063"/>
  <nd ref="7053920064"/>
  <nd ref="7053920065"/>
  <nd ref="7053920066"/>
  <nd ref="7053920063"/>
  <tag k="building" v="school"/>
  <tag k="building:levels" v="3"/>
 </way>
 <way id="755115319" visible="true" version="3" changeset="148452064" timestamp="2024-03-10T08:57:00Z" user="vietnam321" uid="11196308">
  <nd ref="7053920067"/>
  <nd ref="7053920068"/>
  <nd ref="7053920069"/>
  <nd ref="7053920070"/>
  <nd ref="7053920067"/>
  <tag k="amenity" v="townhall"/>
  <tag k="building" v="yes"/>
  <tag k="building:levels" v="3"/>
  <tag k="name" v="Đảng uỷ - UBND phường Mỗ Lao"/>
  <tag k="townhall:type" v="ward"/>
 </way>
 <way id="755115320" visible="true" version="3" changeset="144889286" timestamp="2023-12-08T06:29:14Z" user="ItsLouisAnderson" uid="11691953">
  <nd ref="7053920071"/>
  <nd ref="7053920072"/>
  <nd ref="7053920073"/>
  <nd ref="7053920074"/>
  <nd ref="7053920071"/>
  <tag k="building" v="yes"/>
  <tag k="building:levels" v="3"/>
 </way>
 <way id="755115321" visible="true" version="4" changeset="144889286" timestamp="2023-12-08T06:29:14Z" user="ItsLouisAnderson" uid="11691953">
  <nd ref="7053920075"/>
  <nd ref="7053920076"/>
  <nd ref="7053920077"/>
  <nd ref="11402515330"/>
  <nd ref="7053920078"/>
  <nd ref="9037592410"/>
  <nd ref="9037592409"/>
  <nd ref="7053920075"/>
  <tag k="building" v="yes"/>
  <tag k="building:levels" v="4"/>
 </way>
 <way id="770299542" visible="true" version="3" changeset="130888617" timestamp="2023-01-05T03:10:29Z" user="DucToan2410" uid="7563149">
  <nd ref="7190559214"/>
  <nd ref="7190559215"/>
  <nd ref="7190559216"/>
  <nd ref="7190559217"/>
  <nd ref="7190559218"/>
  <nd ref="7190559219"/>
  <nd ref="7190559220"/>
  <nd ref="7190559221"/>
  <nd ref="7190559222"/>
  <nd ref="7190559223"/>
  <nd ref="7190559224"/>
  <nd ref="7190559225"/>
  <nd ref="7190559226"/>
  <nd ref="2189337151"/>
  <nd ref="7190559227"/>
  <nd ref="7190559228"/>
  <nd ref="7190559229"/>
  <nd ref="7190559230"/>
  <nd ref="7190559214"/>
  <tag k="leisure" v="park"/>
  <tag k="name" v="Vườn hoa Việt Kiều"/>
 </way>
 <way id="832454937" visible="true" version="16" changeset="172511289" timestamp="2025-09-27T06:13:12Z" user="vietnam321" uid="11196308">
  <nd ref="6352370461"/>
  <nd ref="11093599122"/>
  <nd ref="11093599123"/>
  <nd ref="11093599124"/>
  <nd ref="11093599125"/>
  <nd ref="11097232944"/>
  <nd ref="11097232943"/>
  <nd ref="6352370484"/>
  <nd ref="11093599126"/>
  <nd ref="6352370554"/>
  <nd ref="8929690473"/>
  <nd ref="6352370575"/>
  <nd ref="6352370529"/>
  <nd ref="11093599135"/>
  <nd ref="6352370518"/>
  <nd ref="11093599136"/>
  <nd ref="11093599139"/>
  <nd ref="13174871083"/>
  <nd ref="6352370470"/>
  <nd ref="9571079708"/>
  <nd ref="11093599133"/>
  <nd ref="11093599132"/>
  <nd ref="11093599131"/>
  <nd ref="6352370494"/>
  <nd ref="11093599130"/>
  <tag k="boundary" v="administrative"/>
 </way>
 <way id="896557757" visible="true" version="3" changeset="107814813" timestamp="2021-07-12T06:44:46Z" user="vietnam321" uid="11196308">
  <nd ref="8334164575"/>
  <nd ref="8334164574"/>
  <nd ref="8334164573"/>
  <nd ref="8334164572"/>
  <nd ref="8334164571"/>
  <nd ref="8334164570"/>
  <nd ref="8334164569"/>
  <nd ref="8334164565"/>
  <nd ref="8334164564"/>
  <nd ref="8869239510"/>
  <nd ref="8869239511"/>
  <nd ref="8869239512"/>
  <tag k="highway" v="service"/>
 </way>
 <way id="896563241" visible="true" version="5" changeset="173476404" timestamp="2025-10-19T06:38:05Z" user="Hung Tran 9x0" uid="20910140">
  <nd ref="8334211926"/>
  <nd ref="8334211925"/>
  <nd ref="8334211924"/>
  <nd ref="12748116473"/>
  <nd ref="8334211923"/>
  <nd ref="8334211922"/>
  <nd ref="8334211921"/>
  <nd ref="8334211920"/>
  <nd ref="8334211919"/>
  <tag k="highway" v="service"/>
  <tag k="name" v="Ngách 17/2 Phố Nguyễn Văn Lộc"/>
 </way>
 <way id="896891305" visible="true" version="3" changeset="155495613" timestamp="2024-08-20T08:16:12Z" user="phoenixsaigon1698" uid="3323343">
  <nd ref="8336842815"/>
  <nd ref="8336842807"/>
  <nd ref="4736515095"/>
  <tag k="highway" v="service"/>
 </way>
 <way id="896892352" visible="true" version="2" changeset="136111199" timestamp="2023-05-15T07:01:51Z" user="Hoàng Tuấn Việt" uid="13707170">
  <nd ref="8336838515"/>
  <nd ref="8336838508"/>
  <nd ref="8336838514"/>
  <tag k="highway" v="service"/>
 </way>
 <way id="896892353" visible="true" version="3" changeset="167600809" timestamp="2025-06-14T06:50:59Z" user="Hung Tran 9x0" uid="20910140">
  <nd ref="8336838511"/>
  <nd ref="8336838510"/>
  <nd ref="12913978714"/>
  <nd ref="8336838509"/>
  <nd ref="8336838514"/>
  <tag k="highway" v="service"/>
 </way>
 <way id="896892354" visible="true" version="5" changeset="183161673" timestamp="2026-05-25T14:34:40Z" user="Hung Tran 9x0" uid="20910140">
  <nd ref="8336854323"/>
  <nd ref="8336854322"/>
  <nd ref="8336854321"/>
  <nd ref="8336854320"/>
  <nd ref="8336854319"/>
  <nd ref="8336838512"/>
  <nd ref="8336854318"/>
  <nd ref="8336854317"/>
  <nd ref="8336838513"/>
  <nd ref="8336838515"/>
  <tag k="highway" v="service"/>
  <tag k="name" v="Ngõ 34 Phố Vũ Trọng Khánh"/>
  <tag k="service" v="alley"/>
 </way>
 <way id="896899825" visible="true" version="4" changeset="173435701" timestamp="2025-10-18T05:55:13Z" user="Hung Tran 9x0" uid="20910140">
  <nd ref="11393362118"/>
  <nd ref="11393362117"/>
  <nd ref="11393362116"/>
  <nd ref="11393362115"/>
  <nd ref="11393362114"/>
  <nd ref="11393362107"/>
  <nd ref="11393362113"/>
  <nd ref="11393362106"/>
  <nd ref="8336894411"/>
  <nd ref="13240208111"/>
  <nd ref="8336894410"/>
  <nd ref="8336894409"/>
  <tag k="highway" v="service"/>
  <tag k="motorcar" v="destination"/>
  <tag k="name" v="Ngõ 255 Nguyễn Văn Trỗi"/>
  <tag k="service" v="alley"/>
 </way>
 <way id="896900296" visible="true" version="6" changeset="178325826" timestamp="2026-02-09T18:48:23Z" user="HoangQuanHDFPV" uid="22644759">
  <nd ref="8336906884"/>
  <nd ref="12060928408"/>
  <nd ref="9571079706"/>
  <nd ref="2189337199"/>
  <tag k="highway" v="residential"/>
 </way>
 <way id="896903567" visible="true" version="4" changeset="167378730" timestamp="2025-06-09T05:24:51Z" user="Hung Tran 9x0" uid="20910140">
  <nd ref="2189337141"/>
  <nd ref="8336963141"/>
  <tag k="highway" v="residential"/>
  <tag k="oneway" v="yes"/>
 </way>
 <way id="898254975" visible="true" version="3" changeset="170730853" timestamp="2025-08-20T14:37:52Z" user="Hung Tran 9x0" uid="20910140">
  <nd ref="8347638606"/>
  <nd ref="8334211919"/>
  <nd ref="8334211918"/>
  <nd ref="8334211917"/>
  <nd ref="8334190616"/>
  <nd ref="8334190615"/>
  <nd ref="13084683750"/>
  <tag k="highway" v="service"/>
  <tag k="motorcar" v="no"/>
  <tag k="name" v="Ngõ 17 Nguyễn Văn Lộc"/>
 </way>
 <way id="898255232" visible="true" version="4" changeset="178325826" timestamp="2026-02-09T18:48:23Z" user="HoangQuanHDFPV" uid="22644759">
  <nd ref="2189336926"/>
  <nd ref="2189337157"/>
  <tag k="highway" v="service"/>
  <tag k="name" v="Ngõ 21 Nguyễn Văn Lộc"/>
 </way>
 <way id="954193541" visible="true" version="2" changeset="136111199" timestamp="2023-05-15T07:01:51Z" user="Hoàng Tuấn Việt" uid="13707170">
  <nd ref="8831530652"/>
  <nd ref="8831530651"/>
  <nd ref="8831530650"/>
  <nd ref="8831530649"/>
  <nd ref="8831530648"/>
  <nd ref="8831530647"/>
  <nd ref="5710056513"/>
  <tag k="highway" v="service"/>
 </way>
 <way id="954193542" visible="true" version="7" changeset="162559221" timestamp="2025-02-16T06:04:30Z" user="Hung Tran 9x0" uid="20910140">
  <nd ref="12131044456"/>
  <nd ref="12131044457"/>
  <nd ref="8831530653"/>
  <nd ref="8831530655"/>
  <nd ref="11337712336"/>
  <nd ref="8831530656"/>
  <nd ref="8831530657"/>
  <nd ref="8831530658"/>
  <nd ref="8831530659"/>
  <nd ref="8831530664"/>
  <nd ref="8831530663"/>
  <nd ref="12177728627"/>
  <tag k="highway" v="service"/>
  <tag k="motor_vehicle" v="destination"/>
  <tag k="name" v="Ngách 36/1 Phố An Hoà"/>
 </way>
 <way id="954194176" visible="true" version="3" changeset="155644676" timestamp="2024-08-23T10:29:17Z" user="openmap-vn" uid="21213273">
  <nd ref="8831497696"/>
  <nd ref="12131044405"/>
  <nd ref="8831497695"/>
  <nd ref="8831497694"/>
  <nd ref="8831497693"/>
  <nd ref="8831497692"/>
  <nd ref="2189336961"/>
  <tag k="highway" v="service"/>
 </way>
 <way id="954226160" visible="true" version="4" changeset="178325826" timestamp="2026-02-09T18:48:23Z" user="HoangQuanHDFPV" uid="22644759">
  <nd ref="8831773014"/>
  <nd ref="8831773013"/>
  <tag k="highway" v="service"/>
  <tag k="name" v="LK3D"/>
  <tag k="service" v="alley"/>
 </way>
 <way id="954226162" visible="true" version="4" changeset="178325826" timestamp="2026-02-09T18:48:23Z" user="HoangQuanHDFPV" uid="22644759">
  <nd ref="8831785117"/>
  <nd ref="8831773014"/>
  <tag k="highway" v="service"/>
  <tag k="motorcar" v="destination"/>
  <tag k="name" v="LK3D"/>
 </way>
 <way id="954226635" visible="true" version="2" changeset="136111199" timestamp="2023-05-15T07:01:51Z" user="Hoàng Tuấn Việt" uid="13707170">
  <nd ref="8831783974"/>
  <nd ref="8831783973"/>
  <nd ref="444878350"/>
  <nd ref="8831783972"/>
  <nd ref="8831783971"/>
  <nd ref="8831783970"/>
  <nd ref="8831783969"/>
  <nd ref="8831783968"/>
  <nd ref="444394925"/>
  <tag k="highway" v="service"/>
 </way>
 <way id="955842632" visible="true" version="4" changeset="183763966" timestamp="2026-06-07T05:49:00Z" user="vietnam321" uid="11196308">
  <nd ref="444394907"/>
  <nd ref="2189336899"/>
  <tag k="highway" v="tertiary"/>
  <tag k="name" v="Phố Nguyễn Văn Lộc"/>
  <tag k="name:etymology:wikidata" v="Q16480408"/>
 </way>
 <way id="955842633" visible="true" version="4" changeset="183763966" timestamp="2026-06-07T05:48:18Z" user="vietnam321" uid="11196308">
  <nd ref="444394907"/>
  <nd ref="8846358771"/>
  <tag k="highway" v="secondary"/>
  <tag k="name" v="Phố Vũ Trọng Khánh"/>
  <tag k="name:etymology:wikidata" v="Q10833920"/>
  <tag k="oneway" v="yes"/>
  <tag k="surface" v="asphalt"/>
 </way>
 <way id="958560262" visible="true" version="2" changeset="107814813" timestamp="2021-07-12T06:44:46Z" user="vietnam321" uid="11196308">
  <nd ref="8869239513"/>
  <nd ref="8912947946"/>
  <nd ref="8912948006"/>
  <nd ref="8869239514"/>
  <nd ref="8912930395"/>
  <nd ref="8912948018"/>
  <nd ref="8869239515"/>
  <nd ref="8912930412"/>
  <nd ref="8912947969"/>
  <nd ref="8869239516"/>
  <nd ref="8869249717"/>
  <nd ref="8869249718"/>
  <nd ref="8912930404"/>
  <nd ref="8912948026"/>
  <nd ref="8912947922"/>
  <nd ref="8912947976"/>
  <nd ref="8912947934"/>
  <nd ref="8912947989"/>
  <nd ref="8869239513"/>
  <tag k="building" v="apartments"/>
  <tag k="building:levels" v="4"/>
  <tag k="name" v="B1"/>
 </way>
 <way id="958560264" visible="true" version="4" changeset="137288498" timestamp="2023-06-13T14:11:33Z" user="vietnam321" uid="11196308">
  <nd ref="8869249723"/>
  <nd ref="8912930407"/>
  <nd ref="8869249724"/>
  <nd ref="8869249731"/>
  <nd ref="8869249726"/>
  <nd ref="8869249723"/>
  <tag k="addr:city" v="Hà Nội"/>
  <tag k="addr:district" v="Hà Đông"/>
  <tag k="addr:street" v="Đường Trần Phú"/>
  <tag k="addr:subdistrict" v="Mộ Lao"/>
  <tag k="building:levels" v="10"/>
  <tag k="building:part" v="yes"/>
  <tag k="layer" v="2"/>
 </way>
 <way id="958560265" visible="true" version="1" changeset="107023906" timestamp="2021-06-27T06:32:10Z" user="Hanh Hoang" uid="4391953">
  <nd ref="8869249727"/>
  <nd ref="8869249728"/>
  <nd ref="8869249729"/>
  <nd ref="8869249730"/>
  <nd ref="8869249727"/>
  <tag k="addr:city" v="Hà Nội"/>
  <tag k="addr:district" v="Hà Đông"/>
  <tag k="addr:street" v="Đường Trần Phú"/>
  <tag k="addr:subdistrict" v="Mộ Lao"/>
  <tag k="building" v="yes"/>
  <tag k="building:levels" v="6"/>
  <tag k="name" v="A3"/>
 </way>
 <way id="958560266" visible="true" version="2" changeset="107814813" timestamp="2021-07-12T06:44:46Z" user="vietnam321" uid="11196308">
  <nd ref="8869249731"/>
  <nd ref="8869249732"/>
  <nd ref="8869249733"/>
  <nd ref="8912947991"/>
  <nd ref="8869249734"/>
  <nd ref="8912947947"/>
  <nd ref="8869249735"/>
  <nd ref="8869249736"/>
  <nd ref="8869249737"/>
  <nd ref="8869249739"/>
  <nd ref="8869249740"/>
  <nd ref="8912947936"/>
  <nd ref="8912930362"/>
  <nd ref="8912948001"/>
  <nd ref="8912947924"/>
  <nd ref="8912947952"/>
  <nd ref="8912948014"/>
  <nd ref="8912930407"/>
  <nd ref="8869249724"/>
  <nd ref="8869249731"/>
  <tag k="addr:city" v="Hà Nội"/>
  <tag k="addr:district" v="Hà Đông"/>
  <tag k="addr:street" v="Đường Trần Phú"/>
  <tag k="addr:subdistrict" v="Mộ Lao"/>
  <tag k="building" v="yes"/>
  <tag k="building:levels" v="2"/>
  <tag k="layer" v="1"/>
  <tag k="name" v="A2"/>
 </way>
 <way id="958560268" visible="true" version="1" changeset="107023906" timestamp="2021-06-27T06:32:10Z" user="Hanh Hoang" uid="4391953">
  <nd ref="8869249745"/>
  <nd ref="8869249746"/>
  <nd ref="8869249747"/>
  <nd ref="8869249748"/>
  <nd ref="8869249745"/>
  <tag k="addr:city" v="Hà Nội"/>
  <tag k="addr:district" v="Hà Đông"/>
  <tag k="addr:subdistrict" v="Mộ Lao"/>
  <tag k="amenity" v="restaurant"/>
  <tag k="building" v="yes"/>
  <tag k="name" v="PTIT Canteen"/>
 </way>
 <way id="958560269" visible="true" version="1" changeset="107023906" timestamp="2021-06-27T06:32:10Z" user="Hanh Hoang" uid="4391953">
  <nd ref="8869249749"/>
  <nd ref="8869249750"/>
  <nd ref="8869249751"/>
  <nd ref="8869249752"/>
  <nd ref="8869249749"/>
  <tag k="addr:city" v="Hà Nội"/>
  <tag k="addr:district" v="Hà Đông"/>
  <tag k="addr:street" v="Đường Trần Phú"/>
  <tag k="addr:subdistrict" v="Mộ Lao"/>
  <tag k="building" v="yes"/>
  <tag k="building:levels" v="1"/>
  <tag k="name" v="Startup Center"/>
 </way>
 <way id="958560270" visible="true" version="1" changeset="107023906" timestamp="2021-06-27T06:32:10Z" user="Hanh Hoang" uid="4391953">
  <nd ref="8869249753"/>
  <nd ref="8869249754"/>
  <nd ref="8869249755"/>
  <nd ref="8869249756"/>
  <nd ref="8869249753"/>
  <tag k="addr:city" v="Hà Nội"/>
  <tag k="addr:district" v="Hà Đông"/>
  <tag k="addr:subdistrict" v="Mộ Lao"/>
  <tag k="building" v="yes"/>
  <tag k="building:levels" v="1"/>
 </way>
 <way id="963557977" visible="true" version="1" changeset="107814813" timestamp="2021-07-12T06:44:46Z" user="vietnam321" uid="11196308">
  <nd ref="8912947927"/>
  <nd ref="8912930414"/>
  <nd ref="8912948020"/>
  <nd ref="8912930398"/>
  <nd ref="8912947927"/>
  <tag k="building" v="yes"/>
 </way>
 <way id="965287182" visible="true" version="1" changeset="108177463" timestamp="2021-07-18T02:29:38Z" user="AlexLumi" uid="13770895">
  <nd ref="8929690473"/>
  <nd ref="8929690474"/>
  <nd ref="8929690479"/>
  <nd ref="8929690475"/>
  <nd ref="8929690476"/>
  <nd ref="8929690477"/>
  <nd ref="8929690478"/>
  <nd ref="8929690473"/>
  <tag k="addr:city" v="Hà Nội"/>
  <tag k="addr:district" v="Hà Đông"/>
  <tag k="addr:province" v="Hà Nội"/>
  <tag k="addr:subdistrict" v="Mỗ Lao"/>
  <tag k="building" v="apartments"/>
  <tag k="building:levels" v="40"/>
  <tag k="name" v="Tòa S1"/>
 </way>
 <way id="965287262" visible="true" version="1" changeset="108177473" timestamp="2021-07-18T02:30:59Z" user="AlexLumi" uid="13770895">
  <nd ref="8929680113"/>
  <nd ref="8929680114"/>
  <nd ref="8929680115"/>
  <nd ref="8929680116"/>
  <nd ref="8929698517"/>
  <nd ref="8929698518"/>
  <nd ref="8929698519"/>
  <nd ref="8929698520"/>
  <nd ref="8929698521"/>
  <nd ref="8929698522"/>
  <nd ref="8929698523"/>
  <nd ref="8929698524"/>
  <nd ref="8929680113"/>
  <tag k="addr:city" v="Hà Nội"/>
  <tag k="addr:district" v="Hà Đông"/>
  <tag k="addr:province" v="Hà Nội"/>
  <tag k="addr:subdistrict" v="Mỗ Lao"/>
  <tag k="building" v="apartments"/>
  <tag k="building:levels" v="40"/>
  <tag k="name" v="Tòa S2"/>
 </way>
 <way id="965287459" visible="true" version="1" changeset="108177489" timestamp="2021-07-18T02:32:20Z" user="AlexLumi" uid="13770895">
  <nd ref="8929682663"/>
  <nd ref="8929682664"/>
  <nd ref="8929682665"/>
  <nd ref="8929682666"/>
  <nd ref="8929682667"/>
  <nd ref="8929682668"/>
  <nd ref="8929682669"/>
  <nd ref="8929682670"/>
  <nd ref="8929682671"/>
  <nd ref="8929682672"/>
  <nd ref="8929682673"/>
  <nd ref="8929682674"/>
  <nd ref="8929682663"/>
  <tag k="addr:city" v="Hà Nội"/>
  <tag k="addr:district" v="Hà Đông"/>
  <tag k="addr:province" v="Hà Nội"/>
  <tag k="addr:subdistrict" v="Mỗ Lao"/>
  <tag k="building" v="apartments"/>
  <tag k="building:levels" v="40"/>
  <tag k="name" v="Tòa S3"/>
 </way>
 <way id="965287661" visible="true" version="2" changeset="108177613" timestamp="2021-07-18T02:44:42Z" user="AlexLumi" uid="13770895">
  <nd ref="8929712878"/>
  <nd ref="8929712879"/>
  <nd ref="8929699714"/>
  <nd ref="8929699715"/>
  <nd ref="8929699716"/>
  <nd ref="8929700617"/>
  <nd ref="8929712878"/>
  <tag k="addr:city" v="Hà Nội"/>
  <tag k="addr:district" v="Hà Đông"/>
  <tag k="addr:province" v="Hà Nội"/>
  <tag k="addr:subdistrict" v="Mỗ Lao"/>
  <tag k="building" v="apartments"/>
  <tag k="building:levels" v="40"/>
  <tag k="name" v="Tòa S4"/>
 </way>
 <way id="965288778" visible="true" version="1" changeset="108177622" timestamp="2021-07-18T02:45:53Z" user="AlexLumi" uid="13770895">
  <nd ref="8929678459"/>
  <nd ref="8929678460"/>
  <nd ref="8929678461"/>
  <nd ref="8929678462"/>
  <nd ref="8929678459"/>
  <tag k="leisure" v="swimming_pool"/>
  <tag k="location" v="outdoor"/>
  <tag k="name" v="Bể bơi Ngoài trời S2 Season avenue"/>
  <tag k="swimming_pool" v="outdoor"/>
 </way>
 <way id="974572932" visible="true" version="4" changeset="183763966" timestamp="2026-06-07T05:49:00Z" user="vietnam321" uid="11196308">
  <nd ref="2189336941"/>
  <nd ref="12725862772"/>
  <nd ref="2189336938"/>
  <tag k="highway" v="tertiary"/>
  <tag k="name" v="Phố Nguyễn Văn Lộc"/>
  <tag k="name:etymology:wikidata" v="Q16480408"/>
  <tag k="oneway" v="yes"/>
 </way>
 <way id="974572935" visible="true" version="10" changeset="183763966" timestamp="2026-06-07T05:38:36Z" user="vietnam321" uid="11196308">
  <nd ref="444394937"/>
  <nd ref="444394935"/>
  <nd ref="13653176830"/>
  <nd ref="444394932"/>
  <nd ref="444394953"/>
  <nd ref="6661649328"/>
  <nd ref="444394951"/>
  <nd ref="5710056505"/>
  <nd ref="8334164575"/>
  <nd ref="6661487945"/>
  <tag k="highway" v="trunk"/>
  <tag k="lanes" v="5"/>
  <tag k="lit" v="yes"/>
  <tag k="maxspeed" v="60"/>
  <tag k="name" v="Đường Trần Phú"/>
  <tag k="name:en" v="Tran Phu Road"/>
  <tag k="name:etymology:wikidata" v="Q4507024"/>
  <tag k="oneway" v="yes"/>
  <tag k="ref" v="QL.6"/>
  <tag k="surface" v="asphalt"/>
  <tag k="wikidata" v="Q2006553"/>
  <tag k="wikipedia" v="vi:Quốc lộ 6"/>
 </way>
 <way id="976633065" visible="true" version="7" changeset="174893221" timestamp="2025-11-20T07:21:17Z" user="Tommybara" uid="12198525">
  <nd ref="9037592395"/>
  <nd ref="9037592408"/>
  <nd ref="9037592396"/>
  <nd ref="9037592397"/>
  <nd ref="9037592398"/>
  <nd ref="9037592399"/>
  <nd ref="9037592400"/>
  <nd ref="9037592401"/>
  <nd ref="9037592402"/>
  <nd ref="9037592403"/>
  <nd ref="9037592395"/>
  <tag k="amenity" v="school"/>
  <tag k="education" v="school"/>
  <tag k="grades" v="6-9"/>
  <tag k="name" v="Trường Trung học cơ sở Mỗ Lao"/>
 </way>
 <way id="976633066" visible="true" version="1" changeset="110278194" timestamp="2021-08-26T10:15:35Z" user="vietnam321" uid="11196308">
  <nd ref="9037592396"/>
  <nd ref="9037592404"/>
  <nd ref="9037592405"/>
  <nd ref="9037592414"/>
  <nd ref="9037592406"/>
  <nd ref="9037592413"/>
  <nd ref="9037592407"/>
  <nd ref="9037592412"/>
  <nd ref="9037592408"/>
  <nd ref="9037592396"/>
  <tag k="landuse" v="commercial"/>
 </way>
 <way id="976633067" visible="true" version="1" changeset="110278194" timestamp="2021-08-26T10:15:35Z" user="vietnam321" uid="11196308">
  <nd ref="9037592411"/>
  <nd ref="9037592412"/>
  <nd ref="9037592408"/>
  <nd ref="9037592395"/>
  <nd ref="9037592411"/>
  <tag k="amenity" v="clinic"/>
  <tag k="healthcare" v="clinic"/>
  <tag k="name" v="Trạm Y tế phường Mỗ Lao"/>
 </way>
 <way id="976633068" visible="true" version="1" changeset="110278194" timestamp="2021-08-26T10:15:35Z" user="vietnam321" uid="11196308">
  <nd ref="9037592407"/>
  <nd ref="9037592415"/>
  <nd ref="9037592416"/>
  <nd ref="9037592417"/>
  <nd ref="9037592411"/>
  <nd ref="9037592412"/>
  <nd ref="9037592407"/>
  <tag k="amenity" v="police"/>
  <tag k="name" v="Công an phường Mỗ Lao"/>
 </way>
 <way id="1002534081" visible="true" version="1" changeset="113791434" timestamp="2021-11-15T07:30:01Z" user="DucToan2410" uid="7563149">
  <nd ref="9252435129"/>
  <nd ref="9252435130"/>
  <nd ref="9252435131"/>
  <nd ref="9252435132"/>
  <nd ref="9252435133"/>
  <nd ref="9252435129"/>
  <tag k="leisure" v="park"/>
  <tag k="name" v="Vườn hoa"/>
 </way>
 <way id="1002535124" visible="true" version="1" changeset="113791562" timestamp="2021-11-15T07:33:00Z" user="DucToan2410" uid="7563149">
  <nd ref="9252434641"/>
  <nd ref="9252434642"/>
  <nd ref="9252434643"/>
  <nd ref="9252434644"/>
  <nd ref="9252434641"/>
  <tag k="leisure" v="park"/>
  <tag k="name" v="Vườn hoa"/>
 </way>
 <way id="1021892490" visible="true" version="2" changeset="161216052" timestamp="2025-01-10T18:28:52Z" user="ZioDragon" uid="13799024">
  <nd ref="5875603150"/>
  <nd ref="9424945492"/>
  <nd ref="9424945493"/>
  <nd ref="9424945494"/>
  <tag k="bridge" v="viaduct"/>
  <tag k="electrified" v="rail"/>
  <tag k="gauge" v="1435"/>
  <tag k="layer" v="2"/>
  <tag k="maxspeed" v="80"/>
  <tag k="name" v="Đường sắt đô thị 2A Hà Nội (Phân đoạn Cát Linh - Hà Đông)"/>
  <tag k="name:en" v="Hanoi Metro Line 2A (Cat Linh - Ha Dong Section)"/>
  <tag k="name:ja" v="ハノイ・メトロ2A号線"/>
  <tag k="name:vi" v="Đường sắt đô thị 2A Hà Nội (Phân đoạn Cát Linh - Hà Đông)"/>
  <tag k="name:zh" v="河內都市鐵路2A號線"/>
  <tag k="railway" v="subway"/>
  <tag k="ref" v="T2A"/>
  <tag k="service" v="crossover"/>
  <tag k="start_date" v="2021-11-06"/>
  <tag k="tracks" v="2"/>
  <tag k="usage" v="main"/>
  <tag k="voltage" v="750"/>
  <tag k="wikidata" v="Q30919856"/>
  <tag k="wikipedia" v="vi:Tuyến 2A (Đường sắt đô thị Hà Nội)"/>
 </way>
 <way id="1021892491" visible="true" version="2" changeset="161216052" timestamp="2025-01-10T18:28:52Z" user="ZioDragon" uid="13799024">
  <nd ref="9424945495"/>
  <nd ref="9424945496"/>
  <tag k="bridge" v="viaduct"/>
  <tag k="electrified" v="rail"/>
  <tag k="gauge" v="1435"/>
  <tag k="layer" v="2"/>
  <tag k="maxspeed" v="80"/>
  <tag k="name" v="Đường sắt đô thị 2A Hà Nội (Phân đoạn Cát Linh - Hà Đông)"/>
  <tag k="name:en" v="Hanoi Metro Line 2A (Cat Linh - Ha Dong Section)"/>
  <tag k="name:ja" v="ハノイ・メトロ2A号線"/>
  <tag k="name:vi" v="Đường sắt đô thị 2A Hà Nội (Phân đoạn Cát Linh - Hà Đông)"/>
  <tag k="name:zh" v="河內都市鐵路2A號線"/>
  <tag k="railway" v="subway"/>
  <tag k="ref" v="T2A"/>
  <tag k="service" v="crossover"/>
  <tag k="start_date" v="2021-11-06"/>
  <tag k="tracks" v="2"/>
  <tag k="usage" v="main"/>
  <tag k="voltage" v="750"/>
  <tag k="wikidata" v="Q30919856"/>
  <tag k="wikipedia" v="vi:Tuyến 2A (Đường sắt đô thị Hà Nội)"/>
 </way>
 <way id="1021892492" visible="true" version="2" changeset="161216052" timestamp="2025-01-10T18:28:52Z" user="ZioDragon" uid="13799024">
  <nd ref="9424945497"/>
  <nd ref="9424945498"/>
  <tag k="bridge" v="viaduct"/>
  <tag k="electrified" v="rail"/>
  <tag k="gauge" v="1435"/>
  <tag k="layer" v="2"/>
  <tag k="maxspeed" v="80"/>
  <tag k="name" v="Đường sắt đô thị 2A Hà Nội (Phân đoạn Cát Linh - Hà Đông)"/>
  <tag k="name:en" v="Hanoi Metro Line 2A (Cat Linh - Ha Dong Section)"/>
  <tag k="name:ja" v="ハノイ・メトロ2A号線"/>
  <tag k="name:vi" v="Đường sắt đô thị 2A Hà Nội (Phân đoạn Cát Linh - Hà Đông)"/>
  <tag k="name:zh" v="河內都市鐵路2A號線"/>
  <tag k="railway" v="subway"/>
  <tag k="ref" v="T2A"/>
  <tag k="service" v="crossover"/>
  <tag k="start_date" v="2021-11-06"/>
  <tag k="tracks" v="2"/>
  <tag k="usage" v="main"/>
  <tag k="voltage" v="750"/>
  <tag k="wikidata" v="Q30919856"/>
  <tag k="wikipedia" v="vi:Tuyến 2A (Đường sắt đô thị Hà Nội)"/>
 </way>
 <way id="1039358804" visible="true" version="5" changeset="178325826" timestamp="2026-02-09T18:48:23Z" user="HoangQuanHDFPV" uid="22644759">
  <nd ref="9571079706"/>
  <nd ref="9571079712"/>
  <nd ref="10316830215"/>
  <nd ref="9571079707"/>
  <tag k="highway" v="residential"/>
 </way>
 <way id="1039358806" visible="true" version="4" changeset="178325826" timestamp="2026-02-09T18:48:23Z" user="HoangQuanHDFPV" uid="22644759">
  <nd ref="9571079709"/>
  <nd ref="9571079710"/>
  <tag k="highway" v="residential"/>
 </way>
 <way id="1039358809" visible="true" version="5" changeset="178325826" timestamp="2026-02-09T18:48:23Z" user="HoangQuanHDFPV" uid="22644759">
  <nd ref="2189337189"/>
  <nd ref="9571079707"/>
  <nd ref="11238317483"/>
  <nd ref="2189337200"/>
  <tag k="highway" v="residential"/>
  <tag k="name" v="Ngách Season Trung Văn"/>
 </way>
 <way id="1040461819" visible="true" version="1" changeset="118500811" timestamp="2022-03-15T08:39:04Z" user="gan_ven" uid="11732251">
  <nd ref="9580122736"/>
  <nd ref="9580122733"/>
  <nd ref="9580122734"/>
  <nd ref="9580122735"/>
  <nd ref="9580122736"/>
  <tag k="building" v="yes"/>
  <tag k="import" v="grabremote"/>
 </way>
 <way id="1040461820" visible="true" version="1" changeset="118500811" timestamp="2022-03-15T08:39:04Z" user="gan_ven" uid="11732251">
  <nd ref="9580122740"/>
  <nd ref="9580122739"/>
  <nd ref="9580122738"/>
  <nd ref="9580122737"/>
  <nd ref="9580122740"/>
  <tag k="building" v="yes"/>
  <tag k="import" v="grabremote"/>
 </way>
 <way id="1040461821" visible="true" version="1" changeset="118500811" timestamp="2022-03-15T08:39:04Z" user="gan_ven" uid="11732251">
  <nd ref="9580122744"/>
  <nd ref="9580122743"/>
  <nd ref="9580122742"/>
  <nd ref="9580122741"/>
  <nd ref="9580122744"/>
  <tag k="building" v="yes"/>
  <tag k="import" v="grabremote"/>
 </way>
 <way id="1040461822" visible="true" version="1" changeset="118500811" timestamp="2022-03-15T08:39:04Z" user="gan_ven" uid="11732251">
  <nd ref="9580122748"/>
  <nd ref="9580122747"/>
  <nd ref="9580122746"/>
  <nd ref="9580122745"/>
  <nd ref="9580122748"/>
  <tag k="building" v="yes"/>
  <tag k="import" v="grabremote"/>
 </way>
 <way id="1040461823" visible="true" version="1" changeset="118500811" timestamp="2022-03-15T08:39:04Z" user="gan_ven" uid="11732251">
  <nd ref="9580122752"/>
  <nd ref="9580122749"/>
  <nd ref="9580122750"/>
  <nd ref="9580122751"/>
  <nd ref="9580122752"/>
  <tag k="building" v="yes"/>
  <tag k="import" v="grabremote"/>
 </way>
 <way id="1040461824" visible="true" version="1" changeset="118500811" timestamp="2022-03-15T08:39:04Z" user="gan_ven" uid="11732251">
  <nd ref="9580122758"/>
  <nd ref="9580122754"/>
  <nd ref="9580122753"/>
  <nd ref="9580122757"/>
  <nd ref="9580122756"/>
  <nd ref="9580122755"/>
  <nd ref="9580122758"/>
  <tag k="building" v="yes"/>
  <tag k="import" v="grabremote"/>
 </way>
 <way id="1040461825" visible="true" version="1" changeset="118500811" timestamp="2022-03-15T08:39:04Z" user="gan_ven" uid="11732251">
  <nd ref="9580122762"/>
  <nd ref="9580122759"/>
  <nd ref="9580122760"/>
  <nd ref="9580122761"/>
  <nd ref="9580122762"/>
  <tag k="building" v="yes"/>
  <tag k="import" v="grabremote"/>
 </way>
 <way id="1040461826" visible="true" version="1" changeset="118500811" timestamp="2022-03-15T08:39:04Z" user="gan_ven" uid="11732251">
  <nd ref="9580122766"/>
  <nd ref="9580122765"/>
  <nd ref="9580122764"/>
  <nd ref="9580122763"/>
  <nd ref="9580122766"/>
  <tag k="building" v="yes"/>
  <tag k="import" v="grabremote"/>
 </way>
 <way id="1040486694" visible="true" version="2" changeset="162559221" timestamp="2025-02-16T06:04:30Z" user="Hung Tran 9x0" uid="20910140">
  <nd ref="9580298455"/>
  <nd ref="9580298454"/>
  <nd ref="9580298453"/>
  <nd ref="9580298452"/>
  <nd ref="9580298448"/>
  <nd ref="9580298449"/>
  <nd ref="9580298450"/>
  <nd ref="9580298451"/>
  <nd ref="9580298455"/>
  <tag k="addr:district" v="quân Hà Đông"/>
  <tag k="addr:province" v="thành phố Hà Nội"/>
  <tag k="addr:subdistrict" v="phường Mộ Lao"/>
  <tag k="building" v="apartments"/>
  <tag k="import" v="grabremote"/>
  <tag k="name" v="Chung cư X25 - Bộ Công an"/>
 </way>
 <way id="1040510959" visible="true" version="1" changeset="118509433" timestamp="2022-03-15T12:22:03Z" user="gan_ven" uid="11732251">
  <nd ref="9580505302"/>
  <nd ref="9580505299"/>
  <nd ref="9580505300"/>
  <nd ref="9580505301"/>
  <nd ref="9580505302"/>
  <tag k="building" v="yes"/>
  <tag k="import" v="grabremote"/>
 </way>
 <way id="1040515899" visible="true" version="1" changeset="118510028" timestamp="2022-03-15T12:39:43Z" user="gan_ven" uid="11732251">
  <nd ref="9580491515"/>
  <nd ref="9580491512"/>
  <nd ref="9580491513"/>
  <nd ref="9580491511"/>
  <nd ref="9580491510"/>
  <nd ref="9580491514"/>
  <nd ref="9580491515"/>
  <tag k="building" v="yes"/>
  <tag k="import" v="grabremote"/>
 </way>
 <way id="1041126470" visible="true" version="2" changeset="136111199" timestamp="2023-05-15T07:01:51Z" user="Hoàng Tuấn Việt" uid="13707170">
  <nd ref="2189337153"/>
  <nd ref="9585316560"/>
  <nd ref="9585316561"/>
  <nd ref="2189337157"/>
  <tag k="highway" v="service"/>
 </way>
 <way id="1046774749" visible="true" version="1" changeset="119148035" timestamp="2022-03-31T08:28:56Z" user="pinnam_22" uid="14936252">
  <nd ref="9625878777"/>
  <nd ref="9625878774"/>
  <nd ref="9625878775"/>
  <nd ref="9625878776"/>
  <nd ref="9625878777"/>
  <tag k="building" v="yes"/>
 </way>
 <way id="1046774750" visible="true" version="1" changeset="119148035" timestamp="2022-03-31T08:28:56Z" user="pinnam_22" uid="14936252">
  <nd ref="9625878781"/>
  <nd ref="9625878778"/>
  <nd ref="9625878779"/>
  <nd ref="9625878780"/>
  <nd ref="9625878781"/>
  <tag k="building" v="yes"/>
 </way>
 <way id="1064227953" visible="true" version="4" changeset="183763966" timestamp="2026-06-07T05:48:18Z" user="vietnam321" uid="11196308">
  <nd ref="12725862765"/>
  <nd ref="2189337039"/>
  <tag k="highway" v="secondary"/>
  <tag k="lanes" v="3"/>
  <tag k="name" v="Phố Vũ Trọng Khánh"/>
  <tag k="name:etymology:wikidata" v="Q10833920"/>
  <tag k="oneway" v="yes"/>
  <tag k="surface" v="asphalt"/>
 </way>
 <way id="1064227954" visible="true" version="4" changeset="183763966" timestamp="2026-06-07T05:48:18Z" user="vietnam321" uid="11196308">
  <nd ref="2189337038"/>
  <nd ref="12725862758"/>
  <nd ref="2189336941"/>
  <tag k="highway" v="secondary"/>
  <tag k="name" v="Phố Vũ Trọng Khánh"/>
  <tag k="name:etymology:wikidata" v="Q10833920"/>
  <tag k="oneway" v="yes"/>
  <tag k="surface" v="asphalt"/>
 </way>
 <way id="1077033612" visible="true" version="2" changeset="173362433" timestamp="2025-10-16T11:57:12Z" user="Tewuzij" uid="16194143">
  <nd ref="9875881797"/>
  <nd ref="9875881798"/>
  <nd ref="9875881799"/>
  <nd ref="9875881800"/>
  <nd ref="9875881801"/>
  <nd ref="9875881802"/>
  <nd ref="9875881797"/>
  <tag k="addr:housenumber" v="2"/>
  <tag k="addr:street" v="Đường Trần Phú"/>
  <tag k="amenity" v="university"/>
  <tag k="education" v="university"/>
  <tag k="name" v="Học viện Y Dược học cổ truyền Việt Nam"/>
 </way>
 <way id="1077033613" visible="true" version="1" changeset="123391172" timestamp="2022-07-09T08:07:48Z" user="vietnam321" uid="11196308">
  <nd ref="9580122736"/>
  <nd ref="9580122733"/>
  <nd ref="9875881803"/>
  <nd ref="9875881804"/>
  <nd ref="9875881805"/>
  <nd ref="9875881806"/>
  <nd ref="9875881807"/>
  <nd ref="9875881811"/>
  <nd ref="9875881808"/>
  <nd ref="9875881809"/>
  <nd ref="9875881810"/>
  <nd ref="9580122736"/>
  <tag k="building" v="yes"/>
 </way>
 <way id="1092262824" visible="true" version="3" changeset="154092337" timestamp="2024-07-18T09:42:31Z" user="phoenixsaigon1698" uid="3323343">
  <nd ref="444394904"/>
  <nd ref="10003470905"/>
  <nd ref="10003470906"/>
  <nd ref="5710056500"/>
  <tag k="highway" v="residential"/>
 </way>
 <way id="1092511433" visible="true" version="8" changeset="183864554" timestamp="2026-06-09T09:15:28Z" user="LKCuong" uid="22177075">
  <nd ref="8347679231"/>
  <nd ref="8831550598"/>
  <nd ref="8347679230"/>
  <nd ref="8347679229"/>
  <nd ref="8347679228"/>
  <nd ref="12443167073"/>
  <nd ref="5710078139"/>
  <tag k="hgv" v="no"/>
  <tag k="highway" v="service"/>
  <tag k="motorcar" v="destination"/>
  <tag k="name" v="Ngách 159/57 Đường Phùng Khoang"/>
  <tag k="note" v="324_3"/>
  <tag k="service" v="alley"/>
  <tag k="smoothness" v="bad"/>
  <tag k="surface" v="dirt"/>
 </way>
 <way id="1098119920" visible="true" version="5" changeset="170094117" timestamp="2025-08-07T08:40:18Z" user="AndjelaS" uid="8951082">
  <nd ref="10054848910"/>
  <nd ref="11217773978"/>
  <nd ref="13055800186"/>
  <nd ref="6352370532"/>
  <tag k="boundary" v="administrative"/>
 </way>
 <way id="1103516899" visible="true" version="5" changeset="171001025" timestamp="2025-08-25T23:36:49Z" user="Tewuzij" uid="16194143">
  <nd ref="12093593072"/>
  <nd ref="10097990446"/>
  <nd ref="10097990449"/>
  <nd ref="10097990447"/>
  <nd ref="10097990450"/>
  <nd ref="10097990448"/>
  <nd ref="12837174754"/>
  <nd ref="10097990465"/>
  <nd ref="10097990451"/>
  <nd ref="10097990466"/>
  <nd ref="10097990467"/>
  <nd ref="10097990468"/>
  <nd ref="10097990461"/>
  <nd ref="10097990462"/>
  <nd ref="10097990469"/>
  <nd ref="10097990470"/>
  <nd ref="10097990477"/>
  <tag k="footway" v="sidewalk"/>
  <tag k="highway" v="footway"/>
  <tag k="lit" v="yes"/>
 </way>
 <way id="1106866558" visible="true" version="1" changeset="128045550" timestamp="2022-10-25T15:27:08Z" user="DucToan2410" uid="7563149">
  <nd ref="10128363418"/>
  <nd ref="10128363419"/>
  <nd ref="10128363420"/>
  <nd ref="10128363421"/>
  <nd ref="10128363418"/>
  <tag k="leisure" v="park"/>
  <tag k="name" v="Vườn hoa"/>
 </way>
 <way id="1109636297" visible="true" version="7" changeset="179967402" timestamp="2026-03-16T19:06:44Z" user="ZioDragon" uid="13799024">
  <nd ref="6661487944"/>
  <nd ref="444394900"/>
  <nd ref="12837174750"/>
  <nd ref="2570960522"/>
  <nd ref="6661649329"/>
  <nd ref="5709972952"/>
  <nd ref="444394888"/>
  <tag k="highway" v="trunk"/>
  <tag k="lit" v="yes"/>
  <tag k="name" v="Đường Trần Phú"/>
  <tag k="oneway" v="yes"/>
  <tag k="ref" v="QL.6"/>
  <tag k="surface" v="asphalt"/>
 </way>
 <way id="1126659973" visible="true" version="2" changeset="178170069" timestamp="2026-02-06T06:23:32Z" user="GrabVN_HHanh" uid="21825758">
  <nd ref="10302202273"/>
  <nd ref="10302202274"/>
  <nd ref="10302202275"/>
  <nd ref="13528130406"/>
  <nd ref="10302202276"/>
  <nd ref="10302202277"/>
  <nd ref="10302202278"/>
  <nd ref="10302202279"/>
  <nd ref="10302202280"/>
  <nd ref="10302202281"/>
  <nd ref="10302202282"/>
  <nd ref="10302202283"/>
  <nd ref="10302202284"/>
  <nd ref="10302202285"/>
  <tag k="highway" v="service"/>
  <tag k="motorcar" v="destination"/>
  <tag k="name" v="Ngõ 6 Phố Nguyễn Văn Trỗi"/>
  <tag k="service" v="alley"/>
 </way>
 <way id="1126659974" visible="true" version="1" changeset="130820857" timestamp="2023-01-03T10:48:01Z" user="Arkskyle" uid="17344224">
  <nd ref="10302202286"/>
  <nd ref="10302202285"/>
  <nd ref="10302202288"/>
  <nd ref="10302202287"/>
  <tag k="highway" v="service"/>
  <tag k="name" v="Ngõ 6 Phố Nguyễn Văn Trỗi"/>
 </way>
 <way id="1126659975" visible="true" version="1" changeset="130820857" timestamp="2023-01-03T10:48:01Z" user="Arkskyle" uid="17344224">
  <nd ref="10302202288"/>
  <nd ref="10302202289"/>
  <nd ref="10302202290"/>
  <tag k="highway" v="service"/>
  <tag k="name" v="Ngách 31 Ngõ 6 Phố Nguyễn Văn Trỗi"/>
 </way>
 <way id="1126659976" visible="true" version="1" changeset="130820857" timestamp="2023-01-03T10:48:01Z" user="Arkskyle" uid="17344224">
  <nd ref="10302202290"/>
  <nd ref="10302202291"/>
  <tag k="highway" v="service"/>
 </way>
 <way id="1126662431" visible="true" version="2" changeset="178170069" timestamp="2026-02-06T06:23:32Z" user="GrabVN_HHanh" uid="21825758">
  <nd ref="10302224210"/>
  <nd ref="10302224211"/>
  <nd ref="10302224212"/>
  <tag k="highway" v="service"/>
  <tag k="motorcar" v="destination"/>
  <tag k="name" v="Ngõ 4 Phố Nguyễn Văn Trỗi"/>
  <tag k="service" v="alley"/>
 </way>
 <way id="1126662432" visible="true" version="2" changeset="178170069" timestamp="2026-02-06T06:23:32Z" user="GrabVN_HHanh" uid="21825758">
  <nd ref="10302202279"/>
  <nd ref="10302224213"/>
  <nd ref="10302224210"/>
  <tag k="highway" v="service"/>
  <tag k="motorcar" v="destination"/>
  <tag k="name" v="Ngõ 4 Phố Nguyễn Văn Trỗi"/>
  <tag k="service" v="alley"/>
 </way>
 <way id="1126662433" visible="true" version="1" changeset="130821180" timestamp="2023-01-03T10:58:46Z" user="Arkskyle" uid="17344224">
  <nd ref="10302224213"/>
  <nd ref="10302224214"/>
  <tag k="highway" v="service"/>
  <tag k="service" v="alley"/>
 </way>
 <way id="1182274032" visible="true" version="3" changeset="174051247" timestamp="2025-11-01T09:02:14Z" user="Tewuzij" uid="16194143">
  <nd ref="10979075516"/>
  <nd ref="10979075517"/>
  <nd ref="10979075518"/>
  <nd ref="10979075519"/>
  <nd ref="10979075520"/>
  <nd ref="10979075521"/>
  <nd ref="10979075522"/>
  <nd ref="10979075523"/>
  <nd ref="10979075524"/>
  <nd ref="10979075525"/>
  <nd ref="10979075526"/>
  <nd ref="10979075527"/>
  <nd ref="10979075528"/>
  <nd ref="10979075529"/>
  <nd ref="10979075530"/>
  <nd ref="10979075531"/>
  <nd ref="10979075532"/>
  <nd ref="10979075533"/>
  <nd ref="10979075534"/>
  <nd ref="10979075535"/>
  <nd ref="10979075536"/>
  <nd ref="10979075537"/>
  <nd ref="10979075516"/>
  <tag k="amenity" v="school"/>
  <tag k="education" v="school"/>
  <tag k="email" v="info@truenorth.edu.vn"/>
  <tag k="grades" v="0-12"/>
  <tag k="name" v="Trường Quốc tế True North"/>
  <tag k="name:en" v="True North School"/>
  <tag k="phone" v="+84 94 435 9393"/>
  <tag k="website" v="https://truenorth.edu.vn"/>
 </way>
 <way id="1213043264" visible="true" version="3" changeset="178325826" timestamp="2026-02-09T18:48:23Z" user="HoangQuanHDFPV" uid="22644759">
  <nd ref="11238317483"/>
  <nd ref="12060928383"/>
  <nd ref="11238317484"/>
  <nd ref="8337010367"/>
  <tag k="highway" v="residential"/>
 </way>
 <way id="1216164148" visible="true" version="5" changeset="174493336" timestamp="2025-11-11T05:26:59Z" user="Hung Tran 9x0" uid="20910140">
  <nd ref="11268464624"/>
  <nd ref="13088581536"/>
  <nd ref="11268464625"/>
  <nd ref="11268464626"/>
  <nd ref="11268464628"/>
  <nd ref="11268464629"/>
  <nd ref="11268464630"/>
  <nd ref="11268464631"/>
  <nd ref="13088581535"/>
  <nd ref="11268464632"/>
  <nd ref="11268464633"/>
  <nd ref="11268464634"/>
  <nd ref="11268464624"/>
  <tag k="addr:district" v="Quận Hà Đông"/>
  <tag k="addr:province" v="Thành phố Hà Nội"/>
  <tag k="addr:street" v="Ngõ 67 Phùng Khoang"/>
  <tag k="building" v="apartments"/>
  <tag k="building:levels" v="17"/>
  <tag k="name" v="Chung cư An Lạc - Phùng Khoang"/>
 </way>
 <way id="1216164156" visible="true" version="2" changeset="144889286" timestamp="2023-12-08T06:29:14Z" user="ItsLouisAnderson" uid="11691953">
  <nd ref="11268464663"/>
  <nd ref="11268464664"/>
  <nd ref="11268464665"/>
  <nd ref="11402514988"/>
  <nd ref="11268464666"/>
  <nd ref="11402514989"/>
  <nd ref="11268464667"/>
  <nd ref="11268464668"/>
  <nd ref="11268509669"/>
  <nd ref="11268509670"/>
  <nd ref="11268509671"/>
  <nd ref="11268464663"/>
  <tag k="landuse" v="grass"/>
 </way>
 <way id="1216164157" visible="true" version="2" changeset="183366508" timestamp="2026-05-29T17:20:26Z" user="ZioDragon" uid="13799024">
  <nd ref="11268509672"/>
  <nd ref="11268509673"/>
  <nd ref="11268509674"/>
  <nd ref="11268509675"/>
  <nd ref="11268509676"/>
  <nd ref="11268509677"/>
  <nd ref="11268509678"/>
  <nd ref="11268509672"/>
  <tag k="landuse" v="construction"/>
  <tag k="name" v="CT2 Booyoung Vina"/>
 </way>
 <way id="1219311370" visible="true" version="3" changeset="182682176" timestamp="2026-05-15T06:57:55Z" user="Hung159" uid="22065819">
  <nd ref="6415929823"/>
  <nd ref="11297905414"/>
  <tag k="highway" v="service"/>
  <tag k="name" v="Ngách 121/4 Đường Trần Phú"/>
  <tag k="service" v="alley"/>
 </way>
 <way id="1219311371" visible="true" version="4" changeset="182682176" timestamp="2026-05-15T06:57:55Z" user="Hung159" uid="22065819">
  <nd ref="8831513332"/>
  <nd ref="11297905415"/>
  <nd ref="11297905416"/>
  <tag k="highway" v="service"/>
  <tag k="name" v="Ngách 121/3 Đường Trần Phú"/>
  <tag k="service" v="alley"/>
 </way>
 <way id="1219311372" visible="true" version="4" changeset="182682176" timestamp="2026-05-15T06:57:55Z" user="Hung159" uid="22065819">
  <nd ref="11297905417"/>
  <nd ref="11297905418"/>
  <tag k="highway" v="service"/>
  <tag k="name" v="Ngách 121/6 Đường Trần Phú"/>
  <tag k="service" v="alley"/>
 </way>
 <way id="1219311373" visible="true" version="3" changeset="182682176" timestamp="2026-05-15T06:57:55Z" user="Hung159" uid="22065819">
  <nd ref="9565445167"/>
  <nd ref="11297905419"/>
  <tag k="highway" v="service"/>
  <tag k="name" v="Ngách 121/2 Đường Trần Phú"/>
  <tag k="service" v="alley"/>
 </way>
 <way id="1219311374" visible="true" version="3" changeset="182682176" timestamp="2026-05-15T06:57:55Z" user="Hung159" uid="22065819">
  <nd ref="9565445167"/>
  <nd ref="11297905420"/>
  <tag k="highway" v="service"/>
  <tag k="name" v="Ngách 121/1 Đường Trần Phú"/>
  <tag k="service" v="alley"/>
 </way>
 <way id="1222149746" visible="true" version="5" changeset="183454183" timestamp="2026-05-31T15:30:03Z" user="Duy Hung Vu" uid="24026663">
  <nd ref="11335073918"/>
  <nd ref="11337712335"/>
  <nd ref="11335073919"/>
  <nd ref="11335073920"/>
  <nd ref="11335073921"/>
  <nd ref="11335073922"/>
  <nd ref="11335073923"/>
  <nd ref="12131044456"/>
  <nd ref="11335073924"/>
  <tag k="highway" v="service"/>
  <tag k="motorcar" v="destination"/>
  <tag k="motor_vehicle" v="destination"/>
  <tag k="name" v="Ngõ 36 Phố An Hòa"/>
 </way>
 <way id="1222432725" visible="true" version="2" changeset="155644676" timestamp="2024-08-23T10:29:17Z" user="openmap-vn" uid="21213273">
  <nd ref="8831530647"/>
  <nd ref="11335073922"/>
  <nd ref="11337712337"/>
  <nd ref="11337712336"/>
  <tag k="highway" v="service"/>
 </way>
 <way id="1228555103" visible="true" version="2" changeset="168425943" timestamp="2025-07-03T05:19:56Z" user="rajdhani" uid="20051396">
  <nd ref="11393362115"/>
  <nd ref="11393362119"/>
  <tag k="highway" v="service"/>
  <tag k="motorcar" v="destination"/>
  <tag k="service" v="alley"/>
 </way>
 <way id="1229594688" visible="true" version="1" changeset="144889286" timestamp="2023-12-08T06:29:14Z" user="ItsLouisAnderson" uid="11691953">
  <nd ref="11402498933"/>
  <nd ref="11402498934"/>
  <nd ref="11402498935"/>
  <nd ref="11402498936"/>
  <nd ref="11402498937"/>
  <nd ref="11402498938"/>
  <nd ref="11402514896"/>
  <nd ref="11402498939"/>
  <nd ref="11402498940"/>
  <nd ref="11402498941"/>
  <nd ref="11402498942"/>
  <nd ref="11402498943"/>
  <nd ref="11402514895"/>
  <nd ref="11402498944"/>
  <nd ref="11402498945"/>
  <nd ref="11402498946"/>
  <nd ref="11402498947"/>
  <nd ref="11402498948"/>
  <nd ref="11402498949"/>
  <nd ref="11402498950"/>
  <nd ref="11402498957"/>
  <nd ref="11402498968"/>
  <nd ref="11402515129"/>
  <nd ref="11402515121"/>
  <nd ref="11402498951"/>
  <nd ref="11402498952"/>
  <nd ref="11402498953"/>
  <nd ref="11402498954"/>
  <nd ref="11402498955"/>
  <nd ref="11402498956"/>
  <nd ref="11402498933"/>
  <tag k="landuse" v="cemetery"/>
  <tag k="name" v="Nghĩa trang Mỗ Lao"/>
 </way>
 <way id="1229594689" visible="true" version="1" changeset="144889286" timestamp="2023-12-08T06:29:14Z" user="ItsLouisAnderson" uid="11691953">
  <nd ref="11402498950"/>
  <nd ref="11402498959"/>
  <nd ref="11402515120"/>
  <nd ref="11402514877"/>
  <nd ref="11402498960"/>
  <nd ref="11402498947"/>
  <nd ref="11402498948"/>
  <nd ref="11402498949"/>
  <nd ref="11402498950"/>
  <tag k="name" v="Trạm biến áp 110 kV Mỗ Lao"/>
  <tag k="power" v="substation"/>
  <tag k="substation" v="transmission"/>
  <tag k="voltage" v="110000"/>
 </way>
 <way id="1229594690" visible="true" version="1" changeset="144889286" timestamp="2023-12-08T06:29:14Z" user="ItsLouisAnderson" uid="11691953">
  <nd ref="11402498933"/>
  <nd ref="11402498961"/>
  <nd ref="11402498962"/>
  <nd ref="11402498963"/>
  <nd ref="11402498964"/>
  <nd ref="11402515132"/>
  <nd ref="11402498965"/>
  <nd ref="11402515141"/>
  <nd ref="11402515140"/>
  <nd ref="11402498966"/>
  <nd ref="11402498967"/>
  <nd ref="11402515126"/>
  <nd ref="11402515130"/>
  <nd ref="11402515127"/>
  <nd ref="11402498968"/>
  <nd ref="11402515129"/>
  <nd ref="11402515121"/>
  <nd ref="11402498951"/>
  <nd ref="11402498952"/>
  <nd ref="11402498953"/>
  <nd ref="11402498954"/>
  <nd ref="11402498955"/>
  <nd ref="11402498956"/>
  <nd ref="11402498933"/>
 </way>
 <way id="1229594692" visible="true" version="1" changeset="144889286" timestamp="2023-12-08T06:29:14Z" user="ItsLouisAnderson" uid="11691953">
  <nd ref="11402514877"/>
  <nd ref="11402514878"/>
  <nd ref="11402514879"/>
  <nd ref="11402514880"/>
  <nd ref="11402514881"/>
  <nd ref="11402514882"/>
  <nd ref="11402514883"/>
  <nd ref="11402514884"/>
  <nd ref="11402514885"/>
  <nd ref="11402514886"/>
  <nd ref="11402514887"/>
  <nd ref="11402514888"/>
  <nd ref="11402514889"/>
  <nd ref="11402514890"/>
  <nd ref="11402514891"/>
  <nd ref="11402514892"/>
  <nd ref="11402514893"/>
  <nd ref="11402514894"/>
  <nd ref="11402498944"/>
  <nd ref="11402498945"/>
  <nd ref="11402498946"/>
  <nd ref="11402498947"/>
  <nd ref="11402498960"/>
  <nd ref="11402514877"/>
 </way>
 <way id="1229594693" visible="true" version="1" changeset="144889286" timestamp="2023-12-08T06:29:14Z" user="ItsLouisAnderson" uid="11691953">
  <nd ref="11402514898"/>
  <nd ref="11402515113"/>
  <nd ref="11402514899"/>
  <nd ref="11402514900"/>
  <nd ref="11402514901"/>
  <nd ref="11402514902"/>
  <nd ref="11402515039"/>
  <nd ref="11402514903"/>
  <nd ref="11402514904"/>
  <nd ref="11402514905"/>
  <nd ref="11402514906"/>
  <nd ref="11402514907"/>
  <nd ref="11402514908"/>
  <nd ref="11402514909"/>
  <nd ref="11402514951"/>
  <nd ref="11402515034"/>
  <nd ref="11402514910"/>
  <nd ref="11402514911"/>
  <nd ref="11402514912"/>
  <nd ref="11402514913"/>
  <nd ref="11402514914"/>
  <nd ref="11402514915"/>
  <nd ref="11402514916"/>
  <nd ref="11402514917"/>
  <nd ref="11402515072"/>
  <nd ref="11402514918"/>
  <nd ref="11402514919"/>
  <nd ref="11402514920"/>
  <nd ref="11402514921"/>
  <nd ref="11402514922"/>
  <nd ref="11402514923"/>
  <nd ref="11402514924"/>
  <nd ref="11402514925"/>
  <nd ref="11402514926"/>
  <nd ref="11402514927"/>
  <nd ref="11402514928"/>
  <nd ref="11402514929"/>
  <nd ref="11402514930"/>
  <nd ref="11402514931"/>
  <nd ref="11402514932"/>
  <nd ref="11402514933"/>
  <nd ref="11402514898"/>
  <tag k="area" v="yes"/>
  <tag k="highway" v="pedestrian"/>
 </way>
 <way id="1229594694" visible="true" version="1" changeset="144889286" timestamp="2023-12-08T06:29:14Z" user="ItsLouisAnderson" uid="11691953">
  <nd ref="11402514910"/>
  <nd ref="11402514934"/>
  <nd ref="11402514935"/>
  <nd ref="11402514936"/>
  <nd ref="11402514955"/>
  <nd ref="11402515096"/>
  <nd ref="11402514957"/>
  <nd ref="11402514956"/>
  <nd ref="11402514937"/>
  <nd ref="11402514938"/>
  <nd ref="11402515051"/>
  <nd ref="11402514939"/>
  <nd ref="11402514940"/>
  <nd ref="11402514941"/>
  <nd ref="11402514942"/>
  <nd ref="11402515038"/>
  <nd ref="11402514943"/>
  <nd ref="11402514944"/>
  <nd ref="11402514945"/>
  <nd ref="11402514946"/>
  <nd ref="11402515100"/>
  <nd ref="11402514947"/>
  <nd ref="11402514948"/>
  <nd ref="11402514954"/>
  <nd ref="11402514953"/>
  <nd ref="11402515082"/>
  <nd ref="11402514952"/>
  <nd ref="11402514949"/>
  <nd ref="11402514950"/>
  <nd ref="11402514951"/>
  <nd ref="11402515034"/>
  <nd ref="11402514910"/>
  <tag k="area" v="yes"/>
  <tag k="highway" v="pedestrian"/>
 </way>
 <way id="1229594695" visible="true" version="1" changeset="144889286" timestamp="2023-12-08T06:29:14Z" user="ItsLouisAnderson" uid="11691953">
  <nd ref="11402514902"/>
  <nd ref="11402514958"/>
  <nd ref="11402514959"/>
  <nd ref="11402514960"/>
  <nd ref="11402514961"/>
  <nd ref="11402514962"/>
  <nd ref="11402515094"/>
  <nd ref="11402514963"/>
  <nd ref="11402514964"/>
  <nd ref="11402514965"/>
  <nd ref="11402515110"/>
  <nd ref="11402514966"/>
  <nd ref="11402514967"/>
  <nd ref="11402514968"/>
  <nd ref="11402515050"/>
  <nd ref="11402514969"/>
  <nd ref="11402514970"/>
  <nd ref="11402514971"/>
  <nd ref="11402514972"/>
  <nd ref="11402514973"/>
  <nd ref="11402515108"/>
  <nd ref="11402514974"/>
  <nd ref="11402514975"/>
  <nd ref="11402514976"/>
  <nd ref="11402514977"/>
  <nd ref="11402514978"/>
  <nd ref="11402515089"/>
  <nd ref="11402514979"/>
  <nd ref="11402514980"/>
  <nd ref="11402514981"/>
  <nd ref="11402514982"/>
  <nd ref="11402514983"/>
  <nd ref="11402514984"/>
  <nd ref="11402514903"/>
  <nd ref="11402515039"/>
  <nd ref="11402514902"/>
  <tag k="area" v="yes"/>
  <tag k="highway" v="pedestrian"/>
 </way>
 <way id="1229594696" visible="true" version="1" changeset="144889286" timestamp="2023-12-08T06:29:14Z" user="ItsLouisAnderson" uid="11691953">
  <nd ref="11402514990"/>
  <nd ref="11402514991"/>
  <nd ref="11402514992"/>
  <nd ref="11402514993"/>
  <nd ref="11402514994"/>
  <nd ref="11402514995"/>
  <nd ref="11402514996"/>
  <nd ref="11402514997"/>
  <nd ref="11402514990"/>
  <tag k="access" v="yes"/>
  <tag k="leisure" v="playground"/>
 </way>
 <way id="1229594697" visible="true" version="1" changeset="144889286" timestamp="2023-12-08T06:29:14Z" user="ItsLouisAnderson" uid="11691953">
  <nd ref="11402514998"/>
  <nd ref="11402514999"/>
  <nd ref="11402515000"/>
  <nd ref="11402515001"/>
  <nd ref="11402514998"/>
  <tag k="access" v="yes"/>
  <tag k="leisure" v="playground"/>
 </way>
 <way id="1229594698" visible="true" version="1" changeset="144889286" timestamp="2023-12-08T06:29:14Z" user="ItsLouisAnderson" uid="11691953">
  <nd ref="11402515002"/>
  <nd ref="11402515003"/>
  <nd ref="11402515004"/>
  <nd ref="11402515005"/>
  <nd ref="11402515002"/>
  <tag k="access" v="yes"/>
  <tag k="leisure" v="pitch"/>
  <tag k="sport" v="volleyball"/>
 </way>
 <way id="1229594699" visible="true" version="1" changeset="144889286" timestamp="2023-12-08T06:29:14Z" user="ItsLouisAnderson" uid="11691953">
  <nd ref="11402514999"/>
  <nd ref="11402515064"/>
  <nd ref="11402515006"/>
  <nd ref="11402515066"/>
  <nd ref="11402515068"/>
  <nd ref="11402515007"/>
  <nd ref="11402515008"/>
  <nd ref="11402515009"/>
  <nd ref="11402515010"/>
  <nd ref="11402515011"/>
  <nd ref="11402515012"/>
  <nd ref="11402515013"/>
  <nd ref="11402515014"/>
  <nd ref="11402515071"/>
  <nd ref="11402514998"/>
  <nd ref="11402515001"/>
  <nd ref="11402515000"/>
  <nd ref="11402514999"/>
 </way>
 <way id="1229594700" visible="true" version="1" changeset="144889286" timestamp="2023-12-08T06:29:14Z" user="ItsLouisAnderson" uid="11691953">
  <nd ref="11402515028"/>
  <nd ref="11402515029"/>
  <nd ref="11402515030"/>
  <nd ref="11402515073"/>
  <nd ref="11402515031"/>
  <nd ref="11402515032"/>
  <nd ref="11402515033"/>
  <nd ref="11402515015"/>
  <nd ref="11402515016"/>
  <nd ref="11402515017"/>
  <nd ref="11402515018"/>
  <nd ref="11402515023"/>
  <nd ref="11402515024"/>
  <nd ref="11402515025"/>
  <nd ref="11402515026"/>
  <nd ref="11402515027"/>
  <nd ref="11402515019"/>
  <nd ref="11402515020"/>
  <nd ref="11402515021"/>
  <nd ref="11402515022"/>
  <nd ref="11402515028"/>
  <tag k="area" v="yes"/>
  <tag k="highway" v="pedestrian"/>
 </way>
 <way id="1229594701" visible="true" version="1" changeset="144889286" timestamp="2023-12-08T06:29:14Z" user="ItsLouisAnderson" uid="11691953">
  <nd ref="11402515034"/>
  <nd ref="11402515037"/>
  <nd ref="11402515079"/>
  <nd ref="11402515035"/>
  <nd ref="11402515098"/>
  <nd ref="11402515038"/>
  <nd ref="11402515036"/>
  <tag k="highway" v="footway"/>
 </way>
 <way id="1229594702" visible="true" version="1" changeset="144889286" timestamp="2023-12-08T06:29:14Z" user="ItsLouisAnderson" uid="11691953">
  <nd ref="11402515039"/>
  <nd ref="11402515040"/>
  <nd ref="11402515041"/>
  <nd ref="11402515092"/>
  <nd ref="11402515042"/>
  <nd ref="11402515109"/>
  <nd ref="11402515043"/>
  <nd ref="11402515050"/>
  <nd ref="11402515044"/>
  <tag k="highway" v="footway"/>
 </way>
 <way id="1229594703" visible="true" version="1" changeset="144889286" timestamp="2023-12-08T06:29:14Z" user="ItsLouisAnderson" uid="11691953">
  <nd ref="11402515112"/>
  <nd ref="11402515111"/>
  <nd ref="11402515110"/>
  <nd ref="11402515109"/>
  <nd ref="11402515108"/>
  <nd ref="11402515107"/>
  <nd ref="11402515106"/>
  <nd ref="11402515105"/>
  <nd ref="11402515104"/>
  <nd ref="11402515103"/>
  <nd ref="11402515102"/>
  <nd ref="11402515101"/>
  <nd ref="11402515100"/>
  <nd ref="11402515099"/>
  <nd ref="11402515098"/>
  <nd ref="11402515097"/>
  <nd ref="11402515051"/>
  <nd ref="11402515052"/>
  <nd ref="11402515053"/>
  <nd ref="11402515054"/>
  <nd ref="11402515065"/>
  <nd ref="11402515055"/>
  <nd ref="11402515056"/>
  <nd ref="11402515057"/>
  <nd ref="11402515058"/>
  <nd ref="11402515059"/>
  <nd ref="11402515060"/>
  <nd ref="11402515070"/>
  <nd ref="11402515061"/>
  <nd ref="11402515063"/>
  <nd ref="11402515062"/>
  <nd ref="11402515025"/>
  <tag k="highway" v="footway"/>
 </way>
 <way id="1229594704" visible="true" version="1" changeset="144889286" timestamp="2023-12-08T06:29:14Z" user="ItsLouisAnderson" uid="11691953">
  <nd ref="11402515063"/>
  <nd ref="11402515064"/>
  <tag k="highway" v="footway"/>
 </way>
 <way id="1229594705" visible="true" version="1" changeset="144889286" timestamp="2023-12-08T06:29:14Z" user="ItsLouisAnderson" uid="11691953">
  <nd ref="11402515072"/>
  <nd ref="11402515062"/>
  <nd ref="11402515067"/>
  <nd ref="11402515069"/>
  <nd ref="11402515065"/>
  <tag k="highway" v="footway"/>
 </way>
 <way id="1229594706" visible="true" version="1" changeset="144889286" timestamp="2023-12-08T06:29:14Z" user="ItsLouisAnderson" uid="11691953">
  <nd ref="11402515066"/>
  <nd ref="11402515067"/>
  <tag k="highway" v="footway"/>
 </way>
 <way id="1229594707" visible="true" version="1" changeset="144889286" timestamp="2023-12-08T06:29:14Z" user="ItsLouisAnderson" uid="11691953">
  <nd ref="11402515068"/>
  <nd ref="11402515069"/>
  <tag k="highway" v="footway"/>
 </way>
 <way id="1229594708" visible="true" version="1" changeset="144889286" timestamp="2023-12-08T06:29:14Z" user="ItsLouisAnderson" uid="11691953">
  <nd ref="11402515070"/>
  <nd ref="11402515071"/>
  <tag k="highway" v="footway"/>
 </way>
 <way id="1229594709" visible="true" version="1" changeset="144889286" timestamp="2023-12-08T06:29:14Z" user="ItsLouisAnderson" uid="11691953">
  <nd ref="11402515073"/>
  <nd ref="11402515074"/>
  <nd ref="11402515075"/>
  <nd ref="11402515076"/>
  <nd ref="11402515096"/>
  <nd ref="11402515077"/>
  <nd ref="11402515078"/>
  <nd ref="11402515079"/>
  <nd ref="11402515080"/>
  <nd ref="11402515081"/>
  <nd ref="11402515082"/>
  <nd ref="11402515083"/>
  <nd ref="11402515084"/>
  <nd ref="11402515085"/>
  <nd ref="11402515086"/>
  <nd ref="11402515087"/>
  <nd ref="11402515088"/>
  <nd ref="11402515089"/>
  <nd ref="11402515090"/>
  <nd ref="11402515091"/>
  <nd ref="11402515092"/>
  <nd ref="11402515093"/>
  <nd ref="11402515094"/>
  <nd ref="11402515095"/>
  <tag k="highway" v="footway"/>
 </way>
 <way id="1229594710" visible="true" version="1" changeset="144889286" timestamp="2023-12-08T06:29:14Z" user="ItsLouisAnderson" uid="11691953">
  <nd ref="11402515111"/>
  <nd ref="11402515095"/>
  <nd ref="11402515113"/>
  <tag k="highway" v="footway"/>
 </way>
 <way id="1229594711" visible="true" version="1" changeset="144889286" timestamp="2023-12-08T06:29:14Z" user="ItsLouisAnderson" uid="11691953">
  <nd ref="11402515114"/>
  <nd ref="11402515115"/>
  <nd ref="11402515116"/>
  <nd ref="11402515117"/>
  <nd ref="11402515118"/>
  <nd ref="11402515120"/>
  <tag k="access" v="private"/>
  <tag k="highway" v="service"/>
 </way>
 <way id="1229594712" visible="true" version="1" changeset="144889286" timestamp="2023-12-08T06:29:14Z" user="ItsLouisAnderson" uid="11691953">
  <nd ref="11402515120"/>
  <nd ref="11402515119"/>
  <tag k="highway" v="service"/>
 </way>
 <way id="1229594713" visible="true" version="1" changeset="144889286" timestamp="2023-12-08T06:29:14Z" user="ItsLouisAnderson" uid="11691953">
  <nd ref="11402515121"/>
  <nd ref="11402515193"/>
  <nd ref="11402515144"/>
  <nd ref="11402515122"/>
  <nd ref="11402515123"/>
  <nd ref="11402515124"/>
  <nd ref="11402515125"/>
  <nd ref="11402515126"/>
  <nd ref="11402515130"/>
  <nd ref="11402515127"/>
  <nd ref="11402515128"/>
  <nd ref="11402515129"/>
  <nd ref="11402515121"/>
  <tag k="area" v="yes"/>
  <tag k="highway" v="pedestrian"/>
 </way>
 <way id="1229594714" visible="true" version="1" changeset="144889286" timestamp="2023-12-08T06:29:14Z" user="ItsLouisAnderson" uid="11691953">
  <nd ref="11402515130"/>
  <nd ref="11402515131"/>
  <tag k="highway" v="footway"/>
 </way>
 <way id="1229594715" visible="true" version="1" changeset="144889286" timestamp="2023-12-08T06:29:14Z" user="ItsLouisAnderson" uid="11691953">
  <nd ref="11402515132"/>
  <nd ref="11402515133"/>
  <nd ref="11402515174"/>
  <nd ref="11402515134"/>
  <nd ref="11402515135"/>
  <nd ref="11402515136"/>
  <nd ref="11402515137"/>
  <nd ref="11402515138"/>
  <nd ref="11402515143"/>
  <nd ref="11402515139"/>
  <nd ref="11402515140"/>
  <nd ref="11402515141"/>
  <nd ref="11402498965"/>
  <nd ref="11402515132"/>
  <tag k="area" v="yes"/>
  <tag k="highway" v="pedestrian"/>
 </way>
 <way id="1229594716" visible="true" version="1" changeset="144889286" timestamp="2023-12-08T06:29:14Z" user="ItsLouisAnderson" uid="11691953">
  <nd ref="11402515141"/>
  <nd ref="11402515142"/>
  <tag k="highway" v="footway"/>
 </way>
 <way id="1229594717" visible="true" version="1" changeset="144889286" timestamp="2023-12-08T06:29:14Z" user="ItsLouisAnderson" uid="11691953">
  <nd ref="11402515143"/>
  <nd ref="11402515144"/>
  <tag k="highway" v="footway"/>
 </way>
 <way id="1229594719" visible="true" version="1" changeset="144889286" timestamp="2023-12-08T06:29:14Z" user="ItsLouisAnderson" uid="11691953">
  <nd ref="11402515160"/>
  <nd ref="11402515164"/>
  <nd ref="11402515165"/>
  <nd ref="11402515166"/>
  <nd ref="11402515167"/>
  <nd ref="11402515168"/>
  <nd ref="11402515169"/>
  <nd ref="11402515170"/>
  <nd ref="11402515171"/>
  <nd ref="11402515172"/>
  <nd ref="11402515173"/>
  <nd ref="11402515174"/>
  <tag k="highway" v="footway"/>
 </way>
 <way id="1229594720" visible="true" version="1" changeset="144889286" timestamp="2023-12-08T06:29:14Z" user="ItsLouisAnderson" uid="11691953">
  <nd ref="11402515168"/>
  <nd ref="11402515175"/>
  <tag k="highway" v="footway"/>
 </way>
 <way id="1229594723" visible="true" version="1" changeset="144889286" timestamp="2023-12-08T06:29:14Z" user="ItsLouisAnderson" uid="11691953">
  <nd ref="11402515184"/>
  <nd ref="11402515185"/>
  <nd ref="11402515197"/>
  <nd ref="11402515186"/>
  <nd ref="11402515187"/>
  <nd ref="11402515188"/>
  <nd ref="11402515189"/>
  <nd ref="11402515190"/>
  <nd ref="11402515191"/>
  <nd ref="11402515192"/>
  <nd ref="11402515193"/>
  <tag k="highway" v="footway"/>
 </way>
 <way id="1229594742" visible="true" version="1" changeset="144889286" timestamp="2023-12-08T06:29:14Z" user="ItsLouisAnderson" uid="11691953">
  <nd ref="11402498939"/>
  <nd ref="11402515313"/>
  <nd ref="11402515314"/>
  <nd ref="11402515315"/>
  <nd ref="11402515316"/>
  <nd ref="11402515317"/>
  <nd ref="11402515318"/>
  <nd ref="11402515319"/>
  <nd ref="11402515320"/>
  <nd ref="11402514894"/>
  <nd ref="11402498944"/>
  <nd ref="11402514895"/>
  <nd ref="11402498943"/>
  <nd ref="11402498942"/>
  <nd ref="11402498941"/>
  <nd ref="11402498940"/>
  <nd ref="11402498939"/>
  <tag k="landuse" v="grass"/>
 </way>
 <way id="1229594743" visible="true" version="1" changeset="144889286" timestamp="2023-12-08T06:29:14Z" user="ItsLouisAnderson" uid="11691953">
  <nd ref="11402515321"/>
  <nd ref="11402515322"/>
  <nd ref="11402515323"/>
  <nd ref="11402515324"/>
  <nd ref="11402515325"/>
  <nd ref="11402515326"/>
  <nd ref="11402515327"/>
  <nd ref="11402515328"/>
  <nd ref="11402515329"/>
  <tag k="highway" v="footway"/>
 </way>
 <way id="1229594744" visible="true" version="2" changeset="183366508" timestamp="2026-05-29T17:20:26Z" user="ZioDragon" uid="13799024">
  <nd ref="11402515331"/>
  <nd ref="11402515332"/>
  <nd ref="11402515333"/>
  <nd ref="11402515334"/>
  <nd ref="11402515335"/>
  <nd ref="11402515336"/>
  <nd ref="11402515337"/>
  <nd ref="11402515338"/>
  <nd ref="11402515339"/>
  <nd ref="11402515340"/>
  <nd ref="11402515331"/>
  <tag k="landuse" v="construction"/>
  <tag k="name" v="CT1 +3 Booyoung Vina"/>
 </way>
 <way id="1231031938" visible="true" version="6" changeset="183902291" timestamp="2026-06-10T04:10:17Z" user="LKCuong" uid="22177075">
  <nd ref="11416610657"/>
  <nd ref="11416610656"/>
  <nd ref="9320498259"/>
  <nd ref="11416610654"/>
  <nd ref="11416610653"/>
  <nd ref="11416610649"/>
  <nd ref="8831516453"/>
  <nd ref="445223328"/>
  <tag k="hgv" v="no"/>
  <tag k="highway" v="service"/>
  <tag k="motorcar" v="destination"/>
  <tag k="name" v="Ngách 127/29 Phố Phùng Khoang"/>
  <tag k="note" v="425_3"/>
  <tag k="service" v="alley"/>
 </way>
 <way id="1235092158" visible="true" version="3" changeset="178325826" timestamp="2026-02-09T18:48:23Z" user="HoangQuanHDFPV" uid="22644759">
  <nd ref="2189336890"/>
  <nd ref="12060941984"/>
  <nd ref="2189336929"/>
  <tag k="highway" v="residential"/>
  <tag k="name" v="LK6D"/>
 </way>
 <way id="1278082321" visible="true" version="1" changeset="150651115" timestamp="2024-04-29T08:41:19Z" user="vietnam321" uid="11196308">
  <nd ref="11865687064"/>
  <nd ref="11865687042"/>
  <nd ref="11865687050"/>
  <nd ref="11865687061"/>
  <nd ref="11865687057"/>
  <nd ref="11865687048"/>
  <nd ref="11865687060"/>
  <nd ref="11865687059"/>
  <nd ref="11865687043"/>
  <nd ref="11865687055"/>
  <nd ref="11865687064"/>
  <tag k="building" v="yes"/>
 </way>
 <way id="1278082324" visible="true" version="1" changeset="150651115" timestamp="2024-04-29T08:41:19Z" user="vietnam321" uid="11196308">
  <nd ref="11865687067"/>
  <nd ref="11865687068"/>
  <nd ref="11865687051"/>
  <nd ref="11865687062"/>
  <nd ref="11865687067"/>
  <tag k="building" v="yes"/>
 </way>
 <way id="1288212367" visible="true" version="1" changeset="152060285" timestamp="2024-05-31T03:22:08Z" user="vietnam321" uid="11196308">
  <nd ref="11946676316"/>
  <nd ref="11946676317"/>
  <nd ref="11946676318"/>
  <nd ref="11946676319"/>
  <nd ref="11946676320"/>
  <nd ref="11946676321"/>
  <nd ref="11946676322"/>
  <nd ref="11946676323"/>
  <nd ref="11946676324"/>
  <nd ref="11946676325"/>
  <nd ref="11946676326"/>
  <nd ref="11946676327"/>
  <nd ref="11946676316"/>
  <tag k="building" v="yes"/>
 </way>
 <way id="1288212368" visible="true" version="1" changeset="152060285" timestamp="2024-05-31T03:22:08Z" user="vietnam321" uid="11196308">
  <nd ref="11946676328"/>
  <nd ref="11946676329"/>
  <nd ref="11946676330"/>
  <nd ref="11946676331"/>
  <nd ref="11946676338"/>
  <nd ref="11946676345"/>
  <nd ref="11946676332"/>
  <nd ref="11946676333"/>
  <nd ref="11946676328"/>
  <tag k="building" v="yes"/>
 </way>
 <way id="1288212369" visible="true" version="1" changeset="152060285" timestamp="2024-05-31T03:22:08Z" user="vietnam321" uid="11196308">
  <nd ref="11946676334"/>
  <nd ref="11946676335"/>
  <nd ref="11946676336"/>
  <nd ref="11946676337"/>
  <nd ref="11946676334"/>
  <tag k="building" v="yes"/>
 </way>
 <way id="1288212370" visible="true" version="1" changeset="152060285" timestamp="2024-05-31T03:22:08Z" user="vietnam321" uid="11196308">
  <nd ref="11946676338"/>
  <nd ref="11946676339"/>
  <nd ref="11946676340"/>
  <nd ref="11946676341"/>
  <nd ref="11946676342"/>
  <nd ref="11946676343"/>
  <nd ref="11946676344"/>
  <nd ref="11946676345"/>
  <nd ref="11946676338"/>
  <tag k="building" v="yes"/>
 </way>
 <way id="1288212372" visible="true" version="1" changeset="152060285" timestamp="2024-05-31T03:22:08Z" user="vietnam321" uid="11196308">
  <nd ref="11946676350"/>
  <nd ref="11946676351"/>
  <nd ref="11946676352"/>
  <nd ref="11946676353"/>
  <nd ref="11946676354"/>
  <nd ref="11946676355"/>
  <nd ref="11946676356"/>
  <nd ref="11946676357"/>
  <nd ref="11946676358"/>
  <nd ref="11946676359"/>
  <nd ref="11946676360"/>
  <nd ref="11946676361"/>
  <nd ref="11946676350"/>
  <tag k="building" v="yes"/>
 </way>
 <way id="1290815722" visible="true" version="1" changeset="152477693" timestamp="2024-06-10T04:18:06Z" user="vietnam321" uid="11196308">
  <nd ref="11968177992"/>
  <nd ref="11968177993"/>
  <nd ref="11968177994"/>
  <nd ref="11968177995"/>
  <nd ref="11968177992"/>
  <tag k="leisure" v="pitch"/>
  <tag k="sport" v="soccer"/>
 </way>
 <way id="1295683317" visible="true" version="1" changeset="153105689" timestamp="2024-06-24T10:37:33Z" user="openmap-vn" uid="21213273">
  <nd ref="12006207790"/>
  <nd ref="12006207789"/>
  <nd ref="12006207788"/>
  <nd ref="12006207787"/>
  <nd ref="12006207786"/>
  <nd ref="12006207785"/>
  <nd ref="12006207784"/>
  <nd ref="12006207783"/>
  <nd ref="12006207782"/>
  <nd ref="12006207781"/>
  <nd ref="12006207780"/>
  <nd ref="12006207779"/>
  <nd ref="12006207778"/>
  <nd ref="12006207777"/>
  <nd ref="12006207776"/>
  <nd ref="12006207775"/>
  <nd ref="12006207774"/>
  <nd ref="12006207773"/>
  <nd ref="12006207772"/>
  <nd ref="12006207771"/>
  <nd ref="12006207770"/>
  <nd ref="12006207769"/>
  <nd ref="12006188568"/>
  <nd ref="12006188567"/>
  <nd ref="12006207790"/>
  <tag k="natural" v="water"/>
 </way>
 <way id="1295683319" visible="true" version="1" changeset="153105689" timestamp="2024-06-24T10:37:33Z" user="openmap-vn" uid="21213273">
  <nd ref="12006207810"/>
  <nd ref="12006207805"/>
  <nd ref="12006207809"/>
  <nd ref="12006207808"/>
  <nd ref="12006207806"/>
  <nd ref="12006207804"/>
  <nd ref="12006207807"/>
  <tag k="highway" v="service"/>
 </way>
 <way id="1295683320" visible="true" version="2" changeset="178325826" timestamp="2026-02-09T18:48:23Z" user="HoangQuanHDFPV" uid="22644759">
  <nd ref="12006207812"/>
  <nd ref="12006207811"/>
  <tag k="highway" v="service"/>
  <tag k="name" v="Ngõ 9 Phố An Hòa"/>
 </way>
 <way id="1295683321" visible="true" version="1" changeset="153105689" timestamp="2024-06-24T10:37:33Z" user="openmap-vn" uid="21213273">
  <nd ref="12006207816"/>
  <nd ref="12006207815"/>
  <tag k="highway" v="service"/>
 </way>
 <way id="1295683324" visible="true" version="1" changeset="153105689" timestamp="2024-06-24T10:37:33Z" user="openmap-vn" uid="21213273">
  <nd ref="12006207838"/>
  <nd ref="12006207837"/>
  <nd ref="12006207830"/>
  <nd ref="12006207836"/>
  <nd ref="12006207835"/>
  <nd ref="12006207834"/>
  <nd ref="12006207833"/>
  <nd ref="12006207832"/>
  <nd ref="12006207831"/>
  <nd ref="12006207830"/>
  <tag k="highway" v="service"/>
 </way>
 <way id="1295683326" visible="true" version="2" changeset="154092611" timestamp="2024-07-18T09:48:22Z" user="phoenixsaigon1698" uid="3323343">
  <nd ref="2189337170"/>
  <nd ref="12006207840"/>
  <tag k="highway" v="service"/>
 </way>
 <way id="1298823362" visible="true" version="1" changeset="153508422" timestamp="2024-07-03T15:45:03Z" user="Hung Tran 9x0" uid="20910140">
  <nd ref="12031527440"/>
  <nd ref="12031527441"/>
  <nd ref="12031527442"/>
  <nd ref="12031527443"/>
  <nd ref="12031527444"/>
  <nd ref="12031527445"/>
  <nd ref="12031527446"/>
  <nd ref="12031527447"/>
  <nd ref="12031527440"/>
  <tag k="landuse" v="residential"/>
  <tag k="name" v="Mulberry Lane"/>
  <tag k="residential" v="apartments"/>
 </way>
 <way id="1300881766" visible="true" version="3" changeset="154758069" timestamp="2024-08-03T03:05:02Z" user="Hoàng Tuấn Việt" uid="13707170">
  <nd ref="444394928"/>
  <nd ref="2189337018"/>
  <tag k="highway" v="residential"/>
  <tag k="name" v="Phố Mộ Lao"/>
 </way>
 <way id="1300881768" visible="true" version="2" changeset="183763966" timestamp="2026-06-07T05:48:18Z" user="vietnam321" uid="11196308">
  <nd ref="2189337018"/>
  <nd ref="8336854323"/>
  <nd ref="8336838511"/>
  <nd ref="6417241473"/>
  <nd ref="2189336899"/>
  <tag k="highway" v="secondary"/>
  <tag k="name" v="Phố Vũ Trọng Khánh"/>
  <tag k="name:etymology:wikidata" v="Q10833920"/>
  <tag k="oneway" v="yes"/>
  <tag k="surface" v="asphalt"/>
 </way>
 <way id="1302230329" visible="true" version="1" changeset="154092022" timestamp="2024-07-18T09:34:47Z" user="phoenixsaigon1698" uid="3323343">
  <nd ref="12060928388"/>
  <nd ref="12060928389"/>
  <nd ref="12060928390"/>
  <nd ref="12060928391"/>
  <nd ref="12060928388"/>
  <tag k="building" v="residential"/>
  <tag k="name" v="LK6A"/>
 </way>
 <way id="1302230330" visible="true" version="1" changeset="154092022" timestamp="2024-07-18T09:34:47Z" user="phoenixsaigon1698" uid="3323343">
  <nd ref="12060928395"/>
  <nd ref="12060928396"/>
  <nd ref="12060928397"/>
  <nd ref="12060928398"/>
  <nd ref="12060928399"/>
  <nd ref="12060928400"/>
  <nd ref="12060928395"/>
  <tag k="building" v="residential"/>
  <tag k="name" v="LK11B KDT Mỗ Lao"/>
 </way>
 <way id="1302230331" visible="true" version="1" changeset="154092022" timestamp="2024-07-18T09:34:47Z" user="phoenixsaigon1698" uid="3323343">
  <nd ref="12060928401"/>
  <nd ref="12060928402"/>
  <nd ref="12060928403"/>
  <nd ref="12060928404"/>
  <nd ref="12060928405"/>
  <nd ref="12060928401"/>
  <tag k="building" v="residential"/>
  <tag k="name" v="LK11A KDT Mỗ Lao"/>
 </way>
 <way id="1302230332" visible="true" version="2" changeset="178325826" timestamp="2026-02-09T18:48:23Z" user="HoangQuanHDFPV" uid="22644759">
  <nd ref="2189337200"/>
  <nd ref="8337010367"/>
  <nd ref="2189337199"/>
  <tag k="highway" v="residential"/>
  <tag k="name" v="Ngõ Dâu"/>
 </way>
 <way id="1307212826" visible="true" version="1" changeset="155141328" timestamp="2024-08-12T10:31:53Z" user="Hoàng Tuấn Việt" uid="13707170">
  <nd ref="12105931403"/>
  <nd ref="12105931404"/>
  <tag k="natural" v="tree_row"/>
 </way>
 <way id="1307212827" visible="true" version="1" changeset="155141328" timestamp="2024-08-12T10:31:53Z" user="Hoàng Tuấn Việt" uid="13707170">
  <nd ref="12105931405"/>
  <nd ref="12105931406"/>
  <tag k="natural" v="tree_row"/>
 </way>
 <way id="1307212828" visible="true" version="1" changeset="155141328" timestamp="2024-08-12T10:31:53Z" user="Hoàng Tuấn Việt" uid="13707170">
  <nd ref="12105931407"/>
  <nd ref="12105931408"/>
  <tag k="natural" v="tree_row"/>
 </way>
 <way id="1307212829" visible="true" version="1" changeset="155141328" timestamp="2024-08-12T10:31:53Z" user="Hoàng Tuấn Việt" uid="13707170">
  <nd ref="12105931409"/>
  <nd ref="12105931410"/>
  <tag k="natural" v="tree_row"/>
 </way>
 <way id="1307212830" visible="true" version="1" changeset="155141328" timestamp="2024-08-12T10:31:53Z" user="Hoàng Tuấn Việt" uid="13707170">
  <nd ref="12105931411"/>
  <nd ref="12105931412"/>
  <tag k="natural" v="tree_row"/>
 </way>
 <way id="1310431387" visible="true" version="1" changeset="155644676" timestamp="2024-08-23T10:29:17Z" user="openmap-vn" uid="21213273">
  <nd ref="12131012000"/>
  <nd ref="12131011999"/>
  <nd ref="12131011998"/>
  <nd ref="12131011997"/>
  <nd ref="12131011996"/>
  <tag k="highway" v="service"/>
 </way>
 <way id="1310431388" visible="true" version="2" changeset="183161673" timestamp="2026-05-25T14:34:40Z" user="Hung Tran 9x0" uid="20910140">
  <nd ref="2189337117"/>
  <nd ref="12131044403"/>
  <nd ref="12131044402"/>
  <nd ref="12131044401"/>
  <nd ref="13876649863"/>
  <tag k="highway" v="service"/>
  <tag k="name" v="Ngõ 109 Phố Nguyễn Văn Trỗi"/>
  <tag k="service" v="alley"/>
 </way>
 <way id="1310431389" visible="true" version="1" changeset="155644676" timestamp="2024-08-23T10:29:17Z" user="openmap-vn" uid="21213273">
  <nd ref="12131044405"/>
  <nd ref="12131044404"/>
  <tag k="highway" v="service"/>
 </way>
 <way id="1310431390" visible="true" version="2" changeset="183161673" timestamp="2026-05-25T14:34:40Z" user="Hung Tran 9x0" uid="20910140">
  <nd ref="12131044412"/>
  <nd ref="12131044411"/>
  <nd ref="12131044410"/>
  <nd ref="12131044409"/>
  <nd ref="12131044408"/>
  <nd ref="12131044407"/>
  <nd ref="13876649865"/>
  <nd ref="12131044406"/>
  <nd ref="13876649863"/>
  <nd ref="13876649864"/>
  <nd ref="8336838513"/>
  <tag k="highway" v="service"/>
  <tag k="name" v="Ngõ 133 Phố Nguyễn Văn Trỗi"/>
  <tag k="service" v="alley"/>
 </way>
 <way id="1310431391" visible="true" version="1" changeset="155644676" timestamp="2024-08-23T10:29:17Z" user="openmap-vn" uid="21213273">
  <nd ref="12131044414"/>
  <nd ref="12131044413"/>
  <nd ref="2189337154"/>
  <tag k="highway" v="service"/>
 </way>
 <way id="1310431392" visible="true" version="1" changeset="155644676" timestamp="2024-08-23T10:29:17Z" user="openmap-vn" uid="21213273">
  <nd ref="12131044417"/>
  <nd ref="12131044416"/>
  <nd ref="12131044415"/>
  <tag k="highway" v="service"/>
 </way>
 <way id="1310431393" visible="true" version="1" changeset="155644676" timestamp="2024-08-23T10:29:17Z" user="openmap-vn" uid="21213273">
  <nd ref="12131044420"/>
  <nd ref="12131044419"/>
  <nd ref="12131044417"/>
  <nd ref="12131044418"/>
  <tag k="highway" v="service"/>
 </way>
 <way id="1310431394" visible="true" version="1" changeset="155644676" timestamp="2024-08-23T10:29:17Z" user="openmap-vn" uid="21213273">
  <nd ref="12131044423"/>
  <nd ref="12131044422"/>
  <nd ref="12131044421"/>
  <tag k="highway" v="service"/>
 </way>
 <way id="1310431395" visible="true" version="1" changeset="155644676" timestamp="2024-08-23T10:29:17Z" user="openmap-vn" uid="21213273">
  <nd ref="12131044424"/>
  <nd ref="444878661"/>
  <tag k="highway" v="service"/>
 </way>
 <way id="1310431396" visible="true" version="1" changeset="155644676" timestamp="2024-08-23T10:29:17Z" user="openmap-vn" uid="21213273">
  <nd ref="12131044425"/>
  <nd ref="12131044426"/>
  <nd ref="11103076268"/>
  <nd ref="12131044430"/>
  <nd ref="12131044429"/>
  <nd ref="12131044428"/>
  <nd ref="12131044427"/>
  <tag k="highway" v="service"/>
 </way>
 <way id="1310431397" visible="true" version="1" changeset="155644676" timestamp="2024-08-23T10:29:17Z" user="openmap-vn" uid="21213273">
  <nd ref="12131044432"/>
  <nd ref="12131044431"/>
  <tag k="highway" v="service"/>
 </way>
 <way id="1310431403" visible="true" version="2" changeset="155700620" timestamp="2024-08-24T14:54:39Z" user="ratrun" uid="474183">
  <nd ref="12006207816"/>
  <nd ref="12131044450"/>
  <nd ref="12131044449"/>
  <nd ref="12131044448"/>
  <tag k="highway" v="service"/>
 </way>
 <way id="1310431404" visible="true" version="1" changeset="155644676" timestamp="2024-08-23T10:29:17Z" user="openmap-vn" uid="21213273">
  <nd ref="5710056509"/>
  <nd ref="12131044453"/>
  <nd ref="12131044454"/>
  <nd ref="12131044455"/>
  <nd ref="12131044452"/>
  <nd ref="5710056507"/>
  <tag k="highway" v="service"/>
 </way>
 <way id="1335342665" visible="true" version="3" changeset="182678648" timestamp="2026-05-15T04:53:50Z" user="Hung159" uid="22065819">
  <nd ref="12353835290"/>
  <nd ref="12948667455"/>
  <nd ref="12353835291"/>
  <nd ref="12353835292"/>
  <nd ref="12353835293"/>
  <nd ref="12353835294"/>
  <nd ref="12353835295"/>
  <tag k="highway" v="residential"/>
  <tag k="motorcycle" v="yes"/>
  <tag k="motor_vehicle" v="no"/>
  <tag k="name" v="Ngõ 2 Đường Trần Phú"/>
 </way>
 <way id="1353314673" visible="true" version="3" changeset="167126911" timestamp="2025-06-03T09:57:42Z" user="phoenixsaigon1698" uid="3323343">
  <nd ref="2189337043"/>
  <nd ref="6417228449"/>
  <nd ref="6417228445"/>
  <nd ref="4736515095"/>
  <nd ref="6417228450"/>
  <nd ref="4736515096"/>
  <nd ref="6417228446"/>
  <nd ref="2189337095"/>
  <tag k="bicycle" v="yes"/>
  <tag k="foot" v="yes"/>
  <tag k="highway" v="tertiary"/>
  <tag k="horse" v="no"/>
  <tag k="maxspeed" v="40"/>
  <tag k="name" v="Đường Thanh Bình"/>
  <tag k="oneway" v="no"/>
 </way>
 <way id="1356936728" visible="true" version="1" changeset="162168939" timestamp="2025-02-05T14:54:39Z" user="Hung Tran 9x0" uid="20910140">
  <nd ref="12559057389"/>
  <nd ref="12559057398"/>
  <nd ref="12559057390"/>
  <nd ref="12559057396"/>
  <nd ref="12559057395"/>
  <nd ref="12559057393"/>
  <nd ref="12559057394"/>
  <nd ref="12559057391"/>
  <nd ref="12559085402"/>
  <nd ref="12559057392"/>
  <nd ref="12559057389"/>
  <tag k="addr:district" v="quận Hà Đông"/>
  <tag k="addr:housenumber" v="18"/>
  <tag k="addr:province" v="thành phố Hà Nội"/>
  <tag k="addr:street" v="Đường Trần Phú"/>
  <tag k="building" v="apartments"/>
  <tag k="name" v="Tòa Nhà Fodacon"/>
 </way>
 <way id="1356936729" visible="true" version="1" changeset="162168939" timestamp="2025-02-05T14:54:39Z" user="Hung Tran 9x0" uid="20910140">
  <nd ref="12559057390"/>
  <nd ref="12559057396"/>
  <nd ref="12559057400"/>
  <nd ref="12559057397"/>
  <nd ref="12559057398"/>
  <nd ref="12559057390"/>
  <tag k="building:part" v="yes"/>
  <tag k="name" v="CT1"/>
 </way>
 <way id="1356936730" visible="true" version="1" changeset="162168939" timestamp="2025-02-05T14:54:39Z" user="Hung Tran 9x0" uid="20910140">
  <nd ref="12559057395"/>
  <nd ref="12559057393"/>
  <nd ref="12559057394"/>
  <nd ref="12559057399"/>
  <nd ref="12559057400"/>
  <nd ref="12559057396"/>
  <nd ref="12559057395"/>
  <tag k="building:part" v="yes"/>
  <tag k="name" v="CT2"/>
 </way>
 <way id="1356936731" visible="true" version="1" changeset="162168939" timestamp="2025-02-05T14:54:39Z" user="Hung Tran 9x0" uid="20910140">
  <nd ref="12559057394"/>
  <nd ref="12559057399"/>
  <nd ref="12559085401"/>
  <nd ref="12559085402"/>
  <nd ref="12559057391"/>
  <nd ref="12559057394"/>
  <tag k="building:part" v="yes"/>
  <tag k="name" v="CT3"/>
 </way>
 <way id="1356936732" visible="true" version="1" changeset="162168939" timestamp="2025-02-05T14:54:39Z" user="Hung Tran 9x0" uid="20910140">
  <nd ref="12559057398"/>
  <nd ref="12559057389"/>
  <nd ref="12559057392"/>
  <nd ref="12559085402"/>
  <nd ref="12559085401"/>
  <nd ref="12559057399"/>
  <nd ref="12559057400"/>
  <nd ref="12559057397"/>
  <nd ref="12559057398"/>
  <tag k="building:part" v="yes"/>
 </way>
 <way id="1360061210" visible="true" version="2" changeset="171438276" timestamp="2025-09-04T07:39:14Z" user="Hung Tran 9x0" uid="20910140">
  <nd ref="12589868514"/>
  <nd ref="12589868515"/>
  <nd ref="12589868516"/>
  <nd ref="12589868517"/>
  <nd ref="12589868518"/>
  <nd ref="12589868519"/>
  <nd ref="12589868520"/>
  <nd ref="12589868521"/>
  <nd ref="12589868522"/>
  <nd ref="12589868523"/>
  <nd ref="12589868524"/>
  <nd ref="12589868514"/>
  <tag k="landuse" v="construction"/>
  <tag k="name" v="Kepler Land HH-02"/>
 </way>
 <way id="1360061211" visible="true" version="1" changeset="162531863" timestamp="2025-02-15T10:57:47Z" user="ItsLouisAnderson" uid="11691953">
  <nd ref="12589868525"/>
  <nd ref="12589868526"/>
  <nd ref="12589868527"/>
  <nd ref="12589868528"/>
  <nd ref="12589868529"/>
  <nd ref="12589868530"/>
  <nd ref="12589868531"/>
  <nd ref="12589868532"/>
  <nd ref="12589868533"/>
  <nd ref="12589868534"/>
  <nd ref="12589868535"/>
  <nd ref="12589868536"/>
  <nd ref="12589868537"/>
  <nd ref="12589868538"/>
  <nd ref="12589868539"/>
  <nd ref="12589868540"/>
  <nd ref="12589868541"/>
  <nd ref="12589868542"/>
  <nd ref="12589868543"/>
  <nd ref="12589868544"/>
  <nd ref="12589868545"/>
  <nd ref="12589868546"/>
  <nd ref="12589868547"/>
  <nd ref="12589868548"/>
  <nd ref="12589868549"/>
  <nd ref="12589868550"/>
  <nd ref="12589868551"/>
  <nd ref="12589868552"/>
  <nd ref="12589868553"/>
  <nd ref="12589868554"/>
  <nd ref="12589868555"/>
  <nd ref="12589868556"/>
  <nd ref="12589868557"/>
  <nd ref="12589868558"/>
  <nd ref="12589868559"/>
  <nd ref="12589868560"/>
  <nd ref="12589868525"/>
  <tag k="building" v="school"/>
 </way>
 <way id="1360061212" visible="true" version="1" changeset="162531863" timestamp="2025-02-15T10:57:47Z" user="ItsLouisAnderson" uid="11691953">
  <nd ref="12589868561"/>
  <nd ref="12589868562"/>
  <nd ref="12589868563"/>
  <nd ref="12589868564"/>
  <nd ref="12589868561"/>
  <tag k="access" v="private"/>
  <tag k="leisure" v="pitch"/>
  <tag k="sport" v="soccer"/>
 </way>
 <way id="1360061213" visible="true" version="1" changeset="162531863" timestamp="2025-02-15T10:57:47Z" user="ItsLouisAnderson" uid="11691953">
  <nd ref="12589868525"/>
  <nd ref="12589868526"/>
  <nd ref="12589868527"/>
  <nd ref="12589868528"/>
  <nd ref="12589868559"/>
  <nd ref="12589868560"/>
  <nd ref="12589868525"/>
  <tag k="building:levels" v="6"/>
  <tag k="building:part" v="yes"/>
 </way>
 <way id="1360061214" visible="true" version="1" changeset="162531863" timestamp="2025-02-15T10:57:47Z" user="ItsLouisAnderson" uid="11691953">
  <nd ref="12589868528"/>
  <nd ref="12589868529"/>
  <nd ref="12589868530"/>
  <nd ref="12589868531"/>
  <nd ref="12589868532"/>
  <nd ref="12589868533"/>
  <nd ref="12589868534"/>
  <nd ref="12589868535"/>
  <nd ref="12589868536"/>
  <nd ref="12589868537"/>
  <nd ref="12589868538"/>
  <nd ref="12589868539"/>
  <nd ref="12589868540"/>
  <nd ref="12589868541"/>
  <nd ref="12589868542"/>
  <nd ref="12589868543"/>
  <nd ref="12589868544"/>
  <nd ref="12589868545"/>
  <nd ref="12589868546"/>
  <nd ref="12589868547"/>
  <nd ref="12589868548"/>
  <nd ref="12589868549"/>
  <nd ref="12589868550"/>
  <nd ref="12589868551"/>
  <nd ref="12589868552"/>
  <nd ref="12589868553"/>
  <nd ref="12589868554"/>
  <nd ref="12589868555"/>
  <nd ref="12589868556"/>
  <nd ref="12589868557"/>
  <nd ref="12589868558"/>
  <nd ref="12589868559"/>
  <nd ref="12589868528"/>
  <tag k="building:levels" v="4"/>
  <tag k="building:part" v="yes"/>
 </way>
 <way id="1360061215" visible="true" version="1" changeset="162531863" timestamp="2025-02-15T10:57:47Z" user="ItsLouisAnderson" uid="11691953">
  <nd ref="12589868565"/>
  <nd ref="12589868581"/>
  <nd ref="12589868566"/>
  <nd ref="12589868567"/>
  <nd ref="12589868568"/>
  <nd ref="12589868569"/>
  <nd ref="12589868570"/>
  <nd ref="12589868571"/>
  <nd ref="12589868572"/>
  <nd ref="12589868573"/>
  <nd ref="12589868574"/>
  <nd ref="12589868575"/>
  <nd ref="12589868576"/>
  <nd ref="12589868577"/>
  <nd ref="12589868578"/>
  <nd ref="12589868579"/>
  <nd ref="12589868580"/>
  <nd ref="12589868565"/>
  <tag k="building" v="school"/>
  <tag k="building:levels" v="3"/>
 </way>
 <way id="1360284675" visible="true" version="1" changeset="162559221" timestamp="2025-02-16T06:04:30Z" user="Hung Tran 9x0" uid="20910140">
  <nd ref="11335073918"/>
  <nd ref="12592386978"/>
  <tag k="highway" v="service"/>
 </way>
 <way id="1366465304" visible="true" version="2" changeset="178325826" timestamp="2026-02-09T18:48:23Z" user="HoangQuanHDFPV" uid="22644759">
  <nd ref="2189336930"/>
  <nd ref="2189336888"/>
  <tag k="highway" v="residential"/>
  <tag k="name" v="LK6D"/>
 </way>
 <way id="1373000265" visible="true" version="6" changeset="183763966" timestamp="2026-06-07T05:49:00Z" user="vietnam321" uid="11196308">
  <nd ref="2189336938"/>
  <nd ref="12725862768"/>
  <nd ref="12725862767"/>
  <nd ref="12963712968"/>
  <nd ref="2189336936"/>
  <tag k="highway" v="tertiary"/>
  <tag k="name" v="Phố Nguyễn Văn Lộc"/>
  <tag k="name:etymology:wikidata" v="Q16480408"/>
  <tag k="oneway" v="yes"/>
 </way>
 <way id="1374431414" visible="true" version="2" changeset="183763966" timestamp="2026-06-07T05:49:00Z" user="vietnam321" uid="11196308">
  <nd ref="12725862755"/>
  <nd ref="12725862756"/>
  <nd ref="12725862757"/>
  <nd ref="2189336941"/>
  <tag k="highway" v="tertiary"/>
  <tag k="name" v="Phố Nguyễn Văn Lộc"/>
  <tag k="name:etymology:wikidata" v="Q16480408"/>
  <tag k="oneway" v="yes"/>
 </way>
 <way id="1374431415" visible="true" version="2" changeset="183763966" timestamp="2026-06-07T05:49:00Z" user="vietnam321" uid="11196308">
  <nd ref="12725862758"/>
  <nd ref="12725862759"/>
  <nd ref="12725862760"/>
  <nd ref="12725862755"/>
  <tag k="highway" v="tertiary"/>
  <tag k="name" v="Phố Nguyễn Văn Lộc"/>
  <tag k="name:etymology:wikidata" v="Q16480408"/>
  <tag k="oneway" v="yes"/>
 </way>
 <way id="1374431416" visible="true" version="4" changeset="183763966" timestamp="2026-06-07T05:49:00Z" user="vietnam321" uid="11196308">
  <nd ref="12725862763"/>
  <nd ref="12878602010"/>
  <nd ref="12963712967"/>
  <nd ref="12712852542"/>
  <nd ref="12725862765"/>
  <tag k="highway" v="tertiary"/>
  <tag k="name" v="Phố Nguyễn Văn Lộc"/>
  <tag k="name:etymology:wikidata" v="Q16480408"/>
  <tag k="oneway" v="yes"/>
 </way>
 <way id="1374431417" visible="true" version="2" changeset="183763966" timestamp="2026-06-07T05:49:00Z" user="vietnam321" uid="11196308">
  <nd ref="12725862765"/>
  <nd ref="12725862758"/>
  <tag k="highway" v="tertiary"/>
  <tag k="name" v="Phố Nguyễn Văn Lộc"/>
  <tag k="name:etymology:wikidata" v="Q16480408"/>
  <tag k="oneway" v="yes"/>
 </way>
 <way id="1374431419" visible="true" version="4" changeset="178325826" timestamp="2026-02-09T18:48:23Z" user="HoangQuanHDFPV" uid="22644759">
  <nd ref="12712852577"/>
  <nd ref="2189337174"/>
  <nd ref="12878602015"/>
  <tag k="highway" v="residential"/>
  <tag k="name" v="LK6A"/>
  <tag k="oneway" v="-1"/>
 </way>
 <way id="1374431422" visible="true" version="3" changeset="183763966" timestamp="2026-06-07T05:49:00Z" user="vietnam321" uid="11196308">
  <nd ref="12725862781"/>
  <nd ref="12725862770"/>
  <nd ref="12725862771"/>
  <nd ref="12908782871"/>
  <nd ref="2189337141"/>
  <tag k="highway" v="tertiary"/>
  <tag k="name" v="Phố Nguyễn Văn Lộc"/>
  <tag k="name:etymology:wikidata" v="Q16480408"/>
  <tag k="oneway" v="yes"/>
 </way>
 <way id="1374431423" visible="true" version="3" changeset="183763966" timestamp="2026-06-07T05:49:00Z" user="vietnam321" uid="11196308">
  <nd ref="2189336936"/>
  <nd ref="12725862781"/>
  <tag k="highway" v="tertiary"/>
  <tag k="name" v="Phố Nguyễn Văn Lộc"/>
  <tag k="name:etymology:wikidata" v="Q16480408"/>
  <tag k="oneway" v="yes"/>
 </way>
 <way id="1374431424" visible="true" version="2" changeset="183763966" timestamp="2026-06-07T05:48:18Z" user="vietnam321" uid="11196308">
  <nd ref="2189336938"/>
  <nd ref="12725862765"/>
  <tag k="highway" v="secondary"/>
  <tag k="name" v="Phố Vũ Trọng Khánh"/>
  <tag k="name:etymology:wikidata" v="Q10833920"/>
  <tag k="oneway" v="yes"/>
  <tag k="surface" v="asphalt"/>
 </way>
 <way id="1374431425" visible="true" version="4" changeset="183763966" timestamp="2026-06-07T05:49:00Z" user="vietnam321" uid="11196308">
  <nd ref="2189337141"/>
  <nd ref="12725862761"/>
  <nd ref="12725862762"/>
  <tag k="highway" v="tertiary"/>
  <tag k="name" v="Phố Nguyễn Văn Lộc"/>
  <tag k="name:etymology:wikidata" v="Q16480408"/>
  <tag k="oneway" v="yes"/>
 </way>
 <way id="1374431428" visible="true" version="3" changeset="183763966" timestamp="2026-06-07T05:49:00Z" user="vietnam321" uid="11196308">
  <nd ref="12725862762"/>
  <nd ref="12725862763"/>
  <tag k="highway" v="tertiary"/>
  <tag k="name" v="Phố Nguyễn Văn Lộc"/>
  <tag k="name:etymology:wikidata" v="Q16480408"/>
  <tag k="oneway" v="yes"/>
 </way>
 <way id="1376764717" visible="true" version="2" changeset="164822593" timestamp="2025-04-11T15:50:10Z" user="Hung Tran 9x0" uid="20910140">
  <nd ref="12748128035"/>
  <nd ref="12748128036"/>
  <nd ref="12748128037"/>
  <nd ref="12748116474"/>
  <nd ref="12748128038"/>
  <tag k="highway" v="service"/>
  <tag k="motorcar" v="no"/>
  <tag k="name" v="Ngõ 36 Phố Ao Sen"/>
  <tag k="service" v="alley"/>
 </way>
 <way id="1376764828" visible="true" version="1" changeset="164822593" timestamp="2025-04-11T15:50:10Z" user="Hung Tran 9x0" uid="20910140">
  <nd ref="12748116473"/>
  <nd ref="12748116474"/>
  <tag k="highway" v="service"/>
  <tag k="motorcar" v="no"/>
  <tag k="service" v="alley"/>
 </way>
 <way id="1391315709" visible="true" version="1" changeset="167039277" timestamp="2025-06-01T08:21:30Z" user="Hung Tran 9x0" uid="20910140">
  <nd ref="12712852577"/>
  <nd ref="12878602008"/>
  <nd ref="12878602007"/>
  <tag k="highway" v="residential"/>
  <tag k="oneway" v="yes"/>
 </way>
 <way id="1391315710" visible="true" version="1" changeset="167039277" timestamp="2025-06-01T08:21:30Z" user="Hung Tran 9x0" uid="20910140">
  <nd ref="12878602007"/>
  <nd ref="12878602009"/>
  <nd ref="8336616426"/>
  <tag k="highway" v="residential"/>
  <tag k="oneway" v="yes"/>
 </way>
 <way id="1391315712" visible="true" version="3" changeset="168291072" timestamp="2025-06-30T04:55:49Z" user="Hung Tran 9x0" uid="20910140">
  <nd ref="12725862781"/>
  <nd ref="12963712969"/>
  <nd ref="12963712971"/>
  <nd ref="12963712970"/>
  <nd ref="12725862762"/>
  <nd ref="12908782870"/>
  <nd ref="12963712972"/>
  <nd ref="12878602014"/>
  <nd ref="12712852577"/>
  <tag k="highway" v="tertiary_link"/>
  <tag k="oneway" v="yes"/>
 </way>
 <way id="1391315713" visible="true" version="3" changeset="178325826" timestamp="2026-02-09T18:48:23Z" user="HoangQuanHDFPV" uid="22644759">
  <nd ref="12878602014"/>
  <nd ref="12878602020"/>
  <nd ref="12898626288"/>
  <nd ref="12878602015"/>
  <tag k="highway" v="residential"/>
  <tag k="name" v="LK6A"/>
  <tag k="oneway" v="yes"/>
 </way>
 <way id="1391315715" visible="true" version="2" changeset="178325826" timestamp="2026-02-09T18:48:23Z" user="HoangQuanHDFPV" uid="22644759">
  <nd ref="12725862763"/>
  <nd ref="8336616426"/>
  <tag k="highway" v="tertiary_link"/>
  <tag k="name" v="Khu Đô Thị Mỗ Lao"/>
  <tag k="oneway" v="-1"/>
 </way>
 <way id="1393444644" visible="true" version="2" changeset="178325826" timestamp="2026-02-09T18:48:23Z" user="HoangQuanHDFPV" uid="22644759">
  <nd ref="12878602015"/>
  <nd ref="8336963141"/>
  <tag k="highway" v="residential"/>
  <tag k="name" v="LK6A"/>
 </way>
 <way id="1395141521" visible="true" version="1" changeset="167600809" timestamp="2025-06-14T06:50:59Z" user="Hung Tran 9x0" uid="20910140">
  <nd ref="12913978714"/>
  <nd ref="8336854322"/>
  <tag k="highway" v="service"/>
 </way>
 <way id="1410826315" visible="true" version="1" changeset="168291072" timestamp="2025-06-30T04:55:49Z" user="Hung Tran 9x0" uid="20910140">
  <nd ref="12963712967"/>
  <nd ref="12963712968"/>
  <tag k="highway" v="tertiary_link"/>
  <tag k="note" v="see latest mapiliary images to avoid wrong position if you're not local"/>
  <tag k="oneway" v="yes"/>
 </way>
 <way id="1413520764" visible="true" version="4" changeset="170094117" timestamp="2025-08-07T08:40:18Z" user="AndjelaS" uid="8951082">
  <nd ref="11097232948"/>
  <nd ref="12989985980"/>
  <tag k="admin_level" v="6"/>
  <tag k="boundary" v="administrative"/>
 </way>
 <way id="1413520765" visible="true" version="4" changeset="170094117" timestamp="2025-08-07T08:40:18Z" user="AndjelaS" uid="8951082">
  <nd ref="12989985980"/>
  <nd ref="12992978193"/>
  <tag k="admin_level" v="6"/>
  <tag k="boundary" v="administrative"/>
 </way>
 <way id="1413922748" visible="true" version="4" changeset="170094117" timestamp="2025-08-07T08:40:18Z" user="AndjelaS" uid="8951082">
  <nd ref="4759894605"/>
  <nd ref="13055800186"/>
  <nd ref="12992978193"/>
  <tag k="admin_level" v="6"/>
  <tag k="boundary" v="administrative"/>
 </way>
 <way id="1413922752" visible="true" version="4" changeset="170094117" timestamp="2025-08-07T08:40:18Z" user="AndjelaS" uid="8951082">
  <nd ref="11093599130"/>
  <nd ref="13055800185"/>
  <nd ref="6352370461"/>
  <tag k="admin_level" v="6"/>
  <tag k="boundary" v="administrative"/>
 </way>
 <way id="1419890135" visible="true" version="1" changeset="169934334" timestamp="2025-08-04T05:38:19Z" user="Hung Tran 9x0" uid="20910140">
  <nd ref="2189337155"/>
  <nd ref="13047588756"/>
  <nd ref="444878349"/>
  <tag k="highway" v="service"/>
  <tag k="mofa" v="yes"/>
  <tag k="moped" v="yes"/>
  <tag k="motorcycle" v="yes"/>
  <tag k="motor_vehicle" v="no"/>
  <tag k="name" v="Ngõ 58 Phố Ao Sen"/>
  <tag k="service" v="alley"/>
  <tag k="surface" v="concrete"/>
 </way>
 <way id="1420696893" visible="true" version="1" changeset="170094117" timestamp="2025-08-07T08:40:18Z" user="AndjelaS" uid="8951082">
  <nd ref="11093599130"/>
  <nd ref="11093599129"/>
  <nd ref="11093599128"/>
  <nd ref="11093599127"/>
  <nd ref="11097232942"/>
  <tag k="admin_level" v="6"/>
  <tag k="boundary" v="administrative"/>
 </way>
 <way id="1420696894" visible="true" version="1" changeset="170094117" timestamp="2025-08-07T08:40:18Z" user="AndjelaS" uid="8951082">
  <nd ref="11097232948"/>
  <nd ref="11097232945"/>
  <nd ref="11097232946"/>
  <nd ref="6352370510"/>
  <nd ref="11093599147"/>
  <nd ref="11097232947"/>
  <nd ref="6352370461"/>
  <tag k="admin_level" v="6"/>
  <tag k="boundary" v="administrative"/>
 </way>
 <way id="1420696895" visible="true" version="1" changeset="170094117" timestamp="2025-08-07T08:40:18Z" user="AndjelaS" uid="8951082">
  <nd ref="6352370532"/>
  <nd ref="10898553463"/>
  <nd ref="11097232953"/>
  <nd ref="11097232951"/>
  <nd ref="6352370488"/>
  <nd ref="11097232950"/>
  <nd ref="11097232948"/>
  <tag k="boundary" v="administrative"/>
 </way>
 <way id="1420696896" visible="true" version="1" changeset="170094117" timestamp="2025-08-07T08:40:18Z" user="AndjelaS" uid="8951082">
  <nd ref="12992978193"/>
  <nd ref="6352370532"/>
  <tag k="admin_level" v="6"/>
  <tag k="boundary" v="administrative"/>
 </way>
 <way id="1424048812" visible="true" version="1" changeset="170810696" timestamp="2025-08-22T05:54:05Z" user="Hung Tran 9x0" uid="20910140">
  <nd ref="5710058425"/>
  <nd ref="8830768594"/>
  <nd ref="8830768593"/>
  <nd ref="5710058431"/>
  <tag k="highway" v="service"/>
  <tag k="mofa" v="yes"/>
  <tag k="moped" v="yes"/>
  <tag k="motorcycle" v="yes"/>
  <tag k="motor_vehicle" v="no"/>
  <tag k="service" v="alley"/>
  <tag k="surface" v="paving_stones"/>
 </way>
 <way id="1442954016" visible="true" version="1" changeset="173435701" timestamp="2025-10-18T05:55:13Z" user="Hung Tran 9x0" uid="20910140">
  <nd ref="13240208111"/>
  <nd ref="13240208110"/>
  <nd ref="11393362110"/>
  <nd ref="11393362111"/>
  <nd ref="11393362112"/>
  <tag k="highway" v="service"/>
  <tag k="name" v="Ngách 17 Ngõ 255 Nguyễn Văn Trỗi"/>
  <tag k="service" v="alley"/>
 </way>
 <way id="1442954017" visible="true" version="1" changeset="173435701" timestamp="2025-10-18T05:55:13Z" user="Hung Tran 9x0" uid="20910140">
  <nd ref="13240208110"/>
  <nd ref="13240208112"/>
  <nd ref="13240208113"/>
  <nd ref="13240208114"/>
  <tag k="highway" v="service"/>
  <tag k="name" v="Hẻm 255/17/7 Phố Nguyễn Văn Trỗi"/>
  <tag k="service" v="alley"/>
 </way>
 <way id="1446447701" visible="true" version="1" changeset="174005768" timestamp="2025-10-31T06:39:23Z" user="Hung Tran 9x0" uid="20910140">
  <nd ref="13271692309"/>
  <nd ref="13271692310"/>
  <nd ref="13271692311"/>
  <nd ref="13271692312"/>
  <nd ref="13271692313"/>
  <nd ref="13271692314"/>
  <nd ref="13271692315"/>
  <nd ref="13271692309"/>
  <tag k="building" v="apartments"/>
  <tag k="name" v="HANDIRESCO Trung Văn"/>
 </way>
 <way id="1446447702" visible="true" version="1" changeset="174005768" timestamp="2025-10-31T06:39:23Z" user="Hung Tran 9x0" uid="20910140">
  <nd ref="5710591533"/>
  <nd ref="13271692316"/>
  <tag k="highway" v="service"/>
  <tag k="motorcar" v="no"/>
  <tag k="service" v="alley"/>
 </way>
 <way id="1451898270" visible="true" version="2" changeset="174845197" timestamp="2025-11-19T06:59:26Z" user="Hung Tran 9x0" uid="20910140">
  <nd ref="13315837792"/>
  <nd ref="13315837793"/>
  <nd ref="13315837799"/>
  <nd ref="13315837794"/>
  <nd ref="13315837795"/>
  <nd ref="13315837796"/>
  <nd ref="13315837797"/>
  <nd ref="13315837798"/>
  <tag k="highway" v="service"/>
  <tag k="name" v="Ngách 67/35 Đường Phùng Khoang"/>
  <tag k="service" v="alley"/>
 </way>
 <way id="1452651133" visible="true" version="1" changeset="174955370" timestamp="2025-11-21T16:05:44Z" user="Hung Tran 9x0" uid="20910140">
  <nd ref="13322242408"/>
  <nd ref="13322242409"/>
  <nd ref="13322242410"/>
  <nd ref="13322242411"/>
  <nd ref="13322242412"/>
  <nd ref="13322242413"/>
  <nd ref="13322242414"/>
  <nd ref="13322242408"/>
  <tag k="building" v="yes"/>
  <tag k="name" v="Nhà H - Vinaconex 2"/>
 </way>
 <way id="1452651134" visible="true" version="1" changeset="174955370" timestamp="2025-11-21T16:05:44Z" user="Hung Tran 9x0" uid="20910140">
  <nd ref="13322242415"/>
  <nd ref="13322242416"/>
  <nd ref="13322242417"/>
  <nd ref="13322242418"/>
  <nd ref="13322242419"/>
  <nd ref="13322242420"/>
  <nd ref="13322242421"/>
  <nd ref="13322242415"/>
  <tag k="building" v="yes"/>
  <tag k="name" v="Nhà M - Vinaconex 2"/>
 </way>
 <way id="1452651135" visible="true" version="1" changeset="174955370" timestamp="2025-11-21T16:05:44Z" user="Hung Tran 9x0" uid="20910140">
  <nd ref="13322242422"/>
  <nd ref="13322242423"/>
  <nd ref="13322242424"/>
  <nd ref="13322242425"/>
  <nd ref="13322242426"/>
  <nd ref="13322242427"/>
  <nd ref="13322242422"/>
  <tag k="building" v="yes"/>
  <tag k="name" v="Nhà G - Vinaconex 2"/>
 </way>
 <way id="1452651136" visible="true" version="1" changeset="174955370" timestamp="2025-11-21T16:05:44Z" user="Hung Tran 9x0" uid="20910140">
  <nd ref="13322242428"/>
  <nd ref="13322242429"/>
  <nd ref="13322242430"/>
  <nd ref="13322242431"/>
  <nd ref="13322242428"/>
  <tag k="building" v="yes"/>
  <tag k="name" v="Nhà D - Vinaconex 2"/>
 </way>
 <way id="1452651137" visible="true" version="1" changeset="174955370" timestamp="2025-11-21T16:05:44Z" user="Hung Tran 9x0" uid="20910140">
  <nd ref="13322242432"/>
  <nd ref="13322242433"/>
  <nd ref="13322242434"/>
  <nd ref="13322242435"/>
  <nd ref="13322242436"/>
  <nd ref="13322242437"/>
  <nd ref="13322242432"/>
  <tag k="building" v="yes"/>
  <tag k="name" v="Nhà E - Vinaconex 2"/>
 </way>
 <way id="1452651138" visible="true" version="1" changeset="174955370" timestamp="2025-11-21T16:05:44Z" user="Hung Tran 9x0" uid="20910140">
  <nd ref="10005545155"/>
  <nd ref="13322242439"/>
  <nd ref="13322242438"/>
  <tag k="highway" v="residential"/>
 </way>
 <way id="1474609850" visible="true" version="1" changeset="178170069" timestamp="2026-02-06T06:23:32Z" user="GrabVN_HHanh" uid="21825758">
  <nd ref="13528130406"/>
  <nd ref="13528130407"/>
  <nd ref="13528130408"/>
  <tag k="highway" v="service"/>
  <tag k="service" v="alley"/>
 </way>
 <way id="1475686327" visible="true" version="1" changeset="178325826" timestamp="2026-02-09T18:48:23Z" user="HoangQuanHDFPV" uid="22644759">
  <nd ref="2189337111"/>
  <nd ref="2189336961"/>
  <tag k="highway" v="service"/>
 </way>
 <way id="1475686328" visible="true" version="1" changeset="178325826" timestamp="2026-02-09T18:48:23Z" user="HoangQuanHDFPV" uid="22644759">
  <nd ref="2189337102"/>
  <nd ref="4736515098"/>
  <tag k="highway" v="residential"/>
  <tag k="name" v="LK6B"/>
 </way>
 <way id="1475686329" visible="true" version="1" changeset="178325826" timestamp="2026-02-09T18:48:23Z" user="HoangQuanHDFPV" uid="22644759">
  <nd ref="2189337102"/>
  <nd ref="2189336907"/>
  <tag k="highway" v="residential"/>
  <tag k="name" v="LK6B"/>
 </way>
 <way id="1475686330" visible="true" version="1" changeset="178325826" timestamp="2026-02-09T18:48:23Z" user="HoangQuanHDFPV" uid="22644759">
  <nd ref="2189336929"/>
  <nd ref="2189336870"/>
  <nd ref="5710056500"/>
  <tag k="highway" v="residential"/>
  <tag k="name" v="16A2"/>
 </way>
 <way id="1475686331" visible="true" version="1" changeset="178325826" timestamp="2026-02-09T18:48:23Z" user="HoangQuanHDFPV" uid="22644759">
  <nd ref="2189336927"/>
  <nd ref="2189337143"/>
  <tag k="highway" v="service"/>
  <tag k="name" v="Ngõ 23 Phố Nguyễn Văn Lộc"/>
 </way>
 <way id="1475686332" visible="true" version="1" changeset="178325826" timestamp="2026-02-09T18:48:23Z" user="HoangQuanHDFPV" uid="22644759">
  <nd ref="2189337155"/>
  <nd ref="2189337156"/>
  <tag k="highway" v="residential"/>
  <tag k="name" v="Ngõ 58 Phố Ao Sen"/>
 </way>
 <way id="1475686333" visible="true" version="2" changeset="183763966" timestamp="2026-06-07T05:49:00Z" user="vietnam321" uid="11196308">
  <nd ref="5710056496"/>
  <nd ref="2189336921"/>
  <nd ref="2189336968"/>
  <nd ref="6417235193"/>
  <tag k="highway" v="tertiary"/>
  <tag k="name" v="Phố Nguyễn Văn Lộc"/>
  <tag k="name:etymology:wikidata" v="Q16480408"/>
 </way>
 <way id="1475686334" visible="true" version="3" changeset="179208517" timestamp="2026-03-01T13:28:06Z" user="Hung Tran 9x0" uid="20910140">
  <nd ref="8831785117"/>
  <nd ref="13607683328"/>
  <tag k="highway" v="service"/>
  <tag k="motorcycle" v="yes"/>
  <tag k="motor_vehicle" v="no"/>
 </way>
 <way id="1475686335" visible="true" version="1" changeset="178325826" timestamp="2026-02-09T18:48:23Z" user="HoangQuanHDFPV" uid="22644759">
  <nd ref="2189337156"/>
  <nd ref="8831785117"/>
  <nd ref="2189337157"/>
  <tag k="highway" v="service"/>
  <tag k="name" v="LK3C"/>
 </way>
 <way id="1475686336" visible="true" version="1" changeset="178325826" timestamp="2026-02-09T18:48:23Z" user="HoangQuanHDFPV" uid="22644759">
  <nd ref="2189337144"/>
  <nd ref="8831783974"/>
  <nd ref="2189337153"/>
  <tag k="highway" v="service"/>
  <tag k="name" v="16B3"/>
 </way>
 <way id="1475686337" visible="true" version="1" changeset="178325826" timestamp="2026-02-09T18:48:23Z" user="HoangQuanHDFPV" uid="22644759">
  <nd ref="8336616426"/>
  <nd ref="12712852577"/>
  <tag k="highway" v="residential"/>
  <tag k="oneway" v="-1"/>
 </way>
 <way id="1478595505" visible="true" version="1" changeset="178549021" timestamp="2026-02-14T15:30:09Z" user="Hung Tran 9x0" uid="20910140">
  <nd ref="13564414739"/>
  <nd ref="13564414740"/>
  <nd ref="13564414741"/>
  <nd ref="13564414742"/>
  <nd ref="13564414743"/>
  <nd ref="13564414744"/>
  <nd ref="13564414745"/>
  <nd ref="13564414746"/>
  <nd ref="13564414739"/>
  <tag k="addr:street" v="Phố Vũ Trọng Khánh"/>
  <tag k="building" v="apartments"/>
  <tag k="name" v="CT4 Booyoung Vina"/>
 </way>
 <way id="1528033522" visible="true" version="1" changeset="183902291" timestamp="2026-06-10T04:10:17Z" user="LKCuong" uid="22177075">
  <nd ref="445223151"/>
  <nd ref="445223467"/>
  <nd ref="445223328"/>
  <tag k="hgv" v="no"/>
  <tag k="highway" v="residential"/>
  <tag k="name" v="Ngách 127/29 Phố Phùng Khoang"/>
  <tag k="note" v="425_3"/>
 </way>
 <relation id="1903516" visible="true" version="183" changeset="178799875" timestamp="2026-02-20T03:46:59Z" user="vietnam321" uid="11196308">
  <member type="node" ref="74132064" role="admin_centre"/>
  <member type="way" ref="1413275005" role="outer"/>
  <member type="way" ref="483513679" role="outer"/>
  <member type="way" ref="1354404795" role="outer"/>
  <member type="way" ref="1051758142" role="outer"/>
  <member type="way" ref="1426035521" role="outer"/>
  <member type="way" ref="1426035520" role="outer"/>
  <member type="way" ref="1051758141" role="outer"/>
  <member type="way" ref="483151239" role="outer"/>
  <member type="way" ref="1051758140" role="outer"/>
  <member type="way" ref="483509946" role="outer"/>
  <member type="way" ref="1313130352" role="outer"/>
  <member type="way" ref="1313130353" role="outer"/>
  <member type="way" ref="483151673" role="outer"/>
  <member type="way" ref="1362274975" role="outer"/>
  <member type="way" ref="1184606221" role="outer"/>
  <member type="way" ref="483151676" role="outer"/>
  <member type="way" ref="1426035519" role="outer"/>
  <member type="way" ref="1184606211" role="outer"/>
  <member type="way" ref="1184606214" role="outer"/>
  <member type="way" ref="1184607697" role="outer"/>
  <member type="way" ref="1184607690" role="outer"/>
  <member type="way" ref="1184607687" role="outer"/>
  <member type="way" ref="1184607685" role="outer"/>
  <member type="way" ref="140210315" role="outer"/>
  <member type="way" ref="1426035518" role="outer"/>
  <member type="way" ref="1426035517" role="outer"/>
  <member type="way" ref="1184607673" role="outer"/>
  <member type="way" ref="483396974" role="outer"/>
  <member type="way" ref="1184607676" role="outer"/>
  <member type="way" ref="1184606196" role="outer"/>
  <member type="way" ref="483388676" role="outer"/>
  <member type="way" ref="1184606225" role="outer"/>
  <member type="way" ref="1184606218" role="outer"/>
  <member type="way" ref="483387436" role="outer"/>
  <member type="way" ref="1184606231" role="outer"/>
  <member type="way" ref="1426035516" role="outer"/>
  <member type="way" ref="1426035515" role="outer"/>
  <member type="way" ref="1184606235" role="outer"/>
  <member type="way" ref="1426035514" role="outer"/>
  <member type="way" ref="1426035513" role="outer"/>
  <member type="way" ref="1184606249" role="outer"/>
  <member type="way" ref="1424383750" role="outer"/>
  <member type="way" ref="483170705" role="outer"/>
  <member type="way" ref="1184606254" role="outer"/>
  <member type="way" ref="483170689" role="outer"/>
  <member type="way" ref="1184606255" role="outer"/>
  <member type="way" ref="483648706" role="outer"/>
  <member type="way" ref="848070516" role="outer"/>
  <member type="way" ref="848070517" role="outer"/>
  <member type="way" ref="1426035512" role="outer"/>
  <member type="way" ref="483171836" role="outer"/>
  <member type="way" ref="1424383748" role="outer"/>
  <member type="way" ref="1424383749" role="outer"/>
  <member type="way" ref="483184832" role="outer"/>
  <member type="way" ref="1339202536" role="outer"/>
  <member type="way" ref="1352866552" role="outer"/>
  <member type="way" ref="1426035510" role="outer"/>
  <member type="way" ref="1426035511" role="outer"/>
  <member type="way" ref="483192219" role="outer"/>
  <member type="way" ref="1352870163" role="outer"/>
  <member type="way" ref="1353288737" role="outer"/>
  <member type="way" ref="1353291327" role="outer"/>
  <member type="way" ref="1352870162" role="outer"/>
  <member type="way" ref="764373558" role="outer"/>
  <member type="way" ref="762882413" role="outer"/>
  <member type="way" ref="1426035508" role="outer"/>
  <member type="way" ref="1426035509" role="outer"/>
  <member type="way" ref="903384225" role="outer"/>
  <member type="way" ref="1424383804" role="outer"/>
  <member type="way" ref="1424383805" role="outer"/>
  <member type="way" ref="483632310" role="outer"/>
  <member type="way" ref="140210317" role="outer"/>
  <member type="way" ref="1424383798" role="outer"/>
  <member type="way" ref="1424383799" role="outer"/>
  <member type="way" ref="1425805903" role="outer"/>
  <member type="way" ref="1425805902" role="outer"/>
  <member type="way" ref="140210320" role="outer"/>
  <member type="way" ref="483196192" role="outer"/>
  <member type="way" ref="1418877648" role="outer"/>
  <member type="way" ref="1425805901" role="outer"/>
  <member type="way" ref="1425805900" role="outer"/>
  <member type="way" ref="483720005" role="outer"/>
  <member type="way" ref="1358115413" role="outer"/>
  <member type="way" ref="1425805899" role="outer"/>
  <member type="way" ref="1425805898" role="outer"/>
  <member type="way" ref="1358115402" role="outer"/>
  <member type="way" ref="1358115404" role="outer"/>
  <member type="way" ref="1359332218" role="outer"/>
  <member type="way" ref="1425805897" role="outer"/>
  <member type="way" ref="1425805896" role="outer"/>
  <member type="way" ref="483220090" role="outer"/>
  <member type="way" ref="1358115398" role="outer"/>
  <member type="way" ref="1425977545" role="outer"/>
  <member type="way" ref="1358115400" role="outer"/>
  <member type="way" ref="140210321" role="outer"/>
  <member type="way" ref="1358115393" role="outer"/>
  <member type="way" ref="1425977544" role="outer"/>
  <member type="way" ref="1425977543" role="outer"/>
  <member type="way" ref="1358115387" role="outer"/>
  <member type="way" ref="1425977542" role="outer"/>
  <member type="way" ref="1425977541" role="outer"/>
  <member type="way" ref="484461490" role="outer"/>
  <member type="way" ref="1357798440" role="outer"/>
  <member type="way" ref="1359056474" role="outer"/>
  <member type="way" ref="1418877640" role="outer"/>
  <member type="way" ref="1360322821" role="outer"/>
  <member type="way" ref="1360322823" role="outer"/>
  <member type="way" ref="1425977540" role="outer"/>
  <member type="way" ref="1425977539" role="outer"/>
  <member type="way" ref="483226558" role="outer"/>
  <member type="way" ref="1425977538" role="outer"/>
  <member type="way" ref="1425977537" role="outer"/>
  <member type="way" ref="1360322820" role="outer"/>
  <member type="way" ref="1360322830" role="outer"/>
  <member type="way" ref="484464066" role="outer"/>
  <member type="way" ref="483226562" role="outer"/>
  <member type="way" ref="1425977536" role="outer"/>
  <member type="way" ref="1425977535" role="outer"/>
  <member type="way" ref="1425977534" role="outer"/>
  <member type="way" ref="1425977533" role="outer"/>
  <member type="way" ref="1032879034" role="outer"/>
  <member type="way" ref="1032879037" role="outer"/>
  <member type="way" ref="1032879040" role="outer"/>
  <member type="way" ref="1033173760" role="outer"/>
  <member type="way" ref="483232111" role="outer"/>
  <member type="way" ref="1033173759" role="outer"/>
  <member type="way" ref="1033173768" role="outer"/>
  <member type="way" ref="484463626" role="outer"/>
  <member type="way" ref="1425977532" role="outer"/>
  <member type="way" ref="1425977531" role="outer"/>
  <member type="way" ref="1033173766" role="outer"/>
  <member type="way" ref="1033198073" role="outer"/>
  <member type="way" ref="1296971657" role="outer"/>
  <member type="way" ref="140210322" role="outer"/>
  <member type="way" ref="484551783" role="outer"/>
  <member type="way" ref="1033198076" role="outer"/>
  <member type="way" ref="1067561904" role="outer"/>
  <member type="way" ref="484563275" role="outer"/>
  <member type="way" ref="1336799424" role="outer"/>
  <member type="way" ref="660919764" role="outer"/>
  <member type="way" ref="1285926710" role="outer"/>
  <member type="way" ref="483150861" role="outer"/>
  <member type="way" ref="1285926708" role="outer"/>
  <member type="way" ref="484561938" role="outer"/>
  <member type="way" ref="1414071046" role="outer"/>
  <member type="way" ref="1349140136" role="outer"/>
  <member type="way" ref="1270602571" role="outer"/>
  <member type="way" ref="1270602570" role="outer"/>
  <member type="way" ref="1270602575" role="outer"/>
  <member type="way" ref="1270602583" role="outer"/>
  <member type="way" ref="483149600" role="outer"/>
  <member type="way" ref="1267893300" role="outer"/>
  <member type="way" ref="1267893303" role="outer"/>
  <member type="way" ref="1381050279" role="outer"/>
  <member type="way" ref="140210318" role="outer"/>
  <member type="way" ref="1263418464" role="outer"/>
  <member type="way" ref="1136905481" role="outer"/>
  <member type="way" ref="1263418468" role="outer"/>
  <member type="way" ref="1263418461" role="outer"/>
  <member type="way" ref="1424740376" role="outer"/>
  <member type="way" ref="140210319" role="outer"/>
  <member type="way" ref="1354597644" role="outer"/>
  <member type="way" ref="140498999" role="outer"/>
  <member type="way" ref="1426035523" role="outer"/>
  <member type="way" ref="1426035522" role="outer"/>
  <member type="way" ref="1265474293" role="outer"/>
  <member type="way" ref="540401458" role="outer"/>
  <member type="way" ref="1354361339" role="outer"/>
  <member type="way" ref="483149602" role="outer"/>
  <member type="way" ref="1354404789" role="outer"/>
  <member type="way" ref="483525471" role="outer"/>
  <member type="way" ref="1354404783" role="outer"/>
  <member type="way" ref="1354404790" role="outer"/>
  <member type="way" ref="1413275006" role="outer"/>
  <member type="relation" ref="19301118" role="subarea"/>
  <member type="relation" ref="19301119" role="subarea"/>
  <member type="relation" ref="19301117" role="subarea"/>
  <member type="relation" ref="19301116" role="subarea"/>
  <member type="relation" ref="19317429" role="subarea"/>
  <member type="relation" ref="19317430" role="subarea"/>
  <member type="relation" ref="19317431" role="subarea"/>
  <member type="relation" ref="19322845" role="subarea"/>
  <member type="relation" ref="19322846" role="subarea"/>
  <member type="relation" ref="19322847" role="subarea"/>
  <member type="relation" ref="19322849" role="subarea"/>
  <member type="relation" ref="19322848" role="subarea"/>
  <member type="relation" ref="19331652" role="subarea"/>
  <member type="relation" ref="19331651" role="subarea"/>
  <member type="relation" ref="19331653" role="subarea"/>
  <member type="relation" ref="19331654" role="subarea"/>
  <member type="relation" ref="19331657" role="subarea"/>
  <member type="relation" ref="19331655" role="subarea"/>
  <member type="relation" ref="19331656" role="subarea"/>
  <member type="relation" ref="19331658" role="subarea"/>
  <member type="relation" ref="19331659" role="subarea"/>
  <member type="relation" ref="19332318" role="subarea"/>
  <member type="relation" ref="19332319" role="subarea"/>
  <member type="relation" ref="19332320" role="subarea"/>
  <member type="relation" ref="19332321" role="subarea"/>
  <member type="relation" ref="19334582" role="subarea"/>
  <member type="relation" ref="19334583" role="subarea"/>
  <member type="relation" ref="19334584" role="subarea"/>
  <member type="relation" ref="19334585" role="subarea"/>
  <member type="relation" ref="19334586" role="subarea"/>
  <member type="relation" ref="19334587" role="subarea"/>
  <member type="relation" ref="19334588" role="subarea"/>
  <member type="relation" ref="19334589" role="subarea"/>
  <member type="relation" ref="19341254" role="subarea"/>
  <member type="relation" ref="19341253" role="subarea"/>
  <member type="relation" ref="19338086" role="subarea"/>
  <member type="relation" ref="19338089" role="subarea"/>
  <member type="relation" ref="19338088" role="subarea"/>
  <member type="relation" ref="19338087" role="subarea"/>
  <member type="relation" ref="19338090" role="subarea"/>
  <member type="relation" ref="19335113" role="subarea"/>
  <member type="relation" ref="19335115" role="subarea"/>
  <member type="relation" ref="19335112" role="subarea"/>
  <member type="relation" ref="19335114" role="subarea"/>
  <member type="relation" ref="19317432" role="subarea"/>
  <member type="relation" ref="19411380" role="subarea"/>
  <member type="relation" ref="19411381" role="subarea"/>
  <member type="relation" ref="19411382" role="subarea"/>
  <member type="relation" ref="19411384" role="subarea"/>
  <member type="relation" ref="19411383" role="subarea"/>
  <member type="relation" ref="19411386" role="subarea"/>
  <member type="relation" ref="19411385" role="subarea"/>
  <member type="relation" ref="19411387" role="subarea"/>
  <member type="relation" ref="19411388" role="subarea"/>
  <member type="relation" ref="19341251" role="subarea"/>
  <member type="relation" ref="19338319" role="subarea"/>
  <member type="relation" ref="19338313" role="subarea"/>
  <member type="relation" ref="19335053" role="subarea"/>
  <member type="relation" ref="19335052" role="subarea"/>
  <member type="relation" ref="19338315" role="subarea"/>
  <member type="relation" ref="19341926" role="subarea"/>
  <member type="relation" ref="19341924" role="subarea"/>
  <member type="relation" ref="19338314" role="subarea"/>
  <member type="relation" ref="19335051" role="subarea"/>
  <member type="relation" ref="19341252" role="subarea"/>
  <member type="relation" ref="19341250" role="subarea"/>
  <member type="relation" ref="19338316" role="subarea"/>
  <member type="relation" ref="19338317" role="subarea"/>
  <member type="relation" ref="19338318" role="subarea"/>
  <member type="relation" ref="19335054" role="subarea"/>
  <member type="relation" ref="19335056" role="subarea"/>
  <member type="relation" ref="19335055" role="subarea"/>
  <member type="relation" ref="19338320" role="subarea"/>
  <member type="relation" ref="19341928" role="subarea"/>
  <member type="relation" ref="19341927" role="subarea"/>
  <member type="relation" ref="19435863" role="subarea"/>
  <member type="relation" ref="19435864" role="subarea"/>
  <member type="relation" ref="19437088" role="subarea"/>
  <member type="relation" ref="19437089" role="subarea"/>
  <member type="relation" ref="19437090" role="subarea"/>
  <member type="relation" ref="19437091" role="subarea"/>
  <member type="relation" ref="19437092" role="subarea"/>
  <member type="relation" ref="19437093" role="subarea"/>
  <member type="relation" ref="19437094" role="subarea"/>
  <member type="relation" ref="19437095" role="subarea"/>
  <member type="relation" ref="19437096" role="subarea"/>
  <member type="relation" ref="19446382" role="subarea"/>
  <member type="relation" ref="19446383" role="subarea"/>
  <member type="relation" ref="19446384" role="subarea"/>
  <member type="relation" ref="19446385" role="subarea"/>
  <member type="relation" ref="19446386" role="subarea"/>
  <member type="relation" ref="19514801" role="subarea"/>
  <member type="relation" ref="19514800" role="subarea"/>
  <member type="relation" ref="19514799" role="subarea"/>
  <member type="relation" ref="19514798" role="subarea"/>
  <member type="relation" ref="19514797" role="subarea"/>
  <member type="relation" ref="19514796" role="subarea"/>
  <member type="relation" ref="19514795" role="subarea"/>
  <member type="relation" ref="19514794" role="subarea"/>
  <member type="relation" ref="19514793" role="subarea"/>
  <member type="relation" ref="19514792" role="subarea"/>
  <member type="relation" ref="19514791" role="subarea"/>
  <member type="relation" ref="19514790" role="subarea"/>
  <member type="relation" ref="19514789" role="subarea"/>
  <member type="relation" ref="19514788" role="subarea"/>
  <member type="relation" ref="19514787" role="subarea"/>
  <member type="relation" ref="19514786" role="subarea"/>
  <member type="relation" ref="19514785" role="subarea"/>
  <member type="relation" ref="19514784" role="subarea"/>
  <member type="relation" ref="19514783" role="subarea"/>
  <member type="relation" ref="19514782" role="subarea"/>
  <member type="relation" ref="19514781" role="subarea"/>
  <member type="relation" ref="19514780" role="subarea"/>
  <member type="relation" ref="19514779" role="subarea"/>
  <member type="relation" ref="19514778" role="subarea"/>
  <member type="relation" ref="19514777" role="subarea"/>
  <member type="relation" ref="19514776" role="subarea"/>
  <member type="relation" ref="19514775" role="subarea"/>
  <member type="relation" ref="19514774" role="subarea"/>
  <member type="relation" ref="19514773" role="subarea"/>
  <member type="relation" ref="19514772" role="subarea"/>
  <member type="relation" ref="19514771" role="subarea"/>
  <member type="relation" ref="19514770" role="subarea"/>
  <member type="relation" ref="19514769" role="subarea"/>
  <member type="relation" ref="19514768" role="subarea"/>
  <member type="relation" ref="19514767" role="subarea"/>
  <tag k="admin_level" v="4"/>
  <tag k="boundary" v="administrative"/>
  <tag k="is_in:country" v="Vietnam"/>
  <tag k="is_in:country_code" v="VN"/>
  <tag k="ISO3166-2" v="VN-HN"/>
  <tag k="name" v="Thành phố Hà Nội"/>
  <tag k="name:am" v="ሀኖይ"/>
  <tag k="name:ar" v="هانوي"/>
  <tag k="name:arz" v="هانوى"/>
  <tag k="name:ast" v="Ḥanói"/>
  <tag k="name:az" v="Hanoy"/>
  <tag k="name:be" v="Ханой"/>
  <tag k="name:be-tarask" v="Ханой"/>
  <tag k="name:bg" v="Ханой"/>
  <tag k="name:bn" v="হ্যানয়"/>
  <tag k="name:bo" v="ཧེ་ནོ།"/>
  <tag k="name:br" v="Ha Noi"/>
  <tag k="name:ca" v="Hanoi"/>
  <tag k="name:ckb" v="ھانۆی"/>
  <tag k="name:cs" v="Hanoj"/>
  <tag k="name:cv" v="Ханой"/>
  <tag k="name:da" v="Hanoi"/>
  <tag k="name:de" v="Hanoi"/>
  <tag k="name:el" v="Ανόι"/>
  <tag k="name:en" v="Hà Nội"/>
  <tag k="name:eo" v="Hanojo"/>
  <tag k="name:es" v="Hanói"/>
  <tag k="name:et" v="Hanoi"/>
  <tag k="name:eu" v="Hanoi"/>
  <tag k="name:fa" v="هانوی"/>
  <tag k="name:fi" v="Hanoi"/>
  <tag k="name:fr" v="Hanoï"/>
  <tag k="name:ga" v="Ha Noi"/>
  <tag k="name:gl" v="Hanoi"/>
  <tag k="name:he" v="האנוי"/>
  <tag k="name:hi" v="हनोई"/>
  <tag k="name:hr" v="Hanoi"/>
  <tag k="name:ht" v="Anòy"/>
  <tag k="name:hu" v="Hanoi"/>
  <tag k="name:hy" v="Հանոյ"/>
  <tag k="name:is" v="Hanoí"/>
  <tag k="name:it" v="Hanoi"/>
  <tag k="name:ja" v="ハノイ"/>
  <tag k="name:ka" v="ჰანოი"/>
  <tag k="name:kk" v="Ханой"/>
  <tag k="name:km" v="ទីក្រុងហានូយ"/>
  <tag k="name:kn" v="ಹಾನೊಯ್"/>
  <tag k="name:ko" v="하노이"/>
  <tag k="name:ku" v="Hanoi"/>
  <tag k="name:lt" v="Hanojus"/>
  <tag k="name:lv" v="Hanoja"/>
  <tag k="name:mhr" v="Ханой"/>
  <tag k="name:mk" v="Ханој"/>
  <tag k="name:mn" v="Ханой"/>
  <tag k="name:mr" v="हनोई"/>
  <tag k="name:my" v="ဟနွိုင်းမြို့"/>
  <tag k="name:mzn" v="هانوی"/>
  <tag k="name:nan" v="Hà Nội"/>
  <tag k="name:nds" v="Hà Nội"/>
  <tag k="name:nl" v="Hanoi"/>
  <tag k="name:oc" v="Hanòi"/>
  <tag k="name:os" v="Ханой"/>
  <tag k="name:pcd" v="Hanoï"/>
  <tag k="name:pl" v="Hanoi"/>
  <tag k="name:pnb" v="ہنوئی"/>
  <tag k="name:pt" v="Hanói"/>
  <tag k="name:qu" v="Ha Nui"/>
  <tag k="name:ru" v="Ханой"/>
  <tag k="name:sah" v="Ханой"/>
  <tag k="name:si" v="හැනෝයි"/>
  <tag k="name:sk" v="Hanoj"/>
  <tag k="name:sl" v="Hanoj"/>
  <tag k="name:sr" v="Ханој"/>
  <tag k="name:sv" v="Hanoi"/>
  <tag k="name:ta" v="ஹனோய்"/>
  <tag k="name:tg" v="Ханой"/>
  <tag k="name:th" v="ฮานอย"/>
  <tag k="name:ug" v="خانوي"/>
  <tag k="name:uk" v="Ханой"/>
  <tag k="name:ur" v="ہنوئی"/>
  <tag k="name:vi" v="Hà Nội"/>
  <tag k="name:vi-Hani" v="河內"/>
  <tag k="name:wuu" v="河內市"/>
  <tag k="name:yue" v="河內市"/>
  <tag k="name:zh" v="河内市"/>
  <tag k="name:zh-Hans" v="河内市"/>
  <tag k="name:zh-Hant" v="河內市"/>
  <tag k="official_name" v="Thành phố Hà Nội"/>
  <tag k="old_name" v="Thăng Long"/>
  <tag k="population" v="8718000"/>
  <tag k="type" v="boundary"/>
  <tag k="UArea" v="3359.80"/>
  <tag k="website" v="https://hanoi.gov.vn"/>
  <tag k="wikidata" v="Q1858"/>
  <tag k="wikipedia" v="vi:Hà Nội"/>
  <tag k="wikivoyage" v="en:Hanoi"/>
 </relation>
 <relation id="9421137" visible="true" version="58" changeset="178609617" timestamp="2026-02-16T04:58:00Z" user="Trần Thanh Tuấn" uid="16014056">
  <member type="way" ref="1413836639" role="outer"/>
  <member type="way" ref="1098119874" role="outer"/>
  <member type="way" ref="925499500" role="outer"/>
  <member type="way" ref="1420437478" role="outer"/>
  <member type="way" ref="1098119914" role="outer"/>
  <member type="way" ref="1420696892" role="outer"/>
  <member type="way" ref="1420696893" role="outer"/>
  <member type="way" ref="832454937" role="outer"/>
  <member type="way" ref="1420696894" role="outer"/>
  <member type="way" ref="1420696895" role="outer"/>
  <member type="way" ref="1173008192" role="outer"/>
  <member type="way" ref="1182556847" role="outer"/>
  <member type="way" ref="1420679235" role="outer"/>
  <member type="way" ref="678539325" role="outer"/>
  <member type="way" ref="1182556844" role="outer"/>
  <member type="way" ref="1000188132" role="outer"/>
  <member type="way" ref="832454940" role="outer"/>
  <member type="way" ref="1195438775" role="outer"/>
  <member type="way" ref="832454939" role="outer"/>
  <member type="way" ref="1195438774" role="outer"/>
  <member type="way" ref="1195448656" role="outer"/>
  <member type="way" ref="678539333" role="outer"/>
  <member type="way" ref="896794950" role="outer"/>
  <member type="way" ref="896794949" role="outer"/>
  <member type="way" ref="832454943" role="outer"/>
  <member type="way" ref="1324696123" role="outer"/>
  <member type="way" ref="678539335" role="outer"/>
  <member type="way" ref="705491700" role="outer"/>
  <member type="way" ref="705491699" role="outer"/>
  <member type="way" ref="678774579" role="outer"/>
  <member type="way" ref="678799141" role="outer"/>
  <member type="way" ref="832454944" role="outer"/>
  <member type="way" ref="1420682850" role="outer"/>
  <member type="way" ref="1420682852" role="outer"/>
  <member type="way" ref="1420682851" role="outer"/>
  <member type="way" ref="832454935" role="outer"/>
  <member type="way" ref="1420682854" role="outer"/>
  <member type="way" ref="1420682855" role="outer"/>
  <member type="way" ref="1420682853" role="outer"/>
  <member type="way" ref="678799138" role="outer"/>
  <member type="way" ref="832454916" role="outer"/>
  <member type="way" ref="832454936" role="outer"/>
  <member type="way" ref="1414615898" role="outer"/>
  <member type="way" ref="1414615899" role="outer"/>
  <member type="way" ref="1098119869" role="outer"/>
  <member type="way" ref="1414615897" role="outer"/>
  <member type="relation" ref="11367524" role="subarea"/>
  <member type="relation" ref="11367519" role="subarea"/>
  <member type="relation" ref="11367520" role="subarea"/>
  <member type="relation" ref="11367521" role="subarea"/>
  <member type="relation" ref="11367522" role="subarea"/>
  <member type="relation" ref="11367523" role="subarea"/>
  <member type="relation" ref="11367518" role="subarea"/>
  <member type="relation" ref="12734019" role="subarea"/>
  <member type="relation" ref="14989991" role="subarea"/>
  <member type="relation" ref="11367526" role="subarea"/>
  <tag k="alt_name:en" v="South Tu Liem District"/>
  <tag k="boundary" v="historic"/>
  <tag k="end_date" v="2025-06-30"/>
  <tag k="name" v="Quận Nam Từ Liêm"/>
  <tag k="name:en" v="Nam Từ Liêm District"/>
  <tag k="name:ko" v="남뜨리엠"/>
  <tag k="name:zh" v="南慈廉郡"/>
  <tag k="name:zh-Hans" v="南慈廉郡"/>
  <tag k="name:zh-Hant" v="南慈廉郡"/>
  <tag k="note" v="DO NOT DELETE PLEASE"/>
  <tag k="type" v="boundary"/>
  <tag k="was:admin_level" v="6"/>
  <tag k="was:boundary" v="administrative"/>
  <tag k="wikidata" v="Q16479957"/>
 </relation>
 <relation id="9424587" visible="true" version="51" changeset="178609617" timestamp="2026-02-16T04:58:00Z" user="Trần Thanh Tuấn" uid="16014056">
  <member type="way" ref="1000333688" role="outer"/>
  <member type="way" ref="1098119886" role="outer"/>
  <member type="way" ref="1000333689" role="outer"/>
  <member type="way" ref="1098119879" role="outer"/>
  <member type="way" ref="1196983052" role="outer"/>
  <member type="way" ref="986921503" role="outer"/>
  <member type="way" ref="483236495" role="outer"/>
  <member type="way" ref="832454922" role="outer"/>
  <member type="way" ref="1420700240" role="outer"/>
  <member type="way" ref="1413836641" role="outer"/>
  <member type="way" ref="1098119870" role="outer"/>
  <member type="way" ref="1413836630" role="outer"/>
  <member type="way" ref="1000425979" role="outer"/>
  <member type="way" ref="1413922755" role="outer"/>
  <member type="way" ref="1414036535" role="outer"/>
  <member type="way" ref="1414036534" role="outer"/>
  <member type="way" ref="1000425980" role="outer"/>
  <member type="way" ref="832454936" role="outer"/>
  <member type="way" ref="1414615898" role="outer"/>
  <member type="way" ref="1414615899" role="outer"/>
  <member type="way" ref="1098119869" role="outer"/>
  <member type="way" ref="1414615897" role="outer"/>
  <member type="way" ref="1413836639" role="outer"/>
  <member type="way" ref="1098119874" role="outer"/>
  <member type="way" ref="925499500" role="outer"/>
  <member type="way" ref="1420437478" role="outer"/>
  <member type="way" ref="1098119914" role="outer"/>
  <member type="way" ref="1420696892" role="outer"/>
  <member type="way" ref="1420696893" role="outer"/>
  <member type="way" ref="832454937" role="outer"/>
  <member type="way" ref="1420696894" role="outer"/>
  <member type="way" ref="1420696895" role="outer"/>
  <member type="way" ref="1173008192" role="outer"/>
  <member type="way" ref="1000116845" role="outer"/>
  <member type="way" ref="1420696901" role="outer"/>
  <member type="way" ref="1420696900" role="outer"/>
  <member type="way" ref="1420696897" role="outer"/>
  <member type="way" ref="1420696898" role="outer"/>
  <member type="way" ref="678539329" role="outer"/>
  <member type="way" ref="1098119919" role="outer"/>
  <member type="way" ref="1268972693" role="outer"/>
  <member type="way" ref="1420686181" role="outer"/>
  <member type="way" ref="1268982566" role="outer"/>
  <member type="way" ref="1098119895" role="outer"/>
  <member type="way" ref="1420437475" role="outer"/>
  <member type="way" ref="1098119894" role="outer"/>
  <member type="way" ref="1000333234" role="outer"/>
  <member type="way" ref="1361665001" role="outer"/>
  <member type="way" ref="1098119891" role="outer"/>
  <member type="way" ref="1365315331" role="outer"/>
  <member type="way" ref="1098119887" role="outer"/>
  <member type="way" ref="1420689163" role="outer"/>
  <member type="relation" ref="14628179" role="subarea"/>
  <member type="relation" ref="14628180" role="subarea"/>
  <member type="relation" ref="14628182" role="subarea"/>
  <member type="relation" ref="14628183" role="subarea"/>
  <member type="relation" ref="14628184" role="subarea"/>
  <member type="relation" ref="14628185" role="subarea"/>
  <member type="relation" ref="14628186" role="subarea"/>
  <member type="relation" ref="14628187" role="subarea"/>
  <member type="relation" ref="14628188" role="subarea"/>
  <member type="relation" ref="14628189" role="subarea"/>
  <member type="relation" ref="14628191" role="subarea"/>
  <member type="relation" ref="14628192" role="subarea"/>
  <member type="relation" ref="14628193" role="subarea"/>
  <member type="relation" ref="14628194" role="subarea"/>
  <member type="relation" ref="14628181" role="subarea"/>
  <tag k="boundary" v="historic"/>
  <tag k="end_date" v="2025-06-30"/>
  <tag k="name" v="Quận Hà Đông"/>
  <tag k="name:en" v="Hà Đông District"/>
  <tag k="name:zh" v="河東郡"/>
  <tag k="name:zh-Hans" v="河东郡"/>
  <tag k="name:zh-Hant" v="河東郡"/>
  <tag k="old_name" v="Thành phố Hà Đông"/>
  <tag k="old_name:de" v="Stadt Hà Đông"/>
  <tag k="type" v="boundary"/>
  <tag k="was:admin_level" v="6"/>
  <tag k="was:boundary" v="administrative"/>
  <tag k="wikidata" v="Q546840"/>
 </relation>
 <relation id="9684066" visible="true" version="35" changeset="161517899" timestamp="2025-01-19T10:02:42Z" user="Lepuse" uid="9560399">
  <member type="node" ref="6819506969" role="stop_entry_only"/>
  <member type="way" ref="1197716021" role="platform_entry_only"/>
  <member type="node" ref="6544472077" role="stop"/>
  <member type="way" ref="965224570" role="platform"/>
  <member type="node" ref="6544472078" role="stop"/>
  <member type="way" ref="965224572" role="platform"/>
  <member type="node" ref="6544472079" role="stop"/>
  <member type="way" ref="965224574" role="platform"/>
  <member type="node" ref="6819506966" role="stop"/>
  <member type="way" ref="965224584" role="platform"/>
  <member type="node" ref="6819506965" role="stop"/>
  <member type="way" ref="965224586" role="platform"/>
  <member type="node" ref="6544472082" role="stop"/>
  <member type="way" ref="965224588" role="platform"/>
  <member type="node" ref="6544472083" role="stop"/>
  <member type="way" ref="965224590" role="platform"/>
  <member type="node" ref="6544472084" role="stop"/>
  <member type="way" ref="965224592" role="platform"/>
  <member type="node" ref="6819506960" role="stop"/>
  <member type="way" ref="965224594" role="platform"/>
  <member type="node" ref="6819506959" role="stop"/>
  <member type="way" ref="965224596" role="platform"/>
  <member type="node" ref="5875623880" role="stop_exit_only"/>
  <member type="way" ref="965224600" role="platform_exit_only"/>
  <member type="way" ref="1206073015" role=""/>
  <member type="way" ref="1206073017" role=""/>
  <member type="way" ref="684352031" role=""/>
  <member type="way" ref="1120703706" role=""/>
  <member type="way" ref="1120703709" role=""/>
  <member type="way" ref="207318370" role=""/>
  <tag k="colour" v="#00C000"/>
  <tag k="distance" v="13.5km"/>
  <tag k="from" v="Cát Linh"/>
  <tag k="interval" v="10"/>
  <tag k="name" v="Tuyến 2A: Cát Linh → Yên Nghĩa"/>
  <tag k="name:en" v="Hanoi Metro Line 2A: Cat Linh → Yen Nghia"/>
  <tag k="name:vi-Hani" v="線2A: 吉靈→安義"/>
  <tag k="name:zh" v="河內都市鐵路2A號線：吉靈→安義"/>
  <tag k="name:zh-Hans" v="河内都市铁路2A号线：吉灵→安义"/>
  <tag k="name:zh-Hant" v="河內都市鐵路2A號線：吉靈→安義"/>
  <tag k="network" v="Hanoi Metro"/>
  <tag k="opening_hours" v="Mo-Su 05:00-23:00"/>
  <tag k="operator" v="Công ty TNHH MTV Đường sắt Hà Nội"/>
  <tag k="public_transport:version" v="2"/>
  <tag k="ref" v="T2A"/>
  <tag k="roundtrip" v="no"/>
  <tag k="route" v="subway"/>
  <tag k="to" v="Yên Nghĩa"/>
  <tag k="type" v="route"/>
  <tag k="wikidata" v="Q30919856"/>
  <tag k="wikipedia" v="vi:Tuyến số 2A (Đường sắt đô thị Hà Nội)"/>
 </relation>
 <relation id="9684072" visible="true" version="16" changeset="161517899" timestamp="2025-01-19T10:02:42Z" user="Lepuse" uid="9560399">
  <member type="node" ref="6819506958" role="stop_entry_only"/>
  <member type="way" ref="965224598" role="platform_entry_only"/>
  <member type="node" ref="6544495085" role="stop"/>
  <member type="way" ref="965224597" role="platform"/>
  <member type="node" ref="6819506961" role="stop"/>
  <member type="way" ref="965224595" role="platform"/>
  <member type="node" ref="6819506962" role="stop"/>
  <member type="way" ref="965224593" role="platform"/>
  <member type="node" ref="6819506963" role="stop"/>
  <member type="way" ref="1196273479" role="platform"/>
  <member type="node" ref="6819506964" role="stop"/>
  <member type="way" ref="965224589" role="platform"/>
  <member type="node" ref="6544472081" role="stop"/>
  <member type="way" ref="965224587" role="platform"/>
  <member type="node" ref="6544472080" role="stop"/>
  <member type="way" ref="965224585" role="platform"/>
  <member type="node" ref="6819506967" role="stop"/>
  <member type="way" ref="965224575" role="platform"/>
  <member type="node" ref="6819506979" role="stop"/>
  <member type="way" ref="965224573" role="platform"/>
  <member type="node" ref="6819506980" role="stop"/>
  <member type="way" ref="965224571" role="platform"/>
  <member type="node" ref="6819506969" role="stop_exit_only"/>
  <member type="way" ref="1197716020" role="platform_exit_only"/>
  <member type="way" ref="620096831" role=""/>
  <member type="way" ref="1120703708" role=""/>
  <member type="way" ref="1120703707" role=""/>
  <member type="way" ref="684352030" role=""/>
  <member type="way" ref="621894251" role=""/>
  <member type="way" ref="1206073017" role=""/>
  <member type="way" ref="1206073015" role=""/>
  <tag k="colour" v="#00C000"/>
  <tag k="distance" v="13.5"/>
  <tag k="from" v="Yên Nghĩa"/>
  <tag k="interval" v="10"/>
  <tag k="name" v="Tuyến 2A: Yên Nghĩa → Cát Linh"/>
  <tag k="name:en" v="Hanoi Metro Line 2A: Yen Nghia → Cat Linh"/>
  <tag k="name:vi-Hani" v="線2A: 安義→吉靈"/>
  <tag k="name:zh" v="河內都市鐵路2A號線：安義→吉靈"/>
  <tag k="name:zh-Hans" v="河内都市铁路2A号线：安义→吉灵"/>
  <tag k="name:zh-Hant" v="河內都市鐵路2A號線：安義→吉靈"/>
  <tag k="network" v="Hanoi Metro"/>
  <tag k="opening_hours" v="Mo-Su 05:00-23:00"/>
  <tag k="operator" v="Công ty TNHH MTV Đường sắt Hà Nội"/>
  <tag k="public_transport:version" v="2"/>
  <tag k="ref" v="T2A"/>
  <tag k="roundtrip" v="no"/>
  <tag k="route" v="subway"/>
  <tag k="to" v="Cát Linh"/>
  <tag k="type" v="route"/>
  <tag k="wikidata" v="Q30919856"/>
  <tag k="wikipedia" v="vi:Tuyến số 2A (Đường sắt đô thị Hà Nội)"/>
 </relation>
 <relation id="10710868" visible="true" version="110" changeset="184056337" timestamp="2026-06-13T13:29:39Z" user="Lê Tuấn Minh" uid="23695954">
  <member type="way" ref="1356882804" role=""/>
  <member type="way" ref="1241605227" role=""/>
  <member type="way" ref="707366035" role=""/>
  <member type="way" ref="1242533950" role=""/>
  <member type="way" ref="641311986" role=""/>
  <member type="way" ref="1514609454" role=""/>
  <member type="way" ref="1514609453" role=""/>
  <member type="way" ref="1240803870" role=""/>
  <member type="way" ref="1240803866" role=""/>
  <member type="way" ref="1359074578" role=""/>
  <member type="way" ref="1240355961" role=""/>
  <member type="way" ref="601902115" role=""/>
  <member type="way" ref="973041997" role=""/>
  <member type="way" ref="1242757315" role=""/>
  <member type="way" ref="1359074572" role=""/>
  <member type="way" ref="864084344" role=""/>
  <member type="way" ref="407923634" role=""/>
  <member type="way" ref="632805204" role=""/>
  <member type="way" ref="601961155" role=""/>
  <member type="way" ref="601961154" role=""/>
  <member type="way" ref="1225608858" role=""/>
  <member type="way" ref="1225608859" role=""/>
  <member type="way" ref="1396178470" role=""/>
  <member type="way" ref="599998774" role=""/>
  <member type="way" ref="885892448" role=""/>
  <member type="way" ref="885892458" role=""/>
  <member type="way" ref="599998773" role=""/>
  <member type="way" ref="599507487" role=""/>
  <member type="way" ref="599507486" role=""/>
  <member type="way" ref="973215956" role=""/>
  <member type="way" ref="1242168118" role=""/>
  <member type="way" ref="885892457" role=""/>
  <member type="way" ref="1204837531" role=""/>
  <member type="way" ref="974551794" role=""/>
  <member type="way" ref="965548423" role=""/>
  <member type="way" ref="344413423" role=""/>
  <member type="way" ref="1343935603" role=""/>
  <member type="way" ref="1266442397" role=""/>
  <member type="way" ref="711700503" role=""/>
  <member type="way" ref="457757021" role=""/>
  <member type="way" ref="1290144946" role=""/>
  <member type="way" ref="1466411476" role=""/>
  <member type="way" ref="239370942" role=""/>
  <member type="way" ref="974572935" role=""/>
  <member type="way" ref="693652773" role=""/>
  <member type="way" ref="1305064571" role=""/>
  <member type="way" ref="1109636292" role=""/>
  <member type="way" ref="1335957666" role=""/>
  <member type="way" ref="1326204766" role=""/>
  <member type="way" ref="220005738" role=""/>
  <member type="way" ref="616826560" role=""/>
  <member type="way" ref="344413424" role=""/>
  <member type="way" ref="1421317097" role=""/>
  <member type="way" ref="885892449" role=""/>
  <member type="way" ref="1204837532" role=""/>
  <member type="way" ref="973485814" role=""/>
  <member type="way" ref="1327438661" role=""/>
  <member type="way" ref="208657329" role=""/>
  <member type="way" ref="973485815" role=""/>
  <member type="way" ref="965408116" role=""/>
  <member type="way" ref="940397011" role=""/>
  <member type="way" ref="1266442395" role=""/>
  <member type="way" ref="1266442398" role=""/>
  <member type="way" ref="940397010" role=""/>
  <member type="way" ref="36873667" role=""/>
  <member type="way" ref="485543345" role=""/>
  <member type="way" ref="485543351" role=""/>
  <member type="way" ref="485543349" role=""/>
  <member type="way" ref="888217173" role=""/>
  <member type="way" ref="888217174" role=""/>
  <member type="way" ref="485543354" role=""/>
  <member type="way" ref="892906175" role=""/>
  <member type="way" ref="892906174" role=""/>
  <member type="way" ref="485543347" role=""/>
  <member type="way" ref="485543352" role=""/>
  <member type="way" ref="485543353" role=""/>
  <member type="way" ref="485543342" role=""/>
  <member type="way" ref="893292640" role=""/>
  <member type="way" ref="893258251" role=""/>
  <member type="way" ref="893292636" role=""/>
  <member type="way" ref="893258250" role=""/>
  <member type="way" ref="485543348" role=""/>
  <member type="way" ref="893334720" role=""/>
  <member type="way" ref="893334719" role=""/>
  <member type="way" ref="485543350" role=""/>
  <member type="way" ref="485543344" role=""/>
  <member type="way" ref="892863132" role=""/>
  <member type="way" ref="892863133" role=""/>
  <member type="way" ref="892863134" role=""/>
  <member type="way" ref="892863135" role=""/>
  <member type="way" ref="485543346" role=""/>
  <member type="way" ref="888058333" role=""/>
  <member type="way" ref="888058332" role=""/>
  <member type="way" ref="485543343" role=""/>
  <member type="way" ref="38040950" role=""/>
  <member type="way" ref="634540509" role=""/>
  <member type="way" ref="1094010435" role=""/>
  <member type="way" ref="890507475" role=""/>
  <member type="way" ref="890507474" role=""/>
  <member type="way" ref="634537426" role=""/>
  <member type="way" ref="322661281" role=""/>
  <member type="way" ref="892614409" role=""/>
  <member type="way" ref="892614408" role=""/>
  <member type="way" ref="38040940" role=""/>
  <member type="way" ref="1529015254" role=""/>
  <member type="way" ref="887815255" role=""/>
  <member type="way" ref="887815254" role=""/>
  <member type="way" ref="322683816" role=""/>
  <member type="way" ref="893189397" role=""/>
  <member type="way" ref="38040949" role=""/>
  <member type="way" ref="38040951" role=""/>
  <member type="way" ref="892998442" role=""/>
  <member type="way" ref="633247484" role=""/>
  <member type="way" ref="38040947" role=""/>
  <member type="way" ref="633247483" role=""/>
  <member type="way" ref="633248737" role=""/>
  <member type="way" ref="38040943" role=""/>
  <member type="way" ref="1028970682" role=""/>
  <member type="way" ref="893279525" role=""/>
  <member type="way" ref="893279526" role=""/>
  <member type="way" ref="633249104" role=""/>
  <member type="way" ref="888076897" role=""/>
  <member type="way" ref="888076898" role=""/>
  <member type="way" ref="633247308" role=""/>
  <member type="way" ref="633246352" role=""/>
  <member type="way" ref="38040944" role=""/>
  <member type="way" ref="887807299" role=""/>
  <member type="way" ref="887807298" role=""/>
  <member type="way" ref="893194512" role=""/>
  <member type="way" ref="1442135760" role=""/>
  <member type="way" ref="1255461669" role=""/>
  <member type="way" ref="1442135750" role=""/>
  <member type="way" ref="1528471922" role=""/>
  <member type="way" ref="1488001583" role=""/>
  <member type="way" ref="1359074580" role=""/>
  <member type="way" ref="1240355960" role=""/>
  <member type="way" ref="864084341" role=""/>
  <member type="way" ref="1359074570" role=""/>
  <member type="way" ref="1242757301" role=""/>
  <member type="way" ref="973041996" role=""/>
  <member type="way" ref="344413426" role=""/>
  <member type="way" ref="220005742" role=""/>
  <member type="way" ref="616826561" role=""/>
  <member type="way" ref="955842629" role=""/>
  <member type="way" ref="1151248817" role=""/>
  <member type="way" ref="1307455571" role=""/>
  <member type="way" ref="1307455573" role=""/>
  <member type="way" ref="38020420" role=""/>
  <member type="way" ref="1318958371" role=""/>
  <member type="way" ref="1305064572" role=""/>
  <member type="way" ref="708941780" role=""/>
  <member type="way" ref="1109636291" role=""/>
  <member type="way" ref="1109636297" role=""/>
  <member type="way" ref="710270798" role=""/>
  <member type="way" ref="710270797" role=""/>
  <member type="way" ref="1466411477" role=""/>
  <member type="way" ref="239370934" role=""/>
  <member type="way" ref="710332807" role=""/>
  <member type="way" ref="1442135749" role=""/>
  <member type="way" ref="1442135745" role=""/>
  <member type="way" ref="1442135741" role=""/>
  <member type="way" ref="1320034452" role=""/>
  <member type="way" ref="1255214807" role=""/>
  <member type="way" ref="894094098" role=""/>
  <member type="way" ref="1488001582" role=""/>
  <member type="way" ref="1488001585" role=""/>
  <member type="way" ref="887448649" role=""/>
  <member type="way" ref="887448648" role=""/>
  <member type="way" ref="38146838" role=""/>
  <member type="way" ref="633149382" role=""/>
  <member type="way" ref="1275458488" role=""/>
  <member type="way" ref="768690011" role=""/>
  <member type="way" ref="886060321" role=""/>
  <member type="way" ref="768690010" role=""/>
  <member type="way" ref="886060320" role=""/>
  <member type="way" ref="768690022" role=""/>
  <member type="way" ref="1275458489" role=""/>
  <member type="way" ref="768690021" role=""/>
  <member type="way" ref="633151404" role=""/>
  <member type="way" ref="1326304735" role=""/>
  <member type="way" ref="1326304736" role=""/>
  <member type="way" ref="886870278" role=""/>
  <member type="way" ref="889508269" role=""/>
  <member type="way" ref="889508268" role=""/>
  <member type="way" ref="884983916" role=""/>
  <member type="way" ref="886870277" role=""/>
  <member type="way" ref="885355062" role=""/>
  <member type="way" ref="885355061" role=""/>
  <member type="way" ref="884983917" role=""/>
  <member type="way" ref="38146835" role=""/>
  <member type="way" ref="892868053" role=""/>
  <member type="way" ref="892868052" role=""/>
  <member type="way" ref="894442988" role=""/>
  <member type="way" ref="894442987" role=""/>
  <member type="way" ref="886838349" role=""/>
  <member type="way" ref="1125853994" role=""/>
  <member type="way" ref="1125853993" role=""/>
  <member type="way" ref="1125853992" role=""/>
  <member type="way" ref="1417902122" role=""/>
  <member type="way" ref="38147202" role=""/>
  <member type="way" ref="38147199" role=""/>
  <member type="way" ref="38147203" role=""/>
  <member type="way" ref="1299303185" role=""/>
  <member type="way" ref="38147205" role=""/>
  <member type="way" ref="36816605" role=""/>
  <member type="way" ref="36816608" role=""/>
  <member type="way" ref="471106378" role=""/>
  <member type="way" ref="471106376" role=""/>
  <member type="way" ref="471106377" role=""/>
  <member type="way" ref="471106380" role=""/>
  <member type="way" ref="471106379" role=""/>
  <member type="way" ref="471106375" role=""/>
  <member type="way" ref="471118039" role=""/>
  <member type="way" ref="471118037" role=""/>
  <member type="way" ref="471118038" role=""/>
  <member type="way" ref="471118036" role=""/>
  <member type="way" ref="1171478114" role=""/>
  <member type="way" ref="1301443143" role=""/>
  <member type="way" ref="1341282617" role=""/>
  <member type="way" ref="1171478115" role=""/>
  <member type="way" ref="1300853917" role=""/>
  <member type="way" ref="1341282620" role=""/>
  <member type="way" ref="1300853925" role=""/>
  <member type="way" ref="641317776" role=""/>
  <member type="way" ref="1301443142" role=""/>
  <member type="way" ref="1301443141" role=""/>
  <member type="way" ref="1301443138" role=""/>
  <member type="way" ref="1301443137" role=""/>
  <member type="way" ref="999443049" role=""/>
  <member type="way" ref="1301493075" role=""/>
  <member type="way" ref="999443047" role=""/>
  <member type="way" ref="707366036" role=""/>
  <member type="way" ref="1241605228" role=""/>
  <member type="way" ref="1374937211" role=""/>
  <member type="way" ref="1374937212" role=""/>
  <member type="way" ref="967197290" role=""/>
  <member type="way" ref="1442135746" role=""/>
  <member type="way" ref="1529015252" role=""/>
  <tag k="distance" v="478"/>
  <tag k="name" v="Quốc lộ 6"/>
  <tag k="name:en" v="National Highway 6"/>
  <tag k="network" v="VN:national"/>
  <tag k="ref" v="QL.6"/>
  <tag k="route" v="road"/>
  <tag k="symbol" v="https://vi.wikipedia.org/wiki/Qu%E1%BB%91c_l%E1%BB%99_6#/media/T%E1%BA%ADp_tin:QL_6,_VNM.svg"/>
  <tag k="type" v="route"/>
 </relation>
 <relation id="11367518" visible="true" version="21" changeset="170533373" timestamp="2025-08-16T17:07:02Z" user="ItsLouisAnderson" uid="11691953">
  <member type="way" ref="832455033" role="outer"/>
  <member type="way" ref="1182556844" role="outer"/>
  <member type="way" ref="678539325" role="outer"/>
  <member type="way" ref="1420679235" role="outer"/>
  <member type="way" ref="1182556847" role="outer"/>
  <member type="way" ref="1173008192" role="outer"/>
  <member type="way" ref="1420696895" role="outer"/>
  <member type="way" ref="1420696894" role="outer"/>
  <member type="way" ref="832454937" role="outer"/>
  <member type="way" ref="1420696893" role="outer"/>
  <member type="way" ref="1420696892" role="outer"/>
  <member type="way" ref="832455028" role="outer"/>
  <member type="way" ref="832455040" role="outer"/>
  <tag k="admin_level" v="8"/>
  <tag k="boundary" v="historic"/>
  <tag k="name" v="Phường Trung Văn"/>
  <tag k="source" v="GADM"/>
  <tag k="type" v="boundary"/>
 </relation>
 <relation id="12231738" visible="true" version="5" changeset="161517899" timestamp="2025-01-19T10:02:42Z" user="Lepuse" uid="9560399">
  <member type="relation" ref="9684066" role=""/>
  <member type="relation" ref="9684072" role=""/>
  <tag k="colour" v="#00C000"/>
  <tag k="distance" v="13.5"/>
  <tag k="interval" v="00:10"/>
  <tag k="interval:conditional" v="00:06 @ (Mo-Su 07:00-10:00); 00:06 @ (Mo-Su 16:30-19:00)"/>
  <tag k="name" v="Tuyến số 2A: Cát Linh - Hà Đông"/>
  <tag k="name:en" v="Metro Line 2A: Cat Linh - Ha Dong"/>
  <tag k="name:zh" v="河內都市鐵路2A號線"/>
  <tag k="name:zh-Hans" v="河内都市铁路2A号线"/>
  <tag k="name:zh-Hant" v="河內都市鐵路2A號線"/>
  <tag k="network" v="Hanoi Metro"/>
  <tag k="opening_hours" v="Mo-Su 05:00-23:00"/>
  <tag k="operator" v="Công ty TNHH MTV Đường sắt Hà Nội"/>
  <tag k="ref" v="2A"/>
  <tag k="roundtrip" v="no"/>
  <tag k="route_master" v="subway"/>
  <tag k="type" v="route_master"/>
  <tag k="wikidata" v="Q30919856"/>
  <tag k="wikipedia" v="vi:Tuyến số 2A (Đường sắt đô thị Hà Nội)"/>
 </relation>
 <relation id="12846900" visible="true" version="90" changeset="182628978" timestamp="2026-05-14T04:54:50Z" user="Hung Tran 9x0" uid="20910140">
  <member type="node" ref="10069898861" role="platform_entry_only"/>
  <member type="node" ref="481837228" role="platform"/>
  <member type="node" ref="8209169367" role="platform"/>
  <member type="node" ref="5321696621" role="platform"/>
  <member type="node" ref="8831817107" role="platform"/>
  <member type="node" ref="738814465" role="platform"/>
  <member type="node" ref="8739945246" role="platform"/>
  <member type="node" ref="738815423" role="platform"/>
  <member type="node" ref="738813348" role="platform"/>
  <member type="node" ref="5061374324" role="platform"/>
  <member type="node" ref="738813601" role="platform"/>
  <member type="node" ref="738815717" role="platform"/>
  <member type="node" ref="444394752" role="platform"/>
  <member type="node" ref="738813733" role="platform"/>
  <member type="node" ref="444395014" role="platform"/>
  <member type="node" ref="444394999" role="platform"/>
  <member type="node" ref="444394994" role="platform"/>
  <member type="node" ref="444394979" role="platform"/>
  <member type="node" ref="8770675677" role="platform"/>
  <member type="node" ref="444394956" role="platform"/>
  <member type="node" ref="444394950" role="platform"/>
  <member type="node" ref="8770675678" role="platform"/>
  <member type="node" ref="8770675679" role="platform"/>
  <member type="node" ref="8770675680" role="platform"/>
  <member type="node" ref="8770675681" role="platform"/>
  <member type="node" ref="8770675682" role="platform"/>
  <member type="node" ref="8770675683" role="platform"/>
  <member type="node" ref="8770675684" role="platform"/>
  <member type="node" ref="8770675685" role="platform"/>
  <member type="node" ref="8770739141" role="platform"/>
  <member type="node" ref="8939177163" role="platform"/>
  <member type="node" ref="8770739142" role="platform"/>
  <member type="node" ref="8770739143" role="platform"/>
  <member type="node" ref="10028987068" role="platform_exit_only"/>
  <member type="node" ref="738813795" role="platform"/>
  <member type="node" ref="8920049617" role="platform"/>
  <member type="node" ref="738815690" role="platform"/>
  <member type="node" ref="8903312052" role="platform"/>
  <member type="node" ref="738815268" role="platform"/>
  <member type="way" ref="220694554" role=""/>
  <member type="way" ref="863663896" role=""/>
  <member type="way" ref="1239628945" role=""/>
  <member type="way" ref="948197333" role=""/>
  <member type="way" ref="769777579" role=""/>
  <member type="way" ref="769777578" role=""/>
  <member type="way" ref="943964886" role=""/>
  <member type="way" ref="627918373" role=""/>
  <member type="way" ref="706806966" role=""/>
  <member type="way" ref="627918374" role=""/>
  <member type="way" ref="847087478" role=""/>
  <member type="way" ref="1466377910" role=""/>
  <member type="way" ref="847087479" role=""/>
  <member type="way" ref="703219919" role=""/>
  <member type="way" ref="1361103008" role=""/>
  <member type="way" ref="702919019" role=""/>
  <member type="way" ref="221152166" role=""/>
  <member type="way" ref="703206412" role=""/>
  <member type="way" ref="618377254" role=""/>
  <member type="way" ref="10231118" role=""/>
  <member type="way" ref="965574227" role=""/>
  <member type="way" ref="769777582" role=""/>
  <member type="way" ref="702469513" role=""/>
  <member type="way" ref="37555727" role=""/>
  <member type="way" ref="705250832" role=""/>
  <member type="way" ref="701339681" role=""/>
  <member type="way" ref="944100710" role=""/>
  <member type="way" ref="701371239" role=""/>
  <member type="way" ref="946030644" role=""/>
  <member type="way" ref="597565388" role=""/>
  <member type="way" ref="769777576" role=""/>
  <member type="way" ref="220303927" role=""/>
  <member type="way" ref="769777575" role=""/>
  <member type="way" ref="1217929464" role=""/>
  <member type="way" ref="1217929839" role=""/>
  <member type="way" ref="37449529" role=""/>
  <member type="way" ref="28102768" role=""/>
  <member type="way" ref="598685446" role=""/>
  <member type="way" ref="946030646" role=""/>
  <member type="way" ref="399818717" role=""/>
  <member type="way" ref="1040753541" role=""/>
  <member type="way" ref="11553158" role=""/>
  <member type="way" ref="597600371" role=""/>
  <member type="way" ref="709730668" role=""/>
  <member type="way" ref="709730667" role=""/>
  <member type="way" ref="709730664" role=""/>
  <member type="way" ref="709730663" role=""/>
  <member type="way" ref="709734616" role=""/>
  <member type="way" ref="709734615" role=""/>
  <member type="way" ref="219867178" role=""/>
  <member type="way" ref="1240127121" role=""/>
  <member type="way" ref="707927178" role=""/>
  <member type="way" ref="1305278385" role=""/>
  <member type="way" ref="708514874" role=""/>
  <member type="way" ref="601522489" role=""/>
  <member type="way" ref="1431504377" role=""/>
  <member type="way" ref="1419634785" role=""/>
  <member type="way" ref="710176322" role=""/>
  <member type="way" ref="710176323" role=""/>
  <member type="way" ref="628714049" role=""/>
  <member type="way" ref="965041060" role=""/>
  <member type="way" ref="769798552" role=""/>
  <member type="way" ref="710176320" role=""/>
  <member type="way" ref="1180597074" role=""/>
  <member type="way" ref="1180597075" role=""/>
  <member type="way" ref="1236513513" role=""/>
  <member type="way" ref="1180597073" role=""/>
  <member type="way" ref="600037928" role=""/>
  <member type="way" ref="711106357" role=""/>
  <member type="way" ref="711101763" role=""/>
  <member type="way" ref="954341842" role=""/>
  <member type="way" ref="711101761" role=""/>
  <member type="way" ref="882269315" role=""/>
  <member type="way" ref="1266448183" role=""/>
  <member type="way" ref="711492060" role=""/>
  <member type="way" ref="1204846893" role=""/>
  <member type="way" ref="1266014434" role=""/>
  <member type="way" ref="711083507" role=""/>
  <member type="way" ref="219977702" role=""/>
  <member type="way" ref="838425497" role=""/>
  <member type="way" ref="711404113" role=""/>
  <member type="way" ref="711404114" role=""/>
  <member type="way" ref="875229040" role=""/>
  <member type="way" ref="711404121" role=""/>
  <member type="way" ref="711404120" role=""/>
  <member type="way" ref="219977622" role=""/>
  <member type="way" ref="1012665674" role=""/>
  <member type="way" ref="875229039" role=""/>
  <member type="way" ref="875229038" role=""/>
  <member type="way" ref="1331204980" role=""/>
  <member type="way" ref="1240182988" role=""/>
  <member type="way" ref="946030631" role=""/>
  <member type="way" ref="1257110006" role=""/>
  <member type="way" ref="709356407" role=""/>
  <member type="way" ref="136161379" role=""/>
  <member type="way" ref="616838545" role=""/>
  <member type="way" ref="616838547" role=""/>
  <member type="way" ref="954882991" role=""/>
  <member type="way" ref="1123561349" role=""/>
  <member type="way" ref="711367572" role=""/>
  <member type="way" ref="1123561350" role=""/>
  <member type="way" ref="711367571" role=""/>
  <member type="way" ref="711367568" role=""/>
  <member type="way" ref="945783757" role=""/>
  <member type="way" ref="955201202" role=""/>
  <member type="way" ref="106053500" role=""/>
  <member type="way" ref="948123043" role=""/>
  <member type="way" ref="1241122649" role=""/>
  <member type="way" ref="1182476806" role=""/>
  <member type="way" ref="711431923" role=""/>
  <member type="way" ref="929495373" role=""/>
  <member type="way" ref="814585068" role=""/>
  <member type="way" ref="709301564" role=""/>
  <member type="way" ref="945783773" role=""/>
  <member type="way" ref="702880302" role=""/>
  <member type="way" ref="399820831" role=""/>
  <member type="way" ref="711700503" role=""/>
  <member type="way" ref="457757021" role=""/>
  <member type="way" ref="1290144946" role=""/>
  <member type="way" ref="1466411476" role=""/>
  <member type="way" ref="239370942" role=""/>
  <member type="way" ref="974572935" role=""/>
  <member type="way" ref="1242183437" role=""/>
  <member type="way" ref="693652773" role=""/>
  <member type="way" ref="1305064571" role=""/>
  <member type="way" ref="1109636292" role=""/>
  <member type="way" ref="1335957666" role=""/>
  <member type="way" ref="1326204766" role=""/>
  <member type="way" ref="220005738" role=""/>
  <member type="way" ref="616826560" role=""/>
  <member type="way" ref="344413424" role=""/>
  <member type="way" ref="972911787" role=""/>
  <member type="way" ref="1266442397" role=""/>
  <member type="way" ref="1343935603" role=""/>
  <member type="way" ref="344413423" role=""/>
  <member type="way" ref="965548423" role=""/>
  <member type="way" ref="974551794" role=""/>
  <member type="way" ref="1204837531" role=""/>
  <member type="way" ref="885892457" role=""/>
  <member type="way" ref="1242168118" role=""/>
  <member type="way" ref="973215956" role=""/>
  <member type="way" ref="599507486" role=""/>
  <member type="way" ref="599507487" role=""/>
  <member type="way" ref="599998773" role=""/>
  <member type="way" ref="595927172" role=""/>
  <member type="way" ref="954341844" role=""/>
  <member type="way" ref="954341843" role=""/>
  <tag k="charge" v="10000 VND"/>
  <tag k="colour" v="#27baff"/>
  <tag k="from" v="Bến xe Gia Lâm"/>
  <tag k="interval" v="00:11-00:20"/>
  <tag k="name" v="Bến xe Gia Lâm - Bến xe Yên Nghĩa"/>
  <tag k="name:en" v="Gia Lam Bus Station - Yen Nghia Bus Station"/>
  <tag k="network" v="Hanoibus"/>
  <tag k="opening_hours" v="Mo-Su 05:00-21:00"/>
  <tag k="operator" v="Xí Nghiệp Xe Buýt Hà Nội"/>
  <tag k="public_transport:version" v="2"/>
  <tag k="ref" v="01"/>
  <tag k="route" v="bus"/>
  <tag k="to" v="Bến xe Yên Nghĩa"/>
  <tag k="type" v="route"/>
 </relation>
 <relation id="12851814" visible="true" version="84" changeset="182628978" timestamp="2026-05-14T04:54:50Z" user="Hung Tran 9x0" uid="20910140">
  <member type="node" ref="10028987068" role="platform_entry_only"/>
  <member type="node" ref="8770739144" role="platform"/>
  <member type="node" ref="8770739145" role="platform"/>
  <member type="node" ref="8770739146" role="platform"/>
  <member type="node" ref="8770739147" role="platform"/>
  <member type="node" ref="8770739148" role="platform"/>
  <member type="node" ref="8770739149" role="platform"/>
  <member type="node" ref="8770739150" role="platform"/>
  <member type="node" ref="8770739151" role="platform"/>
  <member type="node" ref="8770739152" role="platform"/>
  <member type="node" ref="8770739153" role="platform"/>
  <member type="node" ref="8846358794" role="platform"/>
  <member type="node" ref="8770739154" role="platform"/>
  <member type="node" ref="444394880" role="platform"/>
  <member type="node" ref="8770739155" role="platform"/>
  <member type="node" ref="8939177164" role="platform"/>
  <member type="node" ref="8770739156" role="platform"/>
  <member type="node" ref="738814455" role="platform"/>
  <member type="node" ref="444394809" role="platform"/>
  <member type="node" ref="444394790" role="platform"/>
  <member type="node" ref="738814410" role="platform"/>
  <member type="node" ref="8939177165" role="platform"/>
  <member type="node" ref="10028987061" role="platform"/>
  <member type="node" ref="7629327424" role="platform"/>
  <member type="node" ref="7824915645" role="platform"/>
  <member type="node" ref="738815809" role="platform"/>
  <member type="node" ref="738813665" role="platform"/>
  <member type="node" ref="738813877" role="platform"/>
  <member type="node" ref="738815776" role="platform"/>
  <member type="node" ref="738813955" role="platform"/>
  <member type="node" ref="738813402" role="platform"/>
  <member type="node" ref="8209169360" role="platform"/>
  <member type="node" ref="8209169361" role="platform"/>
  <member type="node" ref="10069898861" role="platform_exit_only"/>
  <member type="node" ref="12887824214" role="platform"/>
  <member type="way" ref="885892447" role=""/>
  <member type="way" ref="954705799" role=""/>
  <member type="way" ref="885892458" role=""/>
  <member type="way" ref="599998773" role=""/>
  <member type="way" ref="599507487" role=""/>
  <member type="way" ref="599507486" role=""/>
  <member type="way" ref="1421317097" role=""/>
  <member type="way" ref="885892449" role=""/>
  <member type="way" ref="1204837532" role=""/>
  <member type="way" ref="973485814" role=""/>
  <member type="way" ref="1327438661" role=""/>
  <member type="way" ref="208657329" role=""/>
  <member type="way" ref="973485815" role=""/>
  <member type="way" ref="965408116" role=""/>
  <member type="way" ref="940397011" role=""/>
  <member type="way" ref="1266442395" role=""/>
  <member type="way" ref="1266442398" role=""/>
  <member type="way" ref="940397010" role=""/>
  <member type="way" ref="955882982" role=""/>
  <member type="way" ref="344413426" role=""/>
  <member type="way" ref="220005742" role=""/>
  <member type="way" ref="616826561" role=""/>
  <member type="way" ref="955842629" role=""/>
  <member type="way" ref="1151248817" role=""/>
  <member type="way" ref="1307455571" role=""/>
  <member type="way" ref="1307455573" role=""/>
  <member type="way" ref="38020420" role=""/>
  <member type="way" ref="1318958371" role=""/>
  <member type="way" ref="1305064572" role=""/>
  <member type="way" ref="708941780" role=""/>
  <member type="way" ref="1109636291" role=""/>
  <member type="way" ref="1242183436" role=""/>
  <member type="way" ref="1109636297" role=""/>
  <member type="way" ref="710270798" role=""/>
  <member type="way" ref="710270797" role=""/>
  <member type="way" ref="1466411477" role=""/>
  <member type="way" ref="239370934" role=""/>
  <member type="way" ref="710332807" role=""/>
  <member type="way" ref="955882983" role=""/>
  <member type="way" ref="1198858980" role=""/>
  <member type="way" ref="709354466" role=""/>
  <member type="way" ref="945783774" role=""/>
  <member type="way" ref="961861931" role=""/>
  <member type="way" ref="702891549" role=""/>
  <member type="way" ref="702891548" role=""/>
  <member type="way" ref="264434802" role=""/>
  <member type="way" ref="948123045" role=""/>
  <member type="way" ref="116614142" role=""/>
  <member type="way" ref="1182476807" role=""/>
  <member type="way" ref="816861875" role=""/>
  <member type="way" ref="945783756" role=""/>
  <member type="way" ref="955201203" role=""/>
  <member type="way" ref="621139527" role=""/>
  <member type="way" ref="711367567" role=""/>
  <member type="way" ref="711367569" role=""/>
  <member type="way" ref="711367570" role=""/>
  <member type="way" ref="703110744" role=""/>
  <member type="way" ref="616838546" role=""/>
  <member type="way" ref="616838544" role=""/>
  <member type="way" ref="35978173" role=""/>
  <member type="way" ref="178098601" role=""/>
  <member type="way" ref="708658353" role=""/>
  <member type="way" ref="946030656" role=""/>
  <member type="way" ref="1204912790" role=""/>
  <member type="way" ref="684766065" role=""/>
  <member type="way" ref="164211344" role=""/>
  <member type="way" ref="164211345" role=""/>
  <member type="way" ref="164211342" role=""/>
  <member type="way" ref="711404115" role=""/>
  <member type="way" ref="28103241" role=""/>
  <member type="way" ref="838425496" role=""/>
  <member type="way" ref="1266014435" role=""/>
  <member type="way" ref="1204846892" role=""/>
  <member type="way" ref="808672175" role=""/>
  <member type="way" ref="882269316" role=""/>
  <member type="way" ref="1262818189" role=""/>
  <member type="way" ref="1262818190" role=""/>
  <member type="way" ref="710298222" role=""/>
  <member type="way" ref="687098302" role=""/>
  <member type="way" ref="1335897899" role=""/>
  <member type="way" ref="600037935" role=""/>
  <member type="way" ref="1478478191" role=""/>
  <member type="way" ref="1180597073" role=""/>
  <member type="way" ref="1236513512" role=""/>
  <member type="way" ref="710176319" role=""/>
  <member type="way" ref="1180597074" role=""/>
  <member type="way" ref="954705800" role=""/>
  <member type="way" ref="9964663" role=""/>
  <member type="way" ref="1246298985" role=""/>
  <member type="way" ref="601882375" role=""/>
  <member type="way" ref="408801203" role=""/>
  <member type="way" ref="972186119" role=""/>
  <member type="way" ref="1197647742" role=""/>
  <member type="way" ref="617308704" role=""/>
  <member type="way" ref="601595921" role=""/>
  <member type="way" ref="684044679" role=""/>
  <member type="way" ref="898268988" role=""/>
  <member type="way" ref="951487948" role=""/>
  <member type="way" ref="707348511" role=""/>
  <member type="way" ref="1334956949" role=""/>
  <member type="way" ref="770552095" role=""/>
  <member type="way" ref="704134620" role=""/>
  <member type="way" ref="708896220" role=""/>
  <member type="way" ref="1305270969" role=""/>
  <member type="way" ref="708896218" role=""/>
  <member type="way" ref="1300392334" role=""/>
  <member type="way" ref="1234572269" role=""/>
  <member type="way" ref="1234572272" role=""/>
  <member type="way" ref="1509279162" role=""/>
  <member type="way" ref="219869448" role=""/>
  <member type="way" ref="708918485" role=""/>
  <member type="way" ref="946030648" role=""/>
  <member type="way" ref="946030647" role=""/>
  <member type="way" ref="946030635" role=""/>
  <member type="way" ref="514641121" role=""/>
  <member type="way" ref="37449529" role=""/>
  <member type="way" ref="1217929839" role=""/>
  <member type="way" ref="1217929464" role=""/>
  <member type="way" ref="703199102" role=""/>
  <member type="way" ref="701454823" role=""/>
  <member type="way" ref="703199100" role=""/>
  <member type="way" ref="1203971796" role=""/>
  <member type="way" ref="292907006" role=""/>
  <member type="way" ref="702469511" role=""/>
  <member type="way" ref="702469512" role=""/>
  <member type="way" ref="1374192213" role=""/>
  <member type="way" ref="1230498759" role=""/>
  <member type="way" ref="943964875" role=""/>
  <member type="way" ref="965574228" role=""/>
  <member type="way" ref="10231922" role=""/>
  <member type="way" ref="618377256" role=""/>
  <member type="way" ref="618377255" role=""/>
  <member type="way" ref="703204202" role=""/>
  <member type="way" ref="703206412" role=""/>
  <member type="way" ref="221152166" role=""/>
  <member type="way" ref="221152167" role=""/>
  <member type="way" ref="750372172" role=""/>
  <member type="way" ref="1361103007" role=""/>
  <member type="way" ref="706716343" role=""/>
  <member type="way" ref="709019889" role=""/>
  <member type="way" ref="706716339" role=""/>
  <member type="way" ref="706716338" role=""/>
  <member type="way" ref="709349569" role=""/>
  <member type="way" ref="709349568" role=""/>
  <member type="way" ref="710256420" role=""/>
  <member type="way" ref="627919886" role=""/>
  <member type="way" ref="709719738" role=""/>
  <member type="way" ref="710073333" role=""/>
  <member type="way" ref="948197333" role=""/>
  <member type="way" ref="1239628945" role=""/>
  <member type="way" ref="36726830" role=""/>
  <member type="way" ref="948197334" role=""/>
  <member type="way" ref="961664399" role=""/>
  <member type="node" ref="738815469" role="platform"/>
  <member type="node" ref="738814318" role="platform"/>
  <tag k="charge" v="10000 VND"/>
  <tag k="colour" v="#27baff"/>
  <tag k="from" v="Bến xe Yên Nghĩa"/>
  <tag k="interval" v="00:11-00:20"/>
  <tag k="name" v="Bến xe Yên Nghĩa - Bến xe Gia Lâm"/>
  <tag k="name:en" v="Yen Nghia Bus Station - Gia Lam Bus Station"/>
  <tag k="network" v="Hanoibus"/>
  <tag k="opening_hours" v="Mo-Su 05:00-21:00"/>
  <tag k="operator" v="Xí Nghiệp Xe Buýt Hà Nội"/>
  <tag k="public_transport:version" v="2"/>
  <tag k="ref" v="01"/>
  <tag k="route" v="bus"/>
  <tag k="to" v="Bến xe Gia Lâm"/>
  <tag k="type" v="route"/>
 </relation>
 <relation id="12851968" visible="true" version="74" changeset="182222816" timestamp="2026-05-04T20:29:37Z" user="inserteunnombreaqui" uid="22579655">
  <member type="node" ref="7589589146" role="platform_entry_only"/>
  <member type="node" ref="738815334" role="platform"/>
  <member type="node" ref="7825858603" role="platform"/>
  <member type="node" ref="8837631356" role="platform"/>
  <member type="node" ref="738814946" role="platform"/>
  <member type="node" ref="4539039489" role="platform"/>
  <member type="node" ref="4292651591" role="platform"/>
  <member type="node" ref="4292785590" role="platform"/>
  <member type="node" ref="738815469" role="platform"/>
  <member type="node" ref="738815823" role="platform"/>
  <member type="node" ref="8837631357" role="platform"/>
  <member type="node" ref="8837631358" role="platform"/>
  <member type="node" ref="738814445" role="platform"/>
  <member type="node" ref="5061374324" role="platform"/>
  <member type="node" ref="738813601" role="platform"/>
  <member type="node" ref="738815717" role="platform"/>
  <member type="node" ref="444394752" role="platform"/>
  <member type="node" ref="738813733" role="platform"/>
  <member type="node" ref="444395014" role="platform"/>
  <member type="node" ref="444394999" role="platform"/>
  <member type="node" ref="444394994" role="platform"/>
  <member type="node" ref="444394979" role="platform"/>
  <member type="node" ref="8770675677" role="platform"/>
  <member type="node" ref="444394956" role="platform"/>
  <member type="node" ref="444394950" role="platform"/>
  <member type="node" ref="8770675678" role="platform"/>
  <member type="node" ref="8770675679" role="platform"/>
  <member type="node" ref="8770675680" role="platform"/>
  <member type="node" ref="8770675681" role="platform"/>
  <member type="node" ref="8770675682" role="platform"/>
  <member type="node" ref="8770675683" role="platform"/>
  <member type="node" ref="8770675684" role="platform"/>
  <member type="node" ref="8770675685" role="platform"/>
  <member type="node" ref="8770739141" role="platform"/>
  <member type="node" ref="8939177163" role="platform"/>
  <member type="node" ref="8770739142" role="platform"/>
  <member type="node" ref="8770739143" role="platform"/>
  <member type="node" ref="10028987068" role="platform_exit_only"/>
  <member type="node" ref="7825858601" role=""/>
  <member type="way" ref="954856206" role=""/>
  <member type="way" ref="838509720" role=""/>
  <member type="way" ref="838526715" role=""/>
  <member type="way" ref="1105753219" role=""/>
  <member type="way" ref="838062938" role=""/>
  <member type="way" ref="11005894" role=""/>
  <member type="way" ref="711132577" role=""/>
  <member type="way" ref="686156629" role=""/>
  <member type="way" ref="813360486" role=""/>
  <member type="way" ref="1226365019" role=""/>
  <member type="way" ref="832454962" role=""/>
  <member type="way" ref="769787747" role=""/>
  <member type="way" ref="964674136" role=""/>
  <member type="way" ref="954856202" role=""/>
  <member type="way" ref="707060209" role=""/>
  <member type="way" ref="769798547" role=""/>
  <member type="way" ref="1223385256" role=""/>
  <member type="way" ref="399561785" role=""/>
  <member type="way" ref="864547867" role=""/>
  <member type="way" ref="838526717" role=""/>
  <member type="way" ref="838526718" role=""/>
  <member type="way" ref="707337132" role=""/>
  <member type="way" ref="684044681" role=""/>
  <member type="way" ref="951487948" role=""/>
  <member type="way" ref="707348511" role=""/>
  <member type="way" ref="1334956949" role=""/>
  <member type="way" ref="770552095" role=""/>
  <member type="way" ref="704134620" role=""/>
  <member type="way" ref="708896220" role=""/>
  <member type="way" ref="28945358" role=""/>
  <member type="way" ref="1277728731" role=""/>
  <member type="way" ref="962493731" role=""/>
  <member type="way" ref="954812793" role=""/>
  <member type="way" ref="1160702715" role=""/>
  <member type="way" ref="29313233" role=""/>
  <member type="way" ref="711495154" role=""/>
  <member type="way" ref="711495153" role=""/>
  <member type="way" ref="711497991" role=""/>
  <member type="way" ref="1242183588" role=""/>
  <member type="way" ref="1317516878" role=""/>
  <member type="way" ref="1317516877" role=""/>
  <member type="way" ref="599146734" role=""/>
  <member type="way" ref="1242184418" role=""/>
  <member type="way" ref="178099621" role=""/>
  <member type="way" ref="954341842" role=""/>
  <member type="way" ref="711101761" role=""/>
  <member type="way" ref="882269315" role=""/>
  <member type="way" ref="1266448183" role=""/>
  <member type="way" ref="711492060" role=""/>
  <member type="way" ref="1204846893" role=""/>
  <member type="way" ref="1266014434" role=""/>
  <member type="way" ref="711083507" role=""/>
  <member type="way" ref="219977702" role=""/>
  <member type="way" ref="838425497" role=""/>
  <member type="way" ref="711404113" role=""/>
  <member type="way" ref="711404114" role=""/>
  <member type="way" ref="875229040" role=""/>
  <member type="way" ref="711404121" role=""/>
  <member type="way" ref="711404120" role=""/>
  <member type="way" ref="219977622" role=""/>
  <member type="way" ref="1012665674" role=""/>
  <member type="way" ref="875229039" role=""/>
  <member type="way" ref="875229038" role=""/>
  <member type="way" ref="1331204980" role=""/>
  <member type="way" ref="1240182988" role=""/>
  <member type="way" ref="946030631" role=""/>
  <member type="way" ref="1257110006" role=""/>
  <member type="way" ref="709356407" role=""/>
  <member type="way" ref="136161379" role=""/>
  <member type="way" ref="616838545" role=""/>
  <member type="way" ref="616838547" role=""/>
  <member type="way" ref="954882991" role=""/>
  <member type="way" ref="1123561349" role=""/>
  <member type="way" ref="711367572" role=""/>
  <member type="way" ref="1123561350" role=""/>
  <member type="way" ref="711367571" role=""/>
  <member type="way" ref="711367568" role=""/>
  <member type="way" ref="945783757" role=""/>
  <member type="way" ref="955201202" role=""/>
  <member type="way" ref="106053500" role=""/>
  <member type="way" ref="948123043" role=""/>
  <member type="way" ref="1241122649" role=""/>
  <member type="way" ref="1182476806" role=""/>
  <member type="way" ref="711431923" role=""/>
  <member type="way" ref="929495373" role=""/>
  <member type="way" ref="814585068" role=""/>
  <member type="way" ref="709301564" role=""/>
  <member type="way" ref="945783773" role=""/>
  <member type="way" ref="702880302" role=""/>
  <member type="way" ref="399820831" role=""/>
  <member type="way" ref="711700503" role=""/>
  <member type="way" ref="457757021" role=""/>
  <member type="way" ref="1290144946" role=""/>
  <member type="way" ref="1466411476" role=""/>
  <member type="way" ref="239370942" role=""/>
  <member type="way" ref="974572935" role=""/>
  <member type="way" ref="1242183437" role=""/>
  <member type="way" ref="693652773" role=""/>
  <member type="way" ref="1305064571" role=""/>
  <member type="way" ref="1109636292" role=""/>
  <member type="way" ref="1335957666" role=""/>
  <member type="way" ref="1326204766" role=""/>
  <member type="way" ref="220005738" role=""/>
  <member type="way" ref="616826560" role=""/>
  <member type="way" ref="344413424" role=""/>
  <member type="way" ref="972911787" role=""/>
  <member type="way" ref="1266442397" role=""/>
  <member type="way" ref="1343935603" role=""/>
  <member type="way" ref="344413423" role=""/>
  <member type="way" ref="965548423" role=""/>
  <member type="way" ref="974551794" role=""/>
  <member type="way" ref="1204837531" role=""/>
  <member type="way" ref="885892457" role=""/>
  <member type="way" ref="1242168118" role=""/>
  <member type="way" ref="973215956" role=""/>
  <member type="way" ref="599507486" role=""/>
  <member type="way" ref="599507487" role=""/>
  <member type="way" ref="599998773" role=""/>
  <member type="way" ref="595927172" role=""/>
  <member type="way" ref="954341844" role=""/>
  <member type="way" ref="954341843" role=""/>
  <member type="node" ref="12078321346" role="platform"/>
  <tag k="charge" v="10000 VND"/>
  <tag k="colour" v="#27baff"/>
  <tag k="from" v="Bác Cổ"/>
  <tag k="interval" v="00:10-00:15"/>
  <tag k="name" v="Bác Cổ - Bến xe Yên Nghĩa"/>
  <tag k="name:en" v="Bac Co (Tran Khanh Du Bus Interchange) - Yen Nghia Bus Station"/>
  <tag k="network" v="Hanoibus"/>
  <tag k="opening_hours" v="Mo-Su 05:00-22:30"/>
  <tag k="operator" v="Xí nghiệp Xe buýt nhanh BRT Hà Nội"/>
  <tag k="public_transport:version" v="2"/>
  <tag k="ref" v="02"/>
  <tag k="route" v="bus"/>
  <tag k="to" v="Bến xe Yên Nghĩa"/>
  <tag k="type" v="route"/>
 </relation>
 <relation id="12853006" visible="true" version="4" changeset="148213623" timestamp="2024-03-04T15:56:28Z" user="edumiz624" uid="20881381">
  <member type="relation" ref="12851968" role=""/>
  <member type="relation" ref="12853381" role=""/>
  <tag k="name" v="Bác Cổ - Bến xe Yên Nghĩa"/>
  <tag k="name:en" v="Bac Co (Tran Khanh Du Bus Interchange) - Yen Nghia Bus Station"/>
  <tag k="network" v="Hanoibus"/>
  <tag k="operator" v="Xí nghiệp Xe buýt nhanh BRT Hà Nội"/>
  <tag k="ref" v="02"/>
  <tag k="route_master" v="bus"/>
  <tag k="type" v="route_master"/>
 </relation>
 <relation id="12853381" visible="true" version="63" changeset="179967402" timestamp="2026-03-16T19:06:44Z" user="ZioDragon" uid="13799024">
  <member type="node" ref="10028987068" role="platform_entry_only"/>
  <member type="node" ref="8770739144" role="platform"/>
  <member type="node" ref="8770739145" role="platform"/>
  <member type="node" ref="8770739146" role="platform"/>
  <member type="node" ref="8770739147" role="platform"/>
  <member type="node" ref="8770739148" role="platform"/>
  <member type="node" ref="8770739149" role="platform"/>
  <member type="node" ref="8770739150" role="platform"/>
  <member type="node" ref="8770739151" role="platform"/>
  <member type="node" ref="8770739152" role="platform"/>
  <member type="node" ref="8770739153" role="platform"/>
  <member type="node" ref="8846358794" role="platform"/>
  <member type="node" ref="8770739154" role="platform"/>
  <member type="node" ref="444394880" role="platform"/>
  <member type="node" ref="8770739155" role="platform"/>
  <member type="node" ref="8939177164" role="platform"/>
  <member type="node" ref="8770739156" role="platform"/>
  <member type="node" ref="738814455" role="platform"/>
  <member type="node" ref="444394809" role="platform"/>
  <member type="node" ref="444394790" role="platform"/>
  <member type="node" ref="738814410" role="platform"/>
  <member type="node" ref="8939177165" role="platform"/>
  <member type="node" ref="10028987061" role="platform"/>
  <member type="node" ref="7629327424" role="platform"/>
  <member type="node" ref="7824915645" role="platform"/>
  <member type="node" ref="738815809" role="platform"/>
  <member type="node" ref="738813973" role="platform"/>
  <member type="node" ref="446044145" role="platform"/>
  <member type="node" ref="738813572" role="platform"/>
  <member type="node" ref="738815268" role="platform"/>
  <member type="node" ref="738815820" role="platform"/>
  <member type="node" ref="3887711843" role="platform"/>
  <member type="node" ref="738815169" role="platform"/>
  <member type="node" ref="738814524" role="platform"/>
  <member type="node" ref="5561070622" role="platform"/>
  <member type="node" ref="7825858601" role="platform_exit_only"/>
  <member type="way" ref="885892447" role=""/>
  <member type="way" ref="954705799" role=""/>
  <member type="way" ref="885892458" role=""/>
  <member type="way" ref="599998773" role=""/>
  <member type="way" ref="599507487" role=""/>
  <member type="way" ref="599507486" role=""/>
  <member type="way" ref="1421317097" role=""/>
  <member type="way" ref="885892449" role=""/>
  <member type="way" ref="1204837532" role=""/>
  <member type="way" ref="973485814" role=""/>
  <member type="way" ref="1327438661" role=""/>
  <member type="way" ref="208657329" role=""/>
  <member type="way" ref="973485815" role=""/>
  <member type="way" ref="965408116" role=""/>
  <member type="way" ref="940397011" role=""/>
  <member type="way" ref="1266442395" role=""/>
  <member type="way" ref="1266442398" role=""/>
  <member type="way" ref="940397010" role=""/>
  <member type="way" ref="955882982" role=""/>
  <member type="way" ref="344413426" role=""/>
  <member type="way" ref="220005742" role=""/>
  <member type="way" ref="616826561" role=""/>
  <member type="way" ref="955842629" role=""/>
  <member type="way" ref="1151248817" role=""/>
  <member type="way" ref="1307455571" role=""/>
  <member type="way" ref="1307455573" role=""/>
  <member type="way" ref="38020420" role=""/>
  <member type="way" ref="1318958371" role=""/>
  <member type="way" ref="1305064572" role=""/>
  <member type="way" ref="708941780" role=""/>
  <member type="way" ref="1109636291" role=""/>
  <member type="way" ref="1242183436" role=""/>
  <member type="way" ref="1109636297" role=""/>
  <member type="way" ref="710270798" role=""/>
  <member type="way" ref="710270797" role=""/>
  <member type="way" ref="1466411477" role=""/>
  <member type="way" ref="239370934" role=""/>
  <member type="way" ref="710332807" role=""/>
  <member type="way" ref="955882983" role=""/>
  <member type="way" ref="1198858980" role=""/>
  <member type="way" ref="709354466" role=""/>
  <member type="way" ref="945783774" role=""/>
  <member type="way" ref="961861931" role=""/>
  <member type="way" ref="702891549" role=""/>
  <member type="way" ref="702891548" role=""/>
  <member type="way" ref="264434802" role=""/>
  <member type="way" ref="948123045" role=""/>
  <member type="way" ref="116614142" role=""/>
  <member type="way" ref="1182476807" role=""/>
  <member type="way" ref="816861875" role=""/>
  <member type="way" ref="945783756" role=""/>
  <member type="way" ref="955201203" role=""/>
  <member type="way" ref="621139527" role=""/>
  <member type="way" ref="711367567" role=""/>
  <member type="way" ref="711367569" role=""/>
  <member type="way" ref="711367570" role=""/>
  <member type="way" ref="703110744" role=""/>
  <member type="way" ref="616838546" role=""/>
  <member type="way" ref="616838544" role=""/>
  <member type="way" ref="35978173" role=""/>
  <member type="way" ref="178098601" role=""/>
  <member type="way" ref="708658353" role=""/>
  <member type="way" ref="946030656" role=""/>
  <member type="way" ref="1204912790" role=""/>
  <member type="way" ref="684766065" role=""/>
  <member type="way" ref="946030657" role=""/>
  <member type="way" ref="684766067" role=""/>
  <member type="way" ref="1177158045" role=""/>
  <member type="way" ref="1333363797" role=""/>
  <member type="way" ref="708658351" role=""/>
  <member type="way" ref="875229041" role=""/>
  <member type="way" ref="711404115" role=""/>
  <member type="way" ref="28103241" role=""/>
  <member type="way" ref="838425496" role=""/>
  <member type="way" ref="1266014435" role=""/>
  <member type="way" ref="1204846892" role=""/>
  <member type="way" ref="808672175" role=""/>
  <member type="way" ref="882269316" role=""/>
  <member type="way" ref="1262818189" role=""/>
  <member type="way" ref="1262818190" role=""/>
  <member type="way" ref="710298222" role=""/>
  <member type="way" ref="687098302" role=""/>
  <member type="way" ref="1335897899" role=""/>
  <member type="way" ref="954341840" role=""/>
  <member type="way" ref="711106354" role=""/>
  <member type="way" ref="506383096" role=""/>
  <member type="way" ref="1242184420" role=""/>
  <member type="way" ref="1242184419" role=""/>
  <member type="way" ref="1204882028" role=""/>
  <member type="way" ref="1204882029" role=""/>
  <member type="way" ref="1242183589" role=""/>
  <member type="way" ref="599146728" role=""/>
  <member type="way" ref="1317516879" role=""/>
  <member type="way" ref="711495155" role=""/>
  <member type="way" ref="711497990" role=""/>
  <member type="way" ref="711495156" role=""/>
  <member type="way" ref="708514877" role=""/>
  <member type="way" ref="962493749" role=""/>
  <member type="way" ref="708514874" role=""/>
  <member type="way" ref="601522492" role=""/>
  <member type="way" ref="704134619" role=""/>
  <member type="way" ref="788757975" role=""/>
  <member type="way" ref="1334956950" role=""/>
  <member type="way" ref="770552094" role=""/>
  <member type="way" ref="11005921" role=""/>
  <member type="way" ref="944122214" role=""/>
  <member type="way" ref="1053605852" role=""/>
  <member type="way" ref="769778613" role=""/>
  <member type="way" ref="1223464161" role=""/>
  <member type="way" ref="838526716" role=""/>
  <member type="way" ref="864547867" role=""/>
  <member type="way" ref="399561785" role=""/>
  <member type="way" ref="1223385256" role=""/>
  <member type="way" ref="769798547" role=""/>
  <member type="way" ref="707060209" role=""/>
  <member type="way" ref="1243387893" role=""/>
  <member type="way" ref="954856201" role=""/>
  <member type="way" ref="946030643" role=""/>
  <member type="way" ref="85608570" role=""/>
  <member type="way" ref="711128281" role=""/>
  <member type="way" ref="1360834899" role=""/>
  <member type="way" ref="704147261" role=""/>
  <member type="way" ref="711128282" role=""/>
  <member type="way" ref="954856205" role=""/>
  <member type="way" ref="954812792" role=""/>
  <tag k="charge" v="10000 VND"/>
  <tag k="colour" v="#27baff"/>
  <tag k="from" v="Bến xe Yên Nghĩa"/>
  <tag k="interval" v="00:10-00:15"/>
  <tag k="name" v="Bến xe Yên Nghĩa - Bác Cổ"/>
  <tag k="name:en" v="Yen Nghia Bus Station - Bac Co (Tran Khanh Du Bus Interchange)"/>
  <tag k="network" v="Hanoibus"/>
  <tag k="opening_hours" v="Mo-Su 05:00-22:30"/>
  <tag k="operator" v="Xí nghiệp Xe buýt nhanh BRT Hà Nội"/>
  <tag k="public_transport:version" v="2"/>
  <tag k="ref" v="02"/>
  <tag k="route" v="bus"/>
  <tag k="to" v="Bác Cổ"/>
  <tag k="type" v="route"/>
 </relation>
 <relation id="12862577" visible="true" version="84" changeset="183300618" timestamp="2026-05-28T11:33:34Z" user="FanaticAir75626" uid="11141338">
  <member type="node" ref="8846358774" role="platform"/>
  <member type="node" ref="8846358775" role="platform"/>
  <member type="node" ref="8846358776" role="platform"/>
  <member type="node" ref="8846358777" role="platform"/>
  <member type="node" ref="8846358778" role="platform"/>
  <member type="node" ref="8846358780" role="platform"/>
  <member type="node" ref="8846358781" role="platform"/>
  <member type="node" ref="8846358782" role="platform"/>
  <member type="node" ref="8772715672" role="platform"/>
  <member type="node" ref="8772715670" role="platform"/>
  <member type="node" ref="7169064143" role="platform"/>
  <member type="node" ref="738814324" role="platform"/>
  <member type="node" ref="738813337" role="platform"/>
  <member type="node" ref="4421384524" role="platform"/>
  <member type="node" ref="8838269673" role="platform"/>
  <member type="node" ref="8838269674" role="platform"/>
  <member type="node" ref="8838269675" role="platform"/>
  <member type="node" ref="8838269676" role="platform"/>
  <member type="node" ref="4273838289" role="platform"/>
  <member type="node" ref="8846358786" role="platform"/>
  <member type="node" ref="8846358787" role="platform"/>
  <member type="node" ref="8846358788" role="platform"/>
  <member type="node" ref="8846358789" role="platform"/>
  <member type="node" ref="8846358790" role="platform"/>
  <member type="node" ref="8846358791" role="platform"/>
  <member type="node" ref="8846358749" role="platform_exit_only"/>
  <member type="node" ref="8846358752" role="platform"/>
  <member type="node" ref="11542708655" role="platform"/>
  <member type="node" ref="11542708657" role="platform"/>
  <member type="node" ref="11536511327" role="platform"/>
  <member type="node" ref="8770739154" role="platform"/>
  <member type="node" ref="8846358748" role="platform"/>
  <member type="node" ref="8846358770" role="platform_entry_only"/>
  <member type="node" ref="11542708656" role=""/>
  <member type="way" ref="955842620" role=""/>
  <member type="way" ref="955842622" role=""/>
  <member type="way" ref="601561395" role=""/>
  <member type="way" ref="1241911702" role=""/>
  <member type="way" ref="601561375" role=""/>
  <member type="way" ref="955842624" role=""/>
  <member type="way" ref="1253899557" role=""/>
  <member type="way" ref="601561399" role=""/>
  <member type="way" ref="601561389" role=""/>
  <member type="way" ref="601561393" role=""/>
  <member type="way" ref="955842627" role=""/>
  <member type="way" ref="85620803" role=""/>
  <member type="way" ref="955842619" role=""/>
  <member type="way" ref="1238804774" role=""/>
  <member type="way" ref="1174245431" role=""/>
  <member type="way" ref="1493422350" role=""/>
  <member type="way" ref="1524009473" role=""/>
  <member type="way" ref="1524009474" role=""/>
  <member type="way" ref="1493422351" role=""/>
  <member type="way" ref="85739384" role=""/>
  <member type="way" ref="709351501" role=""/>
  <member type="way" ref="711720172" role=""/>
  <member type="way" ref="1493422347" role=""/>
  <member type="way" ref="85739398" role=""/>
  <member type="way" ref="1431633226" role=""/>
  <member type="way" ref="69143125" role=""/>
  <member type="way" ref="955842628" role=""/>
  <member type="way" ref="85620795" role=""/>
  <member type="way" ref="1444833517" role=""/>
  <member type="way" ref="702791127" role=""/>
  <member type="way" ref="599534682" role=""/>
  <member type="way" ref="711047892" role=""/>
  <member type="way" ref="711047890" role=""/>
  <member type="way" ref="707365492" role=""/>
  <member type="way" ref="704988347" role=""/>
  <member type="way" ref="702791126" role=""/>
  <member type="way" ref="971898940" role=""/>
  <member type="way" ref="1240365579" role=""/>
  <member type="way" ref="69143124" role=""/>
  <member type="way" ref="1313172055" role=""/>
  <member type="way" ref="955842618" role=""/>
  <member type="way" ref="704711200" role=""/>
  <member type="way" ref="1339381555" role=""/>
  <member type="way" ref="374528000" role=""/>
  <member type="way" ref="1216193178" role=""/>
  <member type="way" ref="1216193324" role=""/>
  <member type="way" ref="12176575" role=""/>
  <member type="way" ref="955842616" role=""/>
  <member type="way" ref="1242183433" role=""/>
  <member type="way" ref="1506408946" role=""/>
  <member type="way" ref="1330591933" role=""/>
  <member type="way" ref="599240419" role=""/>
  <member type="way" ref="947778227" role=""/>
  <member type="way" ref="242451184" role=""/>
  <member type="way" ref="947778226" role=""/>
  <member type="way" ref="1327434532" role=""/>
  <member type="way" ref="1339740791" role=""/>
  <member type="way" ref="955842615" role=""/>
  <member type="way" ref="1262790131" role=""/>
  <member type="way" ref="1262790132" role=""/>
  <member type="way" ref="600496189" role=""/>
  <member type="way" ref="955842613" role=""/>
  <member type="way" ref="599229167" role=""/>
  <member type="way" ref="704570678" role=""/>
  <member type="way" ref="704597574" role=""/>
  <member type="way" ref="704597573" role=""/>
  <member type="way" ref="704570681" role=""/>
  <member type="way" ref="704601947" role=""/>
  <member type="way" ref="599191528" role=""/>
  <member type="way" ref="1483477683" role=""/>
  <member type="way" ref="599191527" role=""/>
  <member type="way" ref="38136703" role=""/>
  <member type="way" ref="1460066608" role=""/>
  <member type="way" ref="177322589" role=""/>
  <member type="way" ref="706502081" role=""/>
  <member type="way" ref="705812474" role=""/>
  <member type="way" ref="1300236737" role=""/>
  <member type="way" ref="1298906827" role=""/>
  <member type="way" ref="1390293016" role=""/>
  <member type="way" ref="705812470" role=""/>
  <member type="way" ref="705812469" role=""/>
  <member type="way" ref="37371053" role=""/>
  <member type="way" ref="1301686342" role=""/>
  <member type="way" ref="809463692" role=""/>
  <member type="way" ref="635124756" role=""/>
  <member type="way" ref="954882983" role=""/>
  <member type="way" ref="705841392" role=""/>
  <member type="way" ref="1266071994" role=""/>
  <member type="way" ref="707382489" role=""/>
  <member type="way" ref="955201205" role=""/>
  <member type="way" ref="11860441" role=""/>
  <member type="way" ref="11860117" role=""/>
  <member type="way" ref="11859996" role=""/>
  <member type="way" ref="1506408943" role=""/>
  <member type="way" ref="596732645" role=""/>
  <member type="way" ref="675212236" role=""/>
  <member type="way" ref="1506408942" role=""/>
  <member type="way" ref="1506408941" role=""/>
  <member type="way" ref="1334176063" role=""/>
  <member type="way" ref="246257345" role=""/>
  <member type="way" ref="707880024" role=""/>
  <member type="way" ref="317418713" role=""/>
  <member type="way" ref="707880023" role=""/>
  <member type="way" ref="1292590857" role=""/>
  <member type="way" ref="1494939075" role=""/>
  <member type="way" ref="251613077" role=""/>
  <member type="way" ref="707953197" role=""/>
  <member type="way" ref="707953199" role=""/>
  <member type="way" ref="1214908615" role=""/>
  <member type="way" ref="1237148279" role=""/>
  <member type="way" ref="684753902" role=""/>
  <member type="way" ref="1094319614" role=""/>
  <member type="way" ref="1346583839" role=""/>
  <member type="way" ref="966693596" role=""/>
  <member type="way" ref="1417166740" role=""/>
  <member type="way" ref="1417166741" role=""/>
  <member type="way" ref="599508333" role=""/>
  <member type="way" ref="1307444340" role=""/>
  <member type="way" ref="220004604" role=""/>
  <member type="way" ref="1242183429" role=""/>
  <member type="way" ref="708932478" role=""/>
  <member type="way" ref="1307444338" role=""/>
  <member type="way" ref="1242183435" role=""/>
  <member type="way" ref="1241605204" role=""/>
  <member type="way" ref="37871586" role=""/>
  <member type="way" ref="1242183436" role=""/>
  <member type="way" ref="708941781" role=""/>
  <member type="way" ref="1242183437" role=""/>
  <member type="way" ref="1109636288" role=""/>
  <member type="way" ref="1300881768" role=""/>
  <member type="way" ref="955842632" role=""/>
  <member type="way" ref="955842633" role=""/>
  <tag k="charge" v="10000 VND"/>
  <tag k="colour" v="#76c04d"/>
  <tag k="fee" v="yes"/>
  <tag k="from" v="AEON Mall Long Biên"/>
  <tag k="interval" v="00:21-00:26"/>
  <tag k="name" v="Trung tâm thương mại AEON Mall Long Biên - Khu đô thị Mỗ Lao"/>
  <tag k="name:en" v="AEON Mall Long Bien Commercial Center - Mo Lao Urban Area"/>
  <tag k="network" v="Hanoibus"/>
  <tag k="opening_hours" v="Mo-Su 05:00-21:00"/>
  <tag k="operator" v="Xí Nghiệp Xe khách Nam Hà Nội"/>
  <tag k="public_transport:version" v="2"/>
  <tag k="ref" v="106"/>
  <tag k="route" v="bus"/>
  <tag k="to" v="Khu đô thị Mỗ Lao"/>
  <tag k="type" v="route"/>
 </relation>
 <relation id="12862578" visible="true" version="2" changeset="148381528" timestamp="2024-03-08T12:14:50Z" user="edumiz624" uid="20881381">
  <member type="relation" ref="12862576" role=""/>
  <member type="relation" ref="12862577" role=""/>
  <tag k="name" v="Khu đô thị Mỗ Lao ↔ Trung tâm thương mại AEON Mall Long Biên"/>
  <tag k="name:en" v="Mo Lao Urban Area - AEON Mall Long Bien Commercial Center"/>
  <tag k="network" v="Hanoibus"/>
  <tag k="operator" v="Xí Nghiệp Xe Khách Nam Hà Nội"/>
  <tag k="ref" v="106"/>
  <tag k="route_master" v="bus"/>
  <tag k="type" v="route_master"/>
 </relation>
 <relation id="12922097" visible="true" version="3" changeset="148098872" timestamp="2024-03-01T14:27:54Z" user="edumiz624" uid="20881381">
  <member type="relation" ref="12846900" role=""/>
  <member type="relation" ref="12851814" role=""/>
  <tag k="name" v="Bến xe Gia Lâm - Bến xe Yên Nghĩa"/>
  <tag k="name:en" v="Gia Lam Bus Station - Yen Nghia Bus Station"/>
  <tag k="network" v="Hanoibus"/>
  <tag k="operator" v="Xí Nghiệp Xe Buýt Hà Nội"/>
  <tag k="ref" v="01"/>
  <tag k="route_master" v="bus"/>
  <tag k="type" v="route_master"/>
 </relation>
 <relation id="12925243" visible="true" version="70" changeset="179967402" timestamp="2026-03-16T19:06:44Z" user="ZioDragon" uid="13799024">
  <member type="node" ref="10028987068" role="platform_entry_only"/>
  <member type="node" ref="8770739144" role="platform"/>
  <member type="node" ref="8770739145" role="platform"/>
  <member type="node" ref="8770739146" role="platform"/>
  <member type="node" ref="8770739147" role="platform"/>
  <member type="node" ref="8770739148" role="platform"/>
  <member type="node" ref="8770739149" role="platform"/>
  <member type="node" ref="8770739150" role="platform"/>
  <member type="node" ref="8770739151" role="platform"/>
  <member type="node" ref="8770739152" role="platform"/>
  <member type="node" ref="8770739153" role="platform"/>
  <member type="node" ref="8770739154" role="platform"/>
  <member type="node" ref="444394880" role="platform"/>
  <member type="node" ref="8770739155" role="platform"/>
  <member type="node" ref="8770739156" role="platform"/>
  <member type="node" ref="738814455" role="platform"/>
  <member type="node" ref="738814410" role="platform"/>
  <member type="node" ref="8939177165" role="platform"/>
  <member type="node" ref="738814593" role="platform"/>
  <member type="node" ref="8813408799" role="platform"/>
  <member type="node" ref="8813408800" role="platform"/>
  <member type="node" ref="738815858" role="platform"/>
  <member type="node" ref="8898755900" role="platform"/>
  <member type="node" ref="8218246214" role="platform"/>
  <member type="node" ref="8766627151" role="platform"/>
  <member type="node" ref="8766627152" role="platform"/>
  <member type="node" ref="8766627153" role="platform"/>
  <member type="node" ref="8766627154" role="platform"/>
  <member type="node" ref="8898755901" role="platform"/>
  <member type="node" ref="4584884500" role="platform"/>
  <member type="node" ref="8821681979" role="platform"/>
  <member type="node" ref="8831420042" role="platform"/>
  <member type="node" ref="8821681980" role="platform"/>
  <member type="node" ref="8898755902" role="platform_exit_only"/>
  <member type="node" ref="8846358794" role="platform"/>
  <member type="node" ref="8939177164" role="platform"/>
  <member type="node" ref="11128036711" role="platform"/>
  <member type="node" ref="11515782291" role="platform"/>
  <member type="node" ref="738813730" role="platform"/>
  <member type="node" ref="738815813" role="platform"/>
  <member type="node" ref="11680376018" role="platform"/>
  <member type="node" ref="444394809" role="platform"/>
  <member type="node" ref="444394790" role="platform"/>
  <member type="way" ref="885892447" role=""/>
  <member type="way" ref="954705799" role=""/>
  <member type="way" ref="885892458" role=""/>
  <member type="way" ref="599998773" role=""/>
  <member type="way" ref="599507487" role=""/>
  <member type="way" ref="599507486" role=""/>
  <member type="way" ref="1421317097" role=""/>
  <member type="way" ref="885892449" role=""/>
  <member type="way" ref="1204837532" role=""/>
  <member type="way" ref="973485814" role=""/>
  <member type="way" ref="1327438661" role=""/>
  <member type="way" ref="208657329" role=""/>
  <member type="way" ref="973485815" role=""/>
  <member type="way" ref="965408116" role=""/>
  <member type="way" ref="940397011" role=""/>
  <member type="way" ref="1266442395" role=""/>
  <member type="way" ref="1266442398" role=""/>
  <member type="way" ref="940397010" role=""/>
  <member type="way" ref="955882982" role=""/>
  <member type="way" ref="344413426" role=""/>
  <member type="way" ref="220005742" role=""/>
  <member type="way" ref="616826561" role=""/>
  <member type="way" ref="955842629" role=""/>
  <member type="way" ref="1151248817" role=""/>
  <member type="way" ref="1307455571" role=""/>
  <member type="way" ref="1307455573" role=""/>
  <member type="way" ref="38020420" role=""/>
  <member type="way" ref="1318958371" role=""/>
  <member type="way" ref="1305064572" role=""/>
  <member type="way" ref="708941780" role=""/>
  <member type="way" ref="1109636291" role=""/>
  <member type="way" ref="1242183436" role=""/>
  <member type="way" ref="1109636297" role=""/>
  <member type="way" ref="710270798" role=""/>
  <member type="way" ref="710270797" role=""/>
  <member type="way" ref="1466411477" role=""/>
  <member type="way" ref="239370934" role=""/>
  <member type="way" ref="710332807" role=""/>
  <member type="way" ref="955882983" role=""/>
  <member type="way" ref="1198858980" role=""/>
  <member type="way" ref="709354466" role=""/>
  <member type="way" ref="945783774" role=""/>
  <member type="way" ref="961861931" role=""/>
  <member type="way" ref="702891549" role=""/>
  <member type="way" ref="702891548" role=""/>
  <member type="way" ref="264434802" role=""/>
  <member type="way" ref="948123045" role=""/>
  <member type="way" ref="116614142" role=""/>
  <member type="way" ref="1182476807" role=""/>
  <member type="way" ref="816861875" role=""/>
  <member type="way" ref="945783756" role=""/>
  <member type="way" ref="955201203" role=""/>
  <member type="way" ref="621139527" role=""/>
  <member type="way" ref="711367567" role=""/>
  <member type="way" ref="711367569" role=""/>
  <member type="way" ref="711367570" role=""/>
  <member type="way" ref="703110744" role=""/>
  <member type="way" ref="616838546" role=""/>
  <member type="way" ref="616838544" role=""/>
  <member type="way" ref="35978173" role=""/>
  <member type="way" ref="178098601" role=""/>
  <member type="way" ref="708658353" role=""/>
  <member type="way" ref="946030656" role=""/>
  <member type="way" ref="596710666" role=""/>
  <member type="way" ref="946030631" role=""/>
  <member type="way" ref="1257110006" role=""/>
  <member type="way" ref="136161769" role=""/>
  <member type="way" ref="709356405" role=""/>
  <member type="way" ref="890197305" role=""/>
  <member type="way" ref="596710686" role=""/>
  <member type="way" ref="136161771" role=""/>
  <member type="way" ref="709678324" role=""/>
  <member type="way" ref="709678322" role=""/>
  <member type="way" ref="35977789" role=""/>
  <member type="way" ref="711366276" role=""/>
  <member type="way" ref="711366275" role=""/>
  <member type="way" ref="705792493" role=""/>
  <member type="way" ref="600083161" role=""/>
  <member type="way" ref="600496934" role=""/>
  <member type="way" ref="709255818" role=""/>
  <member type="way" ref="709255817" role=""/>
  <member type="way" ref="600083158" role=""/>
  <member type="way" ref="709258514" role=""/>
  <member type="way" ref="709258512" role=""/>
  <member type="way" ref="38135679" role=""/>
  <member type="way" ref="707900589" role=""/>
  <member type="way" ref="701426448" role=""/>
  <member type="way" ref="1199890907" role=""/>
  <member type="way" ref="705807579" role=""/>
  <member type="way" ref="705810329" role=""/>
  <member type="way" ref="706461436" role=""/>
  <member type="way" ref="947077256" role=""/>
  <member type="way" ref="1230486657" role=""/>
  <member type="way" ref="705810327" role=""/>
  <member type="way" ref="711526159" role=""/>
  <member type="way" ref="705815118" role=""/>
  <member type="way" ref="770260028" role=""/>
  <member type="way" ref="1208496300" role=""/>
  <member type="way" ref="1203875215" role=""/>
  <member type="way" ref="1203875591" role=""/>
  <member type="way" ref="1217943689" role=""/>
  <member type="way" ref="1217943690" role=""/>
  <member type="way" ref="943577306" role=""/>
  <member type="way" ref="1197003492" role=""/>
  <member type="way" ref="1197003501" role=""/>
  <member type="way" ref="1197003494" role=""/>
  <member type="way" ref="1197003494" role=""/>
  <member type="way" ref="1197003488" role=""/>
  <member type="way" ref="1197003500" role=""/>
  <member type="way" ref="1197003498" role=""/>
  <member type="way" ref="1355183494" role=""/>
  <member type="way" ref="343741883" role=""/>
  <member type="way" ref="886446127" role=""/>
  <member type="way" ref="1121703582" role=""/>
  <member type="way" ref="221297385" role=""/>
  <member type="way" ref="157394828" role=""/>
  <member type="way" ref="601973261" role=""/>
  <member type="way" ref="1325575769" role=""/>
  <member type="way" ref="1165357407" role=""/>
  <member type="way" ref="1256457624" role=""/>
  <member type="way" ref="1314534274" role=""/>
  <member type="way" ref="954183008" role=""/>
  <member type="way" ref="701844725" role=""/>
  <member type="way" ref="615426395" role=""/>
  <member type="way" ref="1240683346" role=""/>
  <member type="way" ref="687233229" role=""/>
  <member type="way" ref="1368317682" role=""/>
  <member type="way" ref="788967973" role=""/>
  <member type="way" ref="221160146" role=""/>
  <member type="way" ref="1240344626" role=""/>
  <member type="way" ref="954183015" role=""/>
  <member type="way" ref="1098003231" role=""/>
  <member type="way" ref="1098003238" role=""/>
  <member type="way" ref="1140695086" role=""/>
  <member type="way" ref="1098003236" role=""/>
  <member type="way" ref="965521318" role=""/>
  <member type="way" ref="1098003241" role=""/>
  <member type="way" ref="1098003243" role=""/>
  <member type="way" ref="1098003232" role=""/>
  <member type="way" ref="1117957804" role=""/>
  <member type="way" ref="1410884566" role=""/>
  <member type="way" ref="967878683" role=""/>
  <member type="way" ref="1210656076" role=""/>
  <member type="way" ref="858369192" role=""/>
  <member type="way" ref="1094428085" role=""/>
  <member type="way" ref="1411060167" role=""/>
  <member type="way" ref="1411060168" role=""/>
  <member type="way" ref="967878676" role=""/>
  <member type="way" ref="1411060170" role=""/>
  <member type="way" ref="1411060169" role=""/>
  <member type="way" ref="737319630" role=""/>
  <member type="way" ref="962005183" role=""/>
  <member type="node" ref="8895529058" role="platform"/>
  <tag k="charge" v="10000 VND"/>
  <tag k="colour" v="#27baff"/>
  <tag k="fee" v="yes"/>
  <tag k="from" v="Bến xe Yên Nghĩa"/>
  <tag k="interval" v="00:07-00:10"/>
  <tag k="name" v="Bến xe Yên Nghĩa - Bến xe Nam Thăng Long"/>
  <tag k="name:en" v="Yen Nghia Bus Station - Nam Thang Long Bus Interchange"/>
  <tag k="network" v="Hanoibus"/>
  <tag k="opening_hours" v="Mo-Su 05:00-21:35"/>
  <tag k="operator" v="Công ty cổ phần xe điện"/>
  <tag k="public_transport:version" v="2"/>
  <tag k="ref" v="27"/>
  <tag k="route" v="bus"/>
  <tag k="to" v="Bến xe Nam Thăng Long"/>
  <tag k="type" v="route"/>
 </relation>
 <relation id="12925244" visible="true" version="6" changeset="148213623" timestamp="2024-03-04T15:56:28Z" user="edumiz624" uid="20881381">
  <member type="relation" ref="12925243" role=""/>
  <member type="relation" ref="12926933" role=""/>
  <tag k="name" v="Bến xe Yên Nghĩa - Bến xe Nam Thăng Long"/>
  <tag k="name:en" v="Yen Nghia Bus Station - Nam Thang Long Bus Interchange"/>
  <tag k="network" v="Hanoibus"/>
  <tag k="operator" v="Công ty cổ phần xe điện"/>
  <tag k="ref" v="27"/>
  <tag k="route_master" v="bus"/>
  <tag k="type" v="route_master"/>
 </relation>
 <relation id="12926933" visible="true" version="66" changeset="179967402" timestamp="2026-03-16T19:06:44Z" user="ZioDragon" uid="13799024">
  <member type="node" ref="4224823335" role="platform"/>
  <member type="node" ref="738815777" role="platform"/>
  <member type="node" ref="7294678089" role="platform"/>
  <member type="node" ref="8900644425" role="platform"/>
  <member type="node" ref="8829926852" role="platform"/>
  <member type="node" ref="738813535" role="platform"/>
  <member type="node" ref="738815665" role="platform"/>
  <member type="node" ref="8766627162" role="platform"/>
  <member type="node" ref="4914822521" role="platform"/>
  <member type="node" ref="738813636" role="platform"/>
  <member type="node" ref="5059727803" role="platform"/>
  <member type="node" ref="738814575" role="platform"/>
  <member type="node" ref="738813341" role="platform"/>
  <member type="node" ref="738813645" role="platform"/>
  <member type="node" ref="8813408792" role="platform"/>
  <member type="node" ref="7056032822" role="platform"/>
  <member type="node" ref="444394752" role="platform"/>
  <member type="node" ref="444395014" role="platform"/>
  <member type="node" ref="444394999" role="platform"/>
  <member type="node" ref="444394994" role="platform"/>
  <member type="node" ref="444394979" role="platform"/>
  <member type="node" ref="8770675677" role="platform"/>
  <member type="node" ref="444394956" role="platform"/>
  <member type="node" ref="444394950" role="platform"/>
  <member type="node" ref="8770675679" role="platform"/>
  <member type="node" ref="8770675680" role="platform"/>
  <member type="node" ref="8770675681" role="platform"/>
  <member type="node" ref="8770675682" role="platform"/>
  <member type="node" ref="8770675683" role="platform"/>
  <member type="node" ref="8770675684" role="platform"/>
  <member type="node" ref="8770675685" role="platform"/>
  <member type="node" ref="8770739141" role="platform"/>
  <member type="node" ref="8770739142" role="platform"/>
  <member type="node" ref="8770739143" role="platform"/>
  <member type="node" ref="10028987068" role="platform_exit_only"/>
  <member type="node" ref="11518476666" role="platform"/>
  <member type="node" ref="11128036710" role="platform"/>
  <member type="node" ref="11672588051" role="platform"/>
  <member type="node" ref="8939177163" role="platform"/>
  <member type="node" ref="8898755902" role=""/>
  <member type="way" ref="962215931" role=""/>
  <member type="way" ref="577608458" role=""/>
  <member type="way" ref="116786159" role=""/>
  <member type="way" ref="1200039176" role=""/>
  <member type="way" ref="962215933" role=""/>
  <member type="way" ref="973101807" role=""/>
  <member type="way" ref="1411062721" role=""/>
  <member type="way" ref="1411062723" role=""/>
  <member type="way" ref="1411063588" role=""/>
  <member type="way" ref="1411062724" role=""/>
  <member type="way" ref="1411063589" role=""/>
  <member type="way" ref="37559371" role=""/>
  <member type="way" ref="967878682" role=""/>
  <member type="way" ref="1178369251" role=""/>
  <member type="way" ref="1178369252" role=""/>
  <member type="way" ref="721496144" role=""/>
  <member type="way" ref="1098003233" role=""/>
  <member type="way" ref="721496143" role=""/>
  <member type="way" ref="1098003245" role=""/>
  <member type="way" ref="1098003234" role=""/>
  <member type="way" ref="965882630" role=""/>
  <member type="way" ref="1240344627" role=""/>
  <member type="way" ref="858369194" role=""/>
  <member type="way" ref="965882631" role=""/>
  <member type="way" ref="772663726" role=""/>
  <member type="way" ref="947077273" role=""/>
  <member type="way" ref="1239581822" role=""/>
  <member type="way" ref="482324745" role=""/>
  <member type="way" ref="1240683351" role=""/>
  <member type="way" ref="705519697" role=""/>
  <member type="way" ref="157394813" role=""/>
  <member type="way" ref="1240683345" role=""/>
  <member type="way" ref="1241605219" role=""/>
  <member type="way" ref="776703518" role=""/>
  <member type="way" ref="776703518" role=""/>
  <member type="way" ref="1241605219" role=""/>
  <member type="way" ref="1240683345" role=""/>
  <member type="way" ref="615426402" role=""/>
  <member type="way" ref="704938980" role=""/>
  <member type="way" ref="1325575768" role=""/>
  <member type="way" ref="973485822" role=""/>
  <member type="way" ref="158829325" role=""/>
  <member type="way" ref="601973263" role=""/>
  <member type="way" ref="1121703583" role=""/>
  <member type="way" ref="954542127" role=""/>
  <member type="way" ref="35841479" role=""/>
  <member type="way" ref="1197003491" role=""/>
  <member type="way" ref="943577306" role=""/>
  <member type="way" ref="1217943690" role=""/>
  <member type="way" ref="1217943689" role=""/>
  <member type="way" ref="1203875591" role=""/>
  <member type="way" ref="1203875215" role=""/>
  <member type="way" ref="1208496300" role=""/>
  <member type="way" ref="705815510" role=""/>
  <member type="way" ref="705815120" role=""/>
  <member type="way" ref="684048069" role=""/>
  <member type="way" ref="1304254915" role=""/>
  <member type="way" ref="706446636" role=""/>
  <member type="way" ref="1199890906" role=""/>
  <member type="way" ref="232598680" role=""/>
  <member type="way" ref="705817140" role=""/>
  <member type="way" ref="701436154" role=""/>
  <member type="way" ref="704701607" role=""/>
  <member type="way" ref="701450363" role=""/>
  <member type="way" ref="711138888" role=""/>
  <member type="way" ref="711138887" role=""/>
  <member type="way" ref="707457431" role=""/>
  <member type="way" ref="711138885" role=""/>
  <member type="way" ref="711138886" role=""/>
  <member type="way" ref="707457430" role=""/>
  <member type="way" ref="707457429" role=""/>
  <member type="way" ref="59150924" role=""/>
  <member type="way" ref="809125943" role=""/>
  <member type="way" ref="705794896" role=""/>
  <member type="way" ref="600083153" role=""/>
  <member type="way" ref="208162320" role=""/>
  <member type="way" ref="705794897" role=""/>
  <member type="way" ref="711366277" role=""/>
  <member type="way" ref="600083145" role=""/>
  <member type="way" ref="711367345" role=""/>
  <member type="way" ref="1012665676" role=""/>
  <member type="way" ref="35972593" role=""/>
  <member type="way" ref="597543673" role=""/>
  <member type="way" ref="708649102" role=""/>
  <member type="way" ref="708649103" role=""/>
  <member type="way" ref="1393164065" role=""/>
  <member type="way" ref="616838547" role=""/>
  <member type="way" ref="954882991" role=""/>
  <member type="way" ref="1123561349" role=""/>
  <member type="way" ref="711367572" role=""/>
  <member type="way" ref="1123561350" role=""/>
  <member type="way" ref="711367571" role=""/>
  <member type="way" ref="711367568" role=""/>
  <member type="way" ref="945783757" role=""/>
  <member type="way" ref="955201202" role=""/>
  <member type="way" ref="106053500" role=""/>
  <member type="way" ref="948123043" role=""/>
  <member type="way" ref="1241122649" role=""/>
  <member type="way" ref="1182476806" role=""/>
  <member type="way" ref="711431923" role=""/>
  <member type="way" ref="929495373" role=""/>
  <member type="way" ref="814585068" role=""/>
  <member type="way" ref="709301564" role=""/>
  <member type="way" ref="945783773" role=""/>
  <member type="way" ref="702880302" role=""/>
  <member type="way" ref="399820831" role=""/>
  <member type="way" ref="711700503" role=""/>
  <member type="way" ref="457757021" role=""/>
  <member type="way" ref="1290144946" role=""/>
  <member type="way" ref="1466411476" role=""/>
  <member type="way" ref="239370942" role=""/>
  <member type="way" ref="974572935" role=""/>
  <member type="way" ref="1242183437" role=""/>
  <member type="way" ref="693652773" role=""/>
  <member type="way" ref="1305064571" role=""/>
  <member type="way" ref="1109636292" role=""/>
  <member type="way" ref="1335957666" role=""/>
  <member type="way" ref="1326204766" role=""/>
  <member type="way" ref="220005738" role=""/>
  <member type="way" ref="616826560" role=""/>
  <member type="way" ref="344413424" role=""/>
  <member type="way" ref="972911787" role=""/>
  <member type="way" ref="1266442397" role=""/>
  <member type="way" ref="1343935603" role=""/>
  <member type="way" ref="344413423" role=""/>
  <member type="way" ref="965548423" role=""/>
  <member type="way" ref="974551794" role=""/>
  <member type="way" ref="1204837531" role=""/>
  <member type="way" ref="885892457" role=""/>
  <member type="way" ref="1242168118" role=""/>
  <member type="way" ref="973215956" role=""/>
  <member type="way" ref="599507486" role=""/>
  <member type="way" ref="599507487" role=""/>
  <member type="way" ref="599998773" role=""/>
  <member type="way" ref="595927172" role=""/>
  <member type="way" ref="954341844" role=""/>
  <member type="way" ref="954341843" role=""/>
  <member type="node" ref="8895739841" role="platform"/>
  <member type="node" ref="8900644420" role="platform_entry_only"/>
  <member type="node" ref="5059726290" role="platform"/>
  <tag k="charge" v="10000 VND"/>
  <tag k="colour" v="#27baff"/>
  <tag k="fee" v="yes"/>
  <tag k="from" v="Bến xe Nam Thăng Long"/>
  <tag k="interval" v="00:07-00:10"/>
  <tag k="name" v="Bến xe Nam Thăng Long - Bến xe Yên Nghĩa"/>
  <tag k="name:en" v="Nam Thang Long Bus Interchange - Yen Nghia Bus Station"/>
  <tag k="network" v="Hanoibus"/>
  <tag k="opening_hours" v="Mo-Su 05:00-21:35"/>
  <tag k="operator" v="Công ty cổ phần xe điện"/>
  <tag k="public_transport:version" v="2"/>
  <tag k="ref" v="27"/>
  <tag k="route" v="bus"/>
  <tag k="to" v="Bến xe Yên Nghĩa"/>
  <tag k="type" v="route"/>
 </relation>
 <relation id="12988256" visible="true" version="3" changeset="161517899" timestamp="2025-01-19T10:02:42Z" user="Lepuse" uid="9560399">
  <member type="node" ref="6544472082" role="stop"/>
  <member type="node" ref="6819506964" role="stop"/>
  <member type="way" ref="512285537" role=""/>
  <member type="way" ref="965224588" role="platform"/>
  <member type="way" ref="965224589" role="platform"/>
  <member type="node" ref="8929105049" role=""/>
  <member type="node" ref="8929105050" role=""/>
  <member type="node" ref="8929105051" role=""/>
  <member type="node" ref="11176220555" role=""/>
  <tag k="name" v="Phùng Khoang"/>
  <tag k="name:vi-Hani" v="馮珖"/>
  <tag k="name:zh" v="馮珖"/>
  <tag k="name:zh-Hans" v="冯珖"/>
  <tag k="name:zh-Hant" v="馮珖"/>
  <tag k="network" v="Hanoi Metro"/>
  <tag k="public_transport" v="stop_area"/>
  <tag k="type" v="public_transport"/>
 </relation>
 <relation id="12988257" visible="true" version="4" changeset="161517899" timestamp="2025-01-19T10:02:42Z" user="Lepuse" uid="9560399">
  <member type="way" ref="1196273478" role=""/>
  <member type="node" ref="6819506963" role="stop"/>
  <member type="node" ref="6544472083" role="stop"/>
  <member type="way" ref="965224590" role="platform"/>
  <member type="way" ref="1196273479" role="platform"/>
  <member type="node" ref="8929105056" role=""/>
  <member type="node" ref="8929105057" role=""/>
  <member type="node" ref="8929105059" role=""/>
  <member type="node" ref="8929105058" role=""/>
  <member type="node" ref="11176220556" role=""/>
  <tag k="name" v="Văn Quán"/>
  <tag k="name:vi-Hani" v="文館"/>
  <tag k="name:zh" v="文館"/>
  <tag k="name:zh-Hans" v="文馆"/>
  <tag k="name:zh-Hant" v="文館"/>
  <tag k="network" v="Hanoi Metro"/>
  <tag k="public_transport" v="stop_area"/>
  <tag k="type" v="public_transport"/>
 </relation>
 <relation id="12988258" visible="true" version="3" changeset="161517899" timestamp="2025-01-19T10:02:42Z" user="Lepuse" uid="9560399">
  <member type="node" ref="6544472084" role="stop"/>
  <member type="node" ref="6819506962" role="stop"/>
  <member type="way" ref="512285536" role=""/>
  <member type="way" ref="965224592" role="platform"/>
  <member type="way" ref="965224593" role="platform"/>
  <member type="node" ref="8929105065" role=""/>
  <member type="node" ref="8929105064" role=""/>
  <member type="node" ref="8929105067" role=""/>
  <member type="node" ref="8929105066" role=""/>
  <member type="node" ref="11176220557" role=""/>
  <tag k="name" v="Hà Đông"/>
  <tag k="name:vi-Hani" v="河東"/>
  <tag k="name:zh" v="河東"/>
  <tag k="name:zh-Hans" v="河东"/>
  <tag k="name:zh-Hant" v="河東"/>
  <tag k="network" v="Hanoi Metro"/>
  <tag k="public_transport" v="stop_area"/>
  <tag k="type" v="public_transport"/>
 </relation>
 <relation id="12988259" visible="true" version="3" changeset="161517899" timestamp="2025-01-19T10:02:42Z" user="Lepuse" uid="9560399">
  <member type="node" ref="6819506960" role="stop"/>
  <member type="node" ref="6819506961" role="stop"/>
  <member type="way" ref="512285535" role=""/>
  <member type="way" ref="965224595" role="platform"/>
  <member type="way" ref="965224594" role="platform"/>
  <member type="node" ref="8929105074" role=""/>
  <member type="node" ref="8929105073" role=""/>
  <member type="node" ref="8929105076" role=""/>
  <member type="node" ref="8929105075" role=""/>
  <member type="node" ref="11176220558" role=""/>
  <tag k="name" v="La Khê"/>
  <tag k="name:vi-Hani" v="羅溪"/>
  <tag k="name:zh" v="羅溪"/>
  <tag k="name:zh-Hans" v="罗溪"/>
  <tag k="name:zh-Hant" v="羅溪"/>
  <tag k="network" v="Hanoi Metro"/>
  <tag k="public_transport" v="stop_area"/>
  <tag k="type" v="public_transport"/>
 </relation>
 <relation id="12988260" visible="true" version="3" changeset="161517899" timestamp="2025-01-19T10:02:42Z" user="Lepuse" uid="9560399">
  <member type="way" ref="512285530" role=""/>
  <member type="way" ref="965224596" role="platform"/>
  <member type="way" ref="965224597" role="platform"/>
  <member type="node" ref="6544495085" role="stop"/>
  <member type="node" ref="6819506959" role="stop"/>
  <member type="node" ref="8929105082" role=""/>
  <member type="node" ref="8929105081" role=""/>
  <member type="node" ref="8929105083" role=""/>
  <member type="node" ref="8929105084" role=""/>
  <member type="node" ref="11176220559" role=""/>
  <tag k="name" v="Văn Khê"/>
  <tag k="name:vi-Hani" v="文溪"/>
  <tag k="name:zh" v="文溪"/>
  <tag k="name:zh-Hans" v="文溪"/>
  <tag k="name:zh-Hant" v="文溪"/>
  <tag k="network" v="Hanoi Metro"/>
  <tag k="public_transport" v="stop_area"/>
  <tag k="type" v="public_transport"/>
 </relation>
 <relation id="12988261" visible="true" version="3" changeset="161517899" timestamp="2025-01-19T10:02:42Z" user="Lepuse" uid="9560399">
  <member type="node" ref="5875623880" role="stop"/>
  <member type="node" ref="6819506958" role="stop"/>
  <member type="way" ref="512285534" role=""/>
  <member type="way" ref="965224600" role="platform"/>
  <member type="way" ref="965224598" role="platform"/>
  <member type="node" ref="8929105094" role=""/>
  <member type="node" ref="8929105095" role=""/>
  <member type="node" ref="8929105096" role=""/>
  <member type="node" ref="8929105097" role=""/>
  <member type="node" ref="11176220560" role=""/>
  <tag k="name" v="Yên Nghĩa"/>
  <tag k="name:vi-Hani" v="安義"/>
  <tag k="name:zh" v="安義"/>
  <tag k="name:zh-Hans" v="安义"/>
  <tag k="name:zh-Hant" v="安義"/>
  <tag k="network" v="Hanoi Metro"/>
  <tag k="public_transport" v="stop_area"/>
  <tag k="type" v="public_transport"/>
 </relation>
 <relation id="12991032" visible="true" version="90" changeset="179967402" timestamp="2026-03-16T19:06:44Z" user="ZioDragon" uid="13799024">
  <member type="node" ref="8770739152" role="platform"/>
  <member type="node" ref="10028987061" role="platform"/>
  <member type="node" ref="8813408799" role="platform"/>
  <member type="node" ref="8807115918" role="platform"/>
  <member type="node" ref="8927363856" role="platform"/>
  <member type="node" ref="7040031287" role="platform"/>
  <member type="node" ref="4570480399" role="platform"/>
  <member type="node" ref="5404990957" role="platform_exit_only"/>
  <member type="node" ref="10028987068" role="platform_entry_only"/>
  <member type="node" ref="8770739148" role="platform"/>
  <member type="node" ref="8770739149" role="platform"/>
  <member type="node" ref="8770739155" role="platform"/>
  <member type="node" ref="738814410" role="platform"/>
  <member type="node" ref="8813408801" role="platform"/>
  <member type="node" ref="738815462" role="platform"/>
  <member type="node" ref="8741294713" role="platform"/>
  <member type="way" ref="1001590477" role=""/>
  <member type="way" ref="490491340" role=""/>
  <member type="way" ref="490491339" role=""/>
  <member type="way" ref="1245590611" role=""/>
  <member type="way" ref="37378704" role=""/>
  <member type="way" ref="965041092" role=""/>
  <member type="way" ref="490491341" role=""/>
  <member type="way" ref="954183026" role=""/>
  <member type="way" ref="1241605223" role=""/>
  <member type="way" ref="965634316" role=""/>
  <member type="way" ref="965648765" role=""/>
  <member type="way" ref="965041072" role=""/>
  <member type="way" ref="372403782" role=""/>
  <member type="way" ref="1376086605" role=""/>
  <member type="way" ref="1376086604" role=""/>
  <member type="way" ref="965061472" role=""/>
  <member type="way" ref="372403783" role=""/>
  <member type="way" ref="965410957" role=""/>
  <member type="way" ref="965041075" role=""/>
  <member type="way" ref="965041080" role=""/>
  <member type="way" ref="1245590613" role=""/>
  <member type="way" ref="501182904" role=""/>
  <member type="way" ref="1458819760" role=""/>
  <member type="way" ref="965041081" role=""/>
  <member type="way" ref="1382445233" role=""/>
  <member type="way" ref="372403776" role=""/>
  <member type="way" ref="372403777" role=""/>
  <member type="way" ref="600485020" role=""/>
  <member type="way" ref="600485019" role=""/>
  <member type="way" ref="372403778" role=""/>
  <member type="way" ref="769781646" role=""/>
  <member type="way" ref="1280914002" role=""/>
  <member type="way" ref="1382445232" role=""/>
  <member type="way" ref="597133424" role=""/>
  <member type="way" ref="965408120" role=""/>
  <member type="way" ref="1245590611" role=""/>
  <member type="way" ref="37378704" role=""/>
  <member type="way" ref="10045075" role=""/>
  <member type="way" ref="37378892" role=""/>
  <member type="way" ref="965634314" role=""/>
  <member type="way" ref="965061469" role=""/>
  <member type="way" ref="954183023" role=""/>
  <member type="way" ref="1245590612" role=""/>
  <member type="way" ref="885892447" role=""/>
  <member type="way" ref="954705799" role=""/>
  <member type="way" ref="885892458" role=""/>
  <member type="way" ref="599998773" role=""/>
  <member type="way" ref="599507487" role=""/>
  <member type="way" ref="599507486" role=""/>
  <member type="way" ref="1421317097" role=""/>
  <member type="way" ref="885892449" role=""/>
  <member type="way" ref="1204837532" role=""/>
  <member type="way" ref="973485814" role=""/>
  <member type="way" ref="1327438661" role=""/>
  <member type="way" ref="208657329" role=""/>
  <member type="way" ref="973485815" role=""/>
  <member type="way" ref="965408116" role=""/>
  <member type="way" ref="940397011" role=""/>
  <member type="way" ref="1266442395" role=""/>
  <member type="way" ref="1266442398" role=""/>
  <member type="way" ref="940397010" role=""/>
  <member type="way" ref="955882982" role=""/>
  <member type="way" ref="344413426" role=""/>
  <member type="way" ref="220005742" role=""/>
  <member type="way" ref="616826561" role=""/>
  <member type="way" ref="955842629" role=""/>
  <member type="way" ref="1151248817" role=""/>
  <member type="way" ref="1307455571" role=""/>
  <member type="way" ref="1307455573" role=""/>
  <member type="way" ref="38020420" role=""/>
  <member type="way" ref="1318958371" role=""/>
  <member type="way" ref="1305064572" role=""/>
  <member type="way" ref="708941780" role=""/>
  <member type="way" ref="1109636291" role=""/>
  <member type="way" ref="1242183436" role=""/>
  <member type="way" ref="1109636297" role=""/>
  <member type="way" ref="710270798" role=""/>
  <member type="way" ref="710270797" role=""/>
  <member type="way" ref="1466411477" role=""/>
  <member type="way" ref="239370934" role=""/>
  <member type="way" ref="710332807" role=""/>
  <member type="way" ref="955882983" role=""/>
  <member type="way" ref="1198858980" role=""/>
  <member type="way" ref="709354466" role=""/>
  <member type="way" ref="945783774" role=""/>
  <member type="way" ref="961861931" role=""/>
  <member type="way" ref="702891549" role=""/>
  <member type="way" ref="702891548" role=""/>
  <member type="way" ref="264434802" role=""/>
  <member type="way" ref="948123045" role=""/>
  <member type="way" ref="116614142" role=""/>
  <member type="way" ref="1182476807" role=""/>
  <member type="way" ref="816861875" role=""/>
  <member type="way" ref="945783756" role=""/>
  <member type="way" ref="955201203" role=""/>
  <member type="way" ref="621139527" role=""/>
  <member type="way" ref="711367567" role=""/>
  <member type="way" ref="711367569" role=""/>
  <member type="way" ref="711367570" role=""/>
  <member type="way" ref="703110744" role=""/>
  <member type="way" ref="616838546" role=""/>
  <member type="way" ref="616838544" role=""/>
  <member type="way" ref="35978173" role=""/>
  <member type="way" ref="178098601" role=""/>
  <member type="way" ref="708658353" role=""/>
  <member type="way" ref="946030656" role=""/>
  <member type="way" ref="596710666" role=""/>
  <member type="way" ref="946030631" role=""/>
  <member type="way" ref="1257110006" role=""/>
  <member type="way" ref="136161769" role=""/>
  <member type="way" ref="709356405" role=""/>
  <member type="way" ref="890197305" role=""/>
  <member type="way" ref="596710686" role=""/>
  <member type="way" ref="136161771" role=""/>
  <member type="way" ref="709678324" role=""/>
  <member type="way" ref="709678322" role=""/>
  <member type="way" ref="35977789" role=""/>
  <member type="way" ref="711366276" role=""/>
  <member type="way" ref="711366275" role=""/>
  <member type="way" ref="705792493" role=""/>
  <member type="way" ref="600083161" role=""/>
  <member type="way" ref="600496934" role=""/>
  <member type="way" ref="709255818" role=""/>
  <member type="way" ref="709255817" role=""/>
  <member type="way" ref="600083158" role=""/>
  <member type="way" ref="709258514" role=""/>
  <member type="way" ref="709258512" role=""/>
  <member type="way" ref="38135679" role=""/>
  <member type="way" ref="707900589" role=""/>
  <member type="way" ref="701426448" role=""/>
  <member type="way" ref="962493733" role=""/>
  <member type="way" ref="38031007" role=""/>
  <member type="way" ref="1329311807" role=""/>
  <member type="way" ref="1121703581" role=""/>
  <member type="way" ref="605128435" role=""/>
  <member type="way" ref="1213248858" role=""/>
  <member type="way" ref="400124197" role=""/>
  <member type="way" ref="954542126" role=""/>
  <member type="way" ref="1121703585" role=""/>
  <member type="way" ref="886446125" role=""/>
  <member type="way" ref="886446126" role=""/>
  <member type="way" ref="704933930" role=""/>
  <member type="way" ref="1010846177" role=""/>
  <member type="way" ref="965992923" role=""/>
  <member type="way" ref="962177674" role=""/>
  <member type="way" ref="616545697" role=""/>
  <member type="way" ref="224441482" role=""/>
  <member type="way" ref="224441480" role=""/>
  <member type="way" ref="951487952" role=""/>
  <member type="way" ref="155925981" role=""/>
  <member type="way" ref="886446130" role=""/>
  <member type="way" ref="486370014" role=""/>
  <member type="way" ref="486370017" role=""/>
  <member type="way" ref="598756945" role=""/>
  <member type="way" ref="447623860" role=""/>
  <member type="way" ref="1448539082" role=""/>
  <member type="way" ref="702570330" role=""/>
  <member type="way" ref="1410881751" role=""/>
  <member type="way" ref="1448539081" role=""/>
  <member type="way" ref="703965597" role=""/>
  <member type="way" ref="1058963348" role=""/>
  <member type="way" ref="1410881752" role=""/>
  <member type="way" ref="1411066136" role=""/>
  <member type="way" ref="615692238" role=""/>
  <member type="way" ref="1448539084" role=""/>
  <member type="way" ref="1412957555" role=""/>
  <member type="way" ref="1448541699" role=""/>
  <member type="way" ref="1411067288" role=""/>
  <member type="way" ref="702571351" role=""/>
  <member type="way" ref="702815319" role=""/>
  <member type="way" ref="1448367798" role=""/>
  <member type="way" ref="1445492545" role=""/>
  <member type="way" ref="1411068938" role=""/>
  <member type="way" ref="1448545169" role=""/>
  <member type="way" ref="944122209" role=""/>
  <member type="way" ref="1448545170" role=""/>
  <member type="way" ref="1411069961" role=""/>
  <member type="way" ref="702815316" role=""/>
  <member type="way" ref="964879571" role=""/>
  <member type="way" ref="1448367788" role=""/>
  <member type="way" ref="1445492552" role=""/>
  <member type="way" ref="1448367790" role=""/>
  <member type="way" ref="333827554" role=""/>
  <member type="way" ref="1426152844" role=""/>
  <member type="way" ref="1445492557" role=""/>
  <member type="way" ref="1445492556" role=""/>
  <member type="way" ref="1412958335" role=""/>
  <member type="way" ref="1284795889" role=""/>
  <member type="way" ref="1120365421" role=""/>
  <member type="way" ref="1361116651" role=""/>
  <member type="way" ref="251794091" role=""/>
  <member type="way" ref="704984017" role=""/>
  <member type="way" ref="704984016" role=""/>
  <member type="way" ref="704984015" role=""/>
  <member type="way" ref="506335711" role=""/>
  <member type="way" ref="1008813937" role=""/>
  <member type="way" ref="895143471" role=""/>
  <member type="way" ref="529188251" role=""/>
  <member type="way" ref="894916671" role=""/>
  <member type="way" ref="529188250" role=""/>
  <member type="way" ref="330602528" role=""/>
  <member type="way" ref="420552606" role=""/>
  <member type="way" ref="740096342" role=""/>
  <member type="way" ref="1120342752" role=""/>
  <member type="way" ref="502809385" role=""/>
  <member type="way" ref="515118367" role=""/>
  <member type="way" ref="515118366" role=""/>
  <member type="way" ref="1120342753" role=""/>
  <member type="way" ref="515118390" role=""/>
  <member type="way" ref="1120342755" role=""/>
  <member type="way" ref="348279077" role=""/>
  <member type="way" ref="515118386" role=""/>
  <member type="way" ref="502208396" role=""/>
  <member type="way" ref="420552601" role=""/>
  <member type="way" ref="1181923850" role=""/>
  <member type="way" ref="1361116646" role=""/>
  <member type="way" ref="596788176" role=""/>
  <member type="way" ref="895143472" role=""/>
  <member type="way" ref="965703830" role=""/>
  <member type="way" ref="965703831" role=""/>
  <member type="way" ref="1239830453" role=""/>
  <member type="way" ref="965041069" role=""/>
  <member type="way" ref="965041070" role=""/>
  <member type="way" ref="966356794" role=""/>
  <member type="way" ref="965041071" role=""/>
  <member type="way" ref="1458819767" role=""/>
  <member type="way" ref="1412958871" role=""/>
  <tag k="charge" v="50000 VND"/>
  <tag k="colour" v="#f36928"/>
  <tag k="fee" v="yes"/>
  <tag k="from" v="Hà Đông"/>
  <tag k="interval" v="00:30"/>
  <tag k="name" v="Hà Đông (Bến xe Yên Nghĩa)  - Sân bay Nội Bài"/>
  <tag k="name:en" v="Yen Nghia Bus Station - Noi Bai International Airport"/>
  <tag k="network" v="Hanoibus"/>
  <tag k="opening_hours" v="Mo-Su 00:15-22:15"/>
  <tag k="operator" v="Xí nghiệp Xe buýt nhanh BRT Hà Nội"/>
  <tag k="public_transport:version" v="2"/>
  <tag k="ref" v="68"/>
  <tag k="route" v="bus"/>
  <tag k="to" v="Sân bay Nội Bài"/>
  <tag k="type" v="route"/>
 </relation>
 <relation id="12992621" visible="true" version="93" changeset="179967402" timestamp="2026-03-16T19:06:44Z" user="ZioDragon" uid="13799024">
  <member type="node" ref="5404990957" role="platform_entry_only"/>
  <member type="node" ref="8927363887" role="platform"/>
  <member type="node" ref="8927529643" role="platform"/>
  <member type="node" ref="8807115911" role="platform"/>
  <member type="node" ref="8813408792" role="platform"/>
  <member type="node" ref="444394752" role="platform"/>
  <member type="node" ref="444394979" role="platform"/>
  <member type="node" ref="444394950" role="platform"/>
  <member type="node" ref="8770675680" role="platform"/>
  <member type="node" ref="8741301518" role="platform"/>
  <member type="node" ref="738815241" role="platform"/>
  <member type="node" ref="8813408789" role="platform"/>
  <member type="node" ref="738813341" role="platform"/>
  <member type="node" ref="8770675682" role="platform"/>
  <member type="node" ref="8770675685" role="platform"/>
  <member type="node" ref="10028987068" role="platform_exit_only"/>
  <member type="way" ref="954183024" role=""/>
  <member type="way" ref="1458347190" role=""/>
  <member type="way" ref="37378700" role=""/>
  <member type="way" ref="334163421" role=""/>
  <member type="way" ref="1239880085" role=""/>
  <member type="way" ref="490491337" role=""/>
  <member type="way" ref="965556089" role=""/>
  <member type="way" ref="1458819758" role=""/>
  <member type="way" ref="965648762" role=""/>
  <member type="way" ref="965648764" role=""/>
  <member type="way" ref="965648765" role=""/>
  <member type="way" ref="965041072" role=""/>
  <member type="way" ref="372403782" role=""/>
  <member type="way" ref="1376086605" role=""/>
  <member type="way" ref="1376086604" role=""/>
  <member type="way" ref="501292506" role=""/>
  <member type="way" ref="501182907" role=""/>
  <member type="way" ref="965041074" role=""/>
  <member type="way" ref="965041073" role=""/>
  <member type="way" ref="965041086" role=""/>
  <member type="way" ref="1243235532" role=""/>
  <member type="way" ref="372403784" role=""/>
  <member type="way" ref="965041077" role=""/>
  <member type="way" ref="965419838" role=""/>
  <member type="way" ref="501182905" role=""/>
  <member type="way" ref="1245590610" role=""/>
  <member type="way" ref="965419840" role=""/>
  <member type="way" ref="965410958" role=""/>
  <member type="way" ref="501182899" role=""/>
  <member type="way" ref="372403777" role=""/>
  <member type="way" ref="600485020" role=""/>
  <member type="way" ref="600485019" role=""/>
  <member type="way" ref="372403778" role=""/>
  <member type="way" ref="769781646" role=""/>
  <member type="way" ref="597133371" role=""/>
  <member type="way" ref="1120342820" role=""/>
  <member type="way" ref="1239880087" role=""/>
  <member type="way" ref="965041089" role=""/>
  <member type="way" ref="1120342799" role=""/>
  <member type="way" ref="965041091" role=""/>
  <member type="way" ref="1120342810" role=""/>
  <member type="way" ref="966127166" role=""/>
  <member type="way" ref="1377779263" role=""/>
  <member type="way" ref="1377779262" role=""/>
  <member type="way" ref="1120342794" role=""/>
  <member type="way" ref="1120342792" role=""/>
  <member type="way" ref="1001590482" role=""/>
  <member type="way" ref="1120342790" role=""/>
  <member type="way" ref="1120342784" role=""/>
  <member type="way" ref="1120342785" role=""/>
  <member type="way" ref="1120342786" role=""/>
  <member type="way" ref="769781645" role=""/>
  <member type="way" ref="1280914001" role=""/>
  <member type="way" ref="1239830452" role=""/>
  <member type="way" ref="1120342767" role=""/>
  <member type="way" ref="1120342760" role=""/>
  <member type="way" ref="1120342759" role=""/>
  <member type="way" ref="965703828" role=""/>
  <member type="way" ref="596788182" role=""/>
  <member type="way" ref="596788174" role=""/>
  <member type="way" ref="420552603" role=""/>
  <member type="way" ref="1181923858" role=""/>
  <member type="way" ref="420552595" role=""/>
  <member type="way" ref="348279083" role=""/>
  <member type="way" ref="515118387" role=""/>
  <member type="way" ref="1120342756" role=""/>
  <member type="way" ref="515118391" role=""/>
  <member type="way" ref="1120342754" role=""/>
  <member type="way" ref="515118369" role=""/>
  <member type="way" ref="515118368" role=""/>
  <member type="way" ref="502809386" role=""/>
  <member type="way" ref="1120342751" role=""/>
  <member type="way" ref="348279086" role=""/>
  <member type="way" ref="740096341" role=""/>
  <member type="way" ref="420552611" role=""/>
  <member type="way" ref="529188249" role=""/>
  <member type="way" ref="529188248" role=""/>
  <member type="way" ref="1008813938" role=""/>
  <member type="way" ref="704999942" role=""/>
  <member type="way" ref="951487935" role=""/>
  <member type="way" ref="506335722" role=""/>
  <member type="way" ref="704995430" role=""/>
  <member type="way" ref="704995429" role=""/>
  <member type="way" ref="251794092" role=""/>
  <member type="way" ref="1382445974" role=""/>
  <member type="way" ref="1448552961" role=""/>
  <member type="way" ref="704675414" role=""/>
  <member type="way" ref="1448552962" role=""/>
  <member type="way" ref="1411070643" role=""/>
  <member type="way" ref="1239010655" role=""/>
  <member type="way" ref="1448552963" role=""/>
  <member type="way" ref="1411071314" role=""/>
  <member type="way" ref="1445478400" role=""/>
  <member type="way" ref="704675412" role=""/>
  <member type="way" ref="704675411" role=""/>
  <member type="way" ref="1411071316" role=""/>
  <member type="way" ref="1448555133" role=""/>
  <member type="way" ref="702806760" role=""/>
  <member type="way" ref="1411072209" role=""/>
  <member type="way" ref="702806759" role=""/>
  <member type="way" ref="980632900" role=""/>
  <member type="way" ref="1448367792" role=""/>
  <member type="way" ref="1448367794" role=""/>
  <member type="way" ref="1445478405" role=""/>
  <member type="way" ref="1445478405" role=""/>
  <member type="way" ref="1448367794" role=""/>
  <member type="way" ref="954341844" role=""/>
  <member type="way" ref="954341843" role=""/>
  <member type="way" ref="330357143" role=""/>
  <member type="way" ref="702806754" role=""/>
  <member type="way" ref="1448367796" role=""/>
  <member type="way" ref="1445478410" role=""/>
  <member type="way" ref="1058951229" role=""/>
  <member type="way" ref="1445478413" role=""/>
  <member type="way" ref="703961132" role=""/>
  <member type="way" ref="703961131" role=""/>
  <member type="way" ref="703965599" role=""/>
  <member type="way" ref="703976181" role=""/>
  <member type="way" ref="1411141087" role=""/>
  <member type="way" ref="615692217" role=""/>
  <member type="way" ref="486370016" role=""/>
  <member type="way" ref="703978561" role=""/>
  <member type="way" ref="964350828" role=""/>
  <member type="way" ref="492297083" role=""/>
  <member type="way" ref="964350838" role=""/>
  <member type="way" ref="400124203" role=""/>
  <member type="way" ref="965548422" role=""/>
  <member type="way" ref="1165593645" role=""/>
  <member type="way" ref="951487936" role=""/>
  <member type="way" ref="962177667" role=""/>
  <member type="way" ref="1010846167" role=""/>
  <member type="way" ref="616545698" role=""/>
  <member type="way" ref="1121703584" role=""/>
  <member type="way" ref="704933929" role=""/>
  <member type="way" ref="704938984" role=""/>
  <member type="way" ref="704938983" role=""/>
  <member type="way" ref="35972313" role=""/>
  <member type="way" ref="974551789" role=""/>
  <member type="way" ref="961685425" role=""/>
  <member type="way" ref="1121703580" role=""/>
  <member type="way" ref="704967125" role=""/>
  <member type="way" ref="704967126" role=""/>
  <member type="way" ref="711129810" role=""/>
  <member type="way" ref="701436151" role=""/>
  <member type="way" ref="704701608" role=""/>
  <member type="way" ref="701450363" role=""/>
  <member type="way" ref="711138888" role=""/>
  <member type="way" ref="711138887" role=""/>
  <member type="way" ref="707457431" role=""/>
  <member type="way" ref="711138885" role=""/>
  <member type="way" ref="711138886" role=""/>
  <member type="way" ref="707457430" role=""/>
  <member type="way" ref="707457429" role=""/>
  <member type="way" ref="59150924" role=""/>
  <member type="way" ref="809125943" role=""/>
  <member type="way" ref="705794896" role=""/>
  <member type="way" ref="600083153" role=""/>
  <member type="way" ref="208162320" role=""/>
  <member type="way" ref="705794897" role=""/>
  <member type="way" ref="711366277" role=""/>
  <member type="way" ref="600083145" role=""/>
  <member type="way" ref="711367345" role=""/>
  <member type="way" ref="1012665676" role=""/>
  <member type="way" ref="35972593" role=""/>
  <member type="way" ref="597543673" role=""/>
  <member type="way" ref="961861921" role=""/>
  <member type="way" ref="708649102" role=""/>
  <member type="way" ref="708649103" role=""/>
  <member type="way" ref="1393164065" role=""/>
  <member type="way" ref="616838547" role=""/>
  <member type="way" ref="954882991" role=""/>
  <member type="way" ref="1123561349" role=""/>
  <member type="way" ref="711367572" role=""/>
  <member type="way" ref="1123561350" role=""/>
  <member type="way" ref="711367571" role=""/>
  <member type="way" ref="711367568" role=""/>
  <member type="way" ref="945783757" role=""/>
  <member type="way" ref="955201202" role=""/>
  <member type="way" ref="106053500" role=""/>
  <member type="way" ref="948123043" role=""/>
  <member type="way" ref="1241122649" role=""/>
  <member type="way" ref="1182476806" role=""/>
  <member type="way" ref="711431923" role=""/>
  <member type="way" ref="929495373" role=""/>
  <member type="way" ref="814585068" role=""/>
  <member type="way" ref="709301564" role=""/>
  <member type="way" ref="945783773" role=""/>
  <member type="way" ref="702880302" role=""/>
  <member type="way" ref="399820831" role=""/>
  <member type="way" ref="711700503" role=""/>
  <member type="way" ref="457757021" role=""/>
  <member type="way" ref="1290144946" role=""/>
  <member type="way" ref="1466411476" role=""/>
  <member type="way" ref="239370942" role=""/>
  <member type="way" ref="974572935" role=""/>
  <member type="way" ref="1242183437" role=""/>
  <member type="way" ref="693652773" role=""/>
  <member type="way" ref="1305064571" role=""/>
  <member type="way" ref="1109636292" role=""/>
  <member type="way" ref="1335957666" role=""/>
  <member type="way" ref="1326204766" role=""/>
  <member type="way" ref="220005738" role=""/>
  <member type="way" ref="616826560" role=""/>
  <member type="way" ref="344413424" role=""/>
  <member type="way" ref="972911787" role=""/>
  <member type="way" ref="1266442397" role=""/>
  <member type="way" ref="1343935603" role=""/>
  <member type="way" ref="344413423" role=""/>
  <member type="way" ref="965548423" role=""/>
  <member type="way" ref="974551794" role=""/>
  <member type="way" ref="1204837531" role=""/>
  <member type="way" ref="885892457" role=""/>
  <member type="way" ref="1242168118" role=""/>
  <member type="way" ref="973215956" role=""/>
  <member type="way" ref="599507486" role=""/>
  <member type="way" ref="599507487" role=""/>
  <member type="way" ref="599998773" role=""/>
  <member type="way" ref="1445478414" role=""/>
  <tag k="charge" v="50000 VND"/>
  <tag k="colour" v="#f36928"/>
  <tag k="fee" v="yes"/>
  <tag k="from" v="Sân bay Nội Bài"/>
  <tag k="interval" v="00:30"/>
  <tag k="name" v="Sân bay Nội Bài - Hà Đông (Bến xe Yên Nghĩa)"/>
  <tag k="name:en" v="Noi Bai International Airport - Yen Nghia Bus Station"/>
  <tag k="network" v="Hanoibus"/>
  <tag k="opening_hours" v="Mo-Su 00:15-22:00"/>
  <tag k="operator" v="Xí nghiệp Xe buýt nhanh BRT Hà Nội"/>
  <tag k="public_transport:version" v="2"/>
  <tag k="ref" v="68"/>
  <tag k="route" v="bus"/>
  <tag k="to" v="Bến xe Yên Nghĩa"/>
  <tag k="type" v="route"/>
 </relation>
 <relation id="12992622" visible="true" version="4" changeset="173777355" timestamp="2025-10-26T01:29:46Z" user="edumiz624" uid="20881381">
  <member type="relation" ref="12991032" role=""/>
  <member type="relation" ref="12992621" role=""/>
  <tag k="name" v="Hà Đông (Bến xe Yên Nghĩa) ↔ Sân bay Nội Bài"/>
  <tag k="name:en" v="Yen Nghia Bus Station - Noi Bai International Airport"/>
  <tag k="network" v="Hanoibus"/>
  <tag k="operator" v="Xí nghiệp xe buýt nhanh BRT Hà Nội"/>
  <tag k="ref" v="68"/>
  <tag k="route_master" v="bus"/>
  <tag k="type" v="route_master"/>
 </relation>
 <relation id="13004747" visible="true" version="81" changeset="182105606" timestamp="2026-05-02T08:34:03Z" user="vietnam321" uid="11196308">
  <member type="node" ref="11684178762" role="platform_entry_only"/>
  <member type="node" ref="8205232235" role="platform"/>
  <member type="node" ref="8205232236" role="platform"/>
  <member type="node" ref="8895558431" role="platform"/>
  <member type="node" ref="738813681" role="platform"/>
  <member type="node" ref="10036774718" role="platform"/>
  <member type="node" ref="738813771" role="platform"/>
  <member type="node" ref="11527354914" role="platform"/>
  <member type="node" ref="7608990478" role="platform"/>
  <member type="node" ref="738815717" role="platform"/>
  <member type="node" ref="444394752" role="platform"/>
  <member type="node" ref="444395014" role="platform"/>
  <member type="node" ref="444394999" role="platform"/>
  <member type="node" ref="444394994" role="platform"/>
  <member type="node" ref="444394979" role="platform"/>
  <member type="node" ref="8770675677" role="platform"/>
  <member type="node" ref="444394956" role="platform"/>
  <member type="node" ref="444394950" role="platform"/>
  <member type="node" ref="8770675679" role="platform"/>
  <member type="node" ref="8770675680" role="platform"/>
  <member type="node" ref="8770675681" role="platform"/>
  <member type="node" ref="8770675682" role="platform"/>
  <member type="node" ref="8770675683" role="platform"/>
  <member type="node" ref="8770675684" role="platform"/>
  <member type="node" ref="8770675685" role="platform"/>
  <member type="node" ref="8770739141" role="platform"/>
  <member type="node" ref="8939177163" role="platform"/>
  <member type="node" ref="8770739142" role="platform"/>
  <member type="node" ref="8770739143" role="platform"/>
  <member type="node" ref="10028987068" role="platform_exit_only"/>
  <member type="way" ref="1290902314" role=""/>
  <member type="way" ref="1290902315" role=""/>
  <member type="way" ref="1094396493" role=""/>
  <member type="way" ref="955749998" role=""/>
  <member type="way" ref="1300236736" role=""/>
  <member type="way" ref="705794061" role=""/>
  <member type="way" ref="706502080" role=""/>
  <member type="way" ref="706503526" role=""/>
  <member type="way" ref="1377422706" role=""/>
  <member type="way" ref="1374079589" role=""/>
  <member type="way" ref="1258466935" role=""/>
  <member type="way" ref="613324910" role=""/>
  <member type="way" ref="705794058" role=""/>
  <member type="way" ref="37371054" role=""/>
  <member type="way" ref="1262815037" role=""/>
  <member type="way" ref="37371055" role=""/>
  <member type="way" ref="952211062" role=""/>
  <member type="way" ref="704595023" role=""/>
  <member type="way" ref="597550117" role=""/>
  <member type="way" ref="965574223" role=""/>
  <member type="way" ref="178102544" role=""/>
  <member type="way" ref="965574226" role=""/>
  <member type="way" ref="875229047" role=""/>
  <member type="way" ref="708964308" role=""/>
  <member type="way" ref="37370973" role=""/>
  <member type="way" ref="838425490" role=""/>
  <member type="way" ref="838425491" role=""/>
  <member type="way" ref="702919609" role=""/>
  <member type="way" ref="601455488" role=""/>
  <member type="way" ref="1333362367" role=""/>
  <member type="way" ref="399835468" role=""/>
  <member type="way" ref="1333362366" role=""/>
  <member type="way" ref="711052546" role=""/>
  <member type="way" ref="709665785" role=""/>
  <member type="way" ref="711085008" role=""/>
  <member type="way" ref="962177670" role=""/>
  <member type="way" ref="947077275" role=""/>
  <member type="way" ref="1136650312" role=""/>
  <member type="way" ref="1216159884" role=""/>
  <member type="way" ref="1136650311" role=""/>
  <member type="way" ref="1414558554" role=""/>
  <member type="way" ref="1216160206" role=""/>
  <member type="way" ref="37861980" role=""/>
  <member type="way" ref="945322274" role=""/>
  <member type="way" ref="1185723923" role=""/>
  <member type="way" ref="711031659" role=""/>
  <member type="way" ref="945322258" role=""/>
  <member type="way" ref="702927013" role=""/>
  <member type="way" ref="710286229" role=""/>
  <member type="way" ref="702927014" role=""/>
  <member type="way" ref="1186000755" role=""/>
  <member type="way" ref="164211258" role=""/>
  <member type="way" ref="1185723930" role=""/>
  <member type="way" ref="708581285" role=""/>
  <member type="way" ref="708576344" role=""/>
  <member type="way" ref="708576347" role=""/>
  <member type="way" ref="708614256" role=""/>
  <member type="way" ref="708573721" role=""/>
  <member type="way" ref="711404120" role=""/>
  <member type="way" ref="219977622" role=""/>
  <member type="way" ref="1012665674" role=""/>
  <member type="way" ref="875229039" role=""/>
  <member type="way" ref="875229038" role=""/>
  <member type="way" ref="1331204980" role=""/>
  <member type="way" ref="1240182988" role=""/>
  <member type="way" ref="946030631" role=""/>
  <member type="way" ref="1257110006" role=""/>
  <member type="way" ref="709356407" role=""/>
  <member type="way" ref="136161379" role=""/>
  <member type="way" ref="616838545" role=""/>
  <member type="way" ref="616838547" role=""/>
  <member type="way" ref="954882991" role=""/>
  <member type="way" ref="1123561349" role=""/>
  <member type="way" ref="711367572" role=""/>
  <member type="way" ref="1123561350" role=""/>
  <member type="way" ref="711367571" role=""/>
  <member type="way" ref="711367568" role=""/>
  <member type="way" ref="945783757" role=""/>
  <member type="way" ref="955201202" role=""/>
  <member type="way" ref="106053500" role=""/>
  <member type="way" ref="948123043" role=""/>
  <member type="way" ref="1241122649" role=""/>
  <member type="way" ref="1182476806" role=""/>
  <member type="way" ref="711431923" role=""/>
  <member type="way" ref="929495373" role=""/>
  <member type="way" ref="814585068" role=""/>
  <member type="way" ref="709301564" role=""/>
  <member type="way" ref="945783773" role=""/>
  <member type="way" ref="702880302" role=""/>
  <member type="way" ref="399820831" role=""/>
  <member type="way" ref="711700503" role=""/>
  <member type="way" ref="457757021" role=""/>
  <member type="way" ref="1290144946" role=""/>
  <member type="way" ref="1466411476" role=""/>
  <member type="way" ref="239370942" role=""/>
  <member type="way" ref="974572935" role=""/>
  <member type="way" ref="1242183437" role=""/>
  <member type="way" ref="693652773" role=""/>
  <member type="way" ref="1305064571" role=""/>
  <member type="way" ref="1109636292" role=""/>
  <member type="way" ref="1335957666" role=""/>
  <member type="way" ref="1326204766" role=""/>
  <member type="way" ref="220005738" role=""/>
  <member type="way" ref="616826560" role=""/>
  <member type="way" ref="344413424" role=""/>
  <member type="way" ref="972911787" role=""/>
  <member type="way" ref="1266442397" role=""/>
  <member type="way" ref="1343935603" role=""/>
  <member type="way" ref="344413423" role=""/>
  <member type="way" ref="965548423" role=""/>
  <member type="way" ref="974551794" role=""/>
  <member type="way" ref="1204837531" role=""/>
  <member type="way" ref="885892457" role=""/>
  <member type="way" ref="1242168118" role=""/>
  <member type="way" ref="973215956" role=""/>
  <member type="way" ref="599507486" role=""/>
  <member type="way" ref="599507487" role=""/>
  <member type="way" ref="599998773" role=""/>
  <member type="way" ref="595927172" role=""/>
  <member type="way" ref="954341844" role=""/>
  <member type="way" ref="954341843" role=""/>
  <tag k="charge" v="10000 VND"/>
  <tag k="colour" v="#9cdd31"/>
  <tag k="fee" v="yes"/>
  <tag k="from" v="Bến xe Giáp Bát"/>
  <tag k="interval" v="00:10-00:15"/>
  <tag k="name" v="Bến xe Giáp Bát - Bến xe Yên Nghĩa"/>
  <tag k="name:en" v="Giap Bat Bus Station - Yen Nghia Bus Station"/>
  <tag k="network" v="Hanoibus"/>
  <tag k="opening_hours" v="Mo-Su 05:00-21:30"/>
  <tag k="operator" v="Công ty CPVT &amp; DV Liên Ninh"/>
  <tag k="public_transport:version" v="2"/>
  <tag k="ref" v="21A"/>
  <tag k="route" v="bus"/>
  <tag k="to" v="Bến xe Yên Nghĩa"/>
  <tag k="type" v="route"/>
 </relation>
 <relation id="13004748" visible="true" version="62" changeset="183247213" timestamp="2026-05-27T09:58:41Z" user="Vmosnokia31" uid="23326231">
  <member type="node" ref="10028987068" role="platform_entry_only"/>
  <member type="node" ref="8770739144" role="platform"/>
  <member type="node" ref="8770739145" role="platform"/>
  <member type="node" ref="8770739146" role="platform"/>
  <member type="node" ref="8770739147" role="platform"/>
  <member type="node" ref="8770739148" role="platform"/>
  <member type="node" ref="8770739149" role="platform"/>
  <member type="node" ref="8770739150" role="platform"/>
  <member type="node" ref="8770739151" role="platform"/>
  <member type="node" ref="8770739152" role="platform"/>
  <member type="node" ref="8770739153" role="platform"/>
  <member type="node" ref="8846358794" role="platform"/>
  <member type="node" ref="8770739154" role="platform"/>
  <member type="node" ref="444394880" role="platform"/>
  <member type="node" ref="8770739155" role="platform"/>
  <member type="node" ref="8939177164" role="platform"/>
  <member type="node" ref="8770739156" role="platform"/>
  <member type="node" ref="738814455" role="platform"/>
  <member type="node" ref="444394809" role="platform"/>
  <member type="node" ref="444394790" role="platform"/>
  <member type="node" ref="738814410" role="platform"/>
  <member type="node" ref="8939177165" role="platform"/>
  <member type="node" ref="10028987061" role="platform"/>
  <member type="node" ref="7629327424" role="platform"/>
  <member type="node" ref="738814514" role="platform"/>
  <member type="node" ref="738815806" role="platform"/>
  <member type="node" ref="738814370" role="platform"/>
  <member type="node" ref="738815825" role="platform"/>
  <member type="node" ref="738815382" role="platform"/>
  <member type="node" ref="13636478744" role="platform"/>
  <member type="node" ref="13636478745" role="platform"/>
  <member type="node" ref="738813232" role="platform"/>
  <member type="node" ref="8813408796" role="platform"/>
  <member type="node" ref="8813408797" role="platform"/>
  <member type="node" ref="11684178762" role="platform_exit_only"/>
  <member type="way" ref="885892447" role=""/>
  <member type="way" ref="954705799" role=""/>
  <member type="way" ref="885892458" role=""/>
  <member type="way" ref="599998773" role=""/>
  <member type="way" ref="599507487" role=""/>
  <member type="way" ref="599507486" role=""/>
  <member type="way" ref="1421317097" role=""/>
  <member type="way" ref="885892449" role=""/>
  <member type="way" ref="1204837532" role=""/>
  <member type="way" ref="973485814" role=""/>
  <member type="way" ref="1327438661" role=""/>
  <member type="way" ref="208657329" role=""/>
  <member type="way" ref="973485815" role=""/>
  <member type="way" ref="965408116" role=""/>
  <member type="way" ref="940397011" role=""/>
  <member type="way" ref="1266442395" role=""/>
  <member type="way" ref="1266442398" role=""/>
  <member type="way" ref="940397010" role=""/>
  <member type="way" ref="955882982" role=""/>
  <member type="way" ref="344413426" role=""/>
  <member type="way" ref="220005742" role=""/>
  <member type="way" ref="616826561" role=""/>
  <member type="way" ref="955842629" role=""/>
  <member type="way" ref="1151248817" role=""/>
  <member type="way" ref="1307455571" role=""/>
  <member type="way" ref="1307455573" role=""/>
  <member type="way" ref="38020420" role=""/>
  <member type="way" ref="1318958371" role=""/>
  <member type="way" ref="1305064572" role=""/>
  <member type="way" ref="708941780" role=""/>
  <member type="way" ref="1109636291" role=""/>
  <member type="way" ref="1242183436" role=""/>
  <member type="way" ref="1109636297" role=""/>
  <member type="way" ref="710270798" role=""/>
  <member type="way" ref="710270797" role=""/>
  <member type="way" ref="1466411477" role=""/>
  <member type="way" ref="239370934" role=""/>
  <member type="way" ref="710332807" role=""/>
  <member type="way" ref="955882983" role=""/>
  <member type="way" ref="1198858980" role=""/>
  <member type="way" ref="709354466" role=""/>
  <member type="way" ref="945783774" role=""/>
  <member type="way" ref="961861931" role=""/>
  <member type="way" ref="702891549" role=""/>
  <member type="way" ref="702891548" role=""/>
  <member type="way" ref="264434802" role=""/>
  <member type="way" ref="948123045" role=""/>
  <member type="way" ref="116614142" role=""/>
  <member type="way" ref="1182476807" role=""/>
  <member type="way" ref="816861875" role=""/>
  <member type="way" ref="945783756" role=""/>
  <member type="way" ref="955201203" role=""/>
  <member type="way" ref="621139527" role=""/>
  <member type="way" ref="711367567" role=""/>
  <member type="way" ref="711367569" role=""/>
  <member type="way" ref="711367570" role=""/>
  <member type="way" ref="703110744" role=""/>
  <member type="way" ref="616838546" role=""/>
  <member type="way" ref="616838544" role=""/>
  <member type="way" ref="35978173" role=""/>
  <member type="way" ref="178098601" role=""/>
  <member type="way" ref="708658353" role=""/>
  <member type="way" ref="946030656" role=""/>
  <member type="way" ref="1204912790" role=""/>
  <member type="way" ref="684766065" role=""/>
  <member type="way" ref="946030657" role=""/>
  <member type="way" ref="9964551" role=""/>
  <member type="way" ref="708576351" role=""/>
  <member type="way" ref="708576350" role=""/>
  <member type="way" ref="708576345" role=""/>
  <member type="way" ref="708581287" role=""/>
  <member type="way" ref="178091734" role=""/>
  <member type="way" ref="1185723928" role=""/>
  <member type="way" ref="1185723929" role=""/>
  <member type="way" ref="708584851" role=""/>
  <member type="way" ref="708584848" role=""/>
  <member type="way" ref="596721704" role=""/>
  <member type="way" ref="164211021" role=""/>
  <member type="way" ref="702927012" role=""/>
  <member type="way" ref="702927011" role=""/>
  <member type="way" ref="711031661" role=""/>
  <member type="way" ref="1185723926" role=""/>
  <member type="way" ref="1185723924" role=""/>
  <member type="way" ref="945322274" role=""/>
  <member type="way" ref="37861980" role=""/>
  <member type="way" ref="1216160206" role=""/>
  <member type="way" ref="1414558554" role=""/>
  <member type="way" ref="1136650311" role=""/>
  <member type="way" ref="1216159884" role=""/>
  <member type="way" ref="1391732619" role=""/>
  <member type="way" ref="156006452" role=""/>
  <member type="way" ref="29313247" role=""/>
  <member type="way" ref="962177671" role=""/>
  <member type="way" ref="136258914" role=""/>
  <member type="way" ref="711379743" role=""/>
  <member type="way" ref="711379742" role=""/>
  <member type="way" ref="37370971" role=""/>
  <member type="way" ref="708964307" role=""/>
  <member type="way" ref="708964306" role=""/>
  <member type="way" ref="965574225" role=""/>
  <member type="way" ref="178102535" role=""/>
  <member type="way" ref="965574224" role=""/>
  <member type="way" ref="704595021" role=""/>
  <member type="way" ref="37370975" role=""/>
  <member type="way" ref="1339713739" role=""/>
  <member type="way" ref="37371052" role=""/>
  <member type="way" ref="705782098" role=""/>
  <member type="way" ref="957062224" role=""/>
  <member type="way" ref="926182259" role=""/>
  <member type="way" ref="705794060" role=""/>
  <member type="way" ref="705792272" role=""/>
  <member type="way" ref="1374079590" role=""/>
  <member type="way" ref="705792271" role=""/>
  <member type="way" ref="706502081" role=""/>
  <member type="way" ref="705812474" role=""/>
  <member type="way" ref="1300236737" role=""/>
  <member type="way" ref="1298906827" role=""/>
  <member type="way" ref="1390293016" role=""/>
  <member type="way" ref="705812470" role=""/>
  <member type="way" ref="705812469" role=""/>
  <member type="way" ref="223807109" role=""/>
  <member type="way" ref="703496255" role=""/>
  <member type="way" ref="705812473" role=""/>
  <member type="way" ref="945322271" role=""/>
  <member type="way" ref="599514302" role=""/>
  <member type="way" ref="1094396495" role=""/>
  <member type="way" ref="1290902313" role=""/>
  <member type="way" ref="955750000" role=""/>
  <tag k="charge" v="10000 VND"/>
  <tag k="colour" v="#9cdd31"/>
  <tag k="fee" v="yes"/>
  <tag k="from" v="Bến xe Yên Nghĩa"/>
  <tag k="interval" v="00:10-00:15"/>
  <tag k="name" v="Bến xe Yên Nghĩa - Bến xe Giáp Bát"/>
  <tag k="name:en" v="Yen Nghia Bus Station - Giap Bat Bus Station"/>
  <tag k="network" v="Hanoibus"/>
  <tag k="opening_hours" v="Mo-Su 05:00-21:35"/>
  <tag k="operator" v="Công ty CPVT &amp; DV Liên Ninh"/>
  <tag k="public_transport:version" v="2"/>
  <tag k="ref" v="21A"/>
  <tag k="route" v="bus"/>
  <tag k="to" v="Bến xe Giáp Bát"/>
  <tag k="type" v="route"/>
 </relation>
 <relation id="13004749" visible="true" version="2" changeset="148124004" timestamp="2024-03-02T09:56:45Z" user="edumiz624" uid="20881381">
  <member type="relation" ref="13004747" role=""/>
  <member type="relation" ref="13004748" role=""/>
  <tag k="name" v="Bến xe Giáp Bát ↔ Bến xe Yên Nghĩa"/>
  <tag k="name:en" v="Giap Bat Bus Station - Yen Nghia Bus Station"/>
  <tag k="network" v="Hanoibus"/>
  <tag k="operator" v="Công ty CPVT &amp; DV Liên Ninh"/>
  <tag k="ref" v="21A"/>
  <tag k="route_master" v="bus"/>
  <tag k="type" v="route_master"/>
 </relation>
 <relation id="13009891" visible="true" version="59" changeset="182628978" timestamp="2026-05-14T04:54:50Z" user="Hung Tran 9x0" uid="20910140">
  <member type="node" ref="10069898861" role="platform_entry_only"/>
  <member type="node" ref="481837228" role="platform"/>
  <member type="node" ref="8209169367" role="platform"/>
  <member type="node" ref="5321696621" role="platform"/>
  <member type="node" ref="8831817107" role="platform"/>
  <member type="node" ref="738813795" role="platform"/>
  <member type="node" ref="8920049617" role="platform"/>
  <member type="node" ref="738815690" role="platform"/>
  <member type="node" ref="8903312052" role="platform"/>
  <member type="node" ref="12078321346" role="platform"/>
  <member type="node" ref="8939177171" role="platform"/>
  <member type="node" ref="8939177172" role="platform"/>
  <member type="node" ref="444394994" role="platform"/>
  <member type="node" ref="444394979" role="platform"/>
  <member type="node" ref="8770675677" role="platform"/>
  <member type="node" ref="444394956" role="platform"/>
  <member type="node" ref="444394950" role="platform"/>
  <member type="node" ref="8770675678" role="platform"/>
  <member type="node" ref="738814236" role="platform"/>
  <member type="node" ref="8846358751" role="platform"/>
  <member type="node" ref="8944376754" role="platform"/>
  <member type="node" ref="8846358753" role="platform"/>
  <member type="node" ref="8943684257" role="platform"/>
  <member type="node" ref="8943684259" role="platform"/>
  <member type="node" ref="8943684261" role="platform"/>
  <member type="node" ref="8943684263" role="platform"/>
  <member type="node" ref="8943684265" role="platform"/>
  <member type="node" ref="8943684267" role="platform"/>
  <member type="node" ref="8943684268" role="platform_exit_only"/>
  <member type="way" ref="220694554" role=""/>
  <member type="way" ref="863663896" role=""/>
  <member type="way" ref="1239628945" role=""/>
  <member type="way" ref="948197333" role=""/>
  <member type="way" ref="769777579" role=""/>
  <member type="way" ref="769777578" role=""/>
  <member type="way" ref="943964886" role=""/>
  <member type="way" ref="627918373" role=""/>
  <member type="way" ref="706806966" role=""/>
  <member type="way" ref="627918374" role=""/>
  <member type="way" ref="847087478" role=""/>
  <member type="way" ref="1466377910" role=""/>
  <member type="way" ref="847087479" role=""/>
  <member type="way" ref="703219919" role=""/>
  <member type="way" ref="1361103008" role=""/>
  <member type="way" ref="702919019" role=""/>
  <member type="way" ref="221152166" role=""/>
  <member type="way" ref="703206412" role=""/>
  <member type="way" ref="618377254" role=""/>
  <member type="way" ref="10231118" role=""/>
  <member type="way" ref="965574227" role=""/>
  <member type="way" ref="769777582" role=""/>
  <member type="way" ref="702469513" role=""/>
  <member type="way" ref="37555727" role=""/>
  <member type="way" ref="705250832" role=""/>
  <member type="way" ref="701339681" role=""/>
  <member type="way" ref="944100710" role=""/>
  <member type="way" ref="701371239" role=""/>
  <member type="way" ref="946030644" role=""/>
  <member type="way" ref="597565388" role=""/>
  <member type="way" ref="769777576" role=""/>
  <member type="way" ref="220303927" role=""/>
  <member type="way" ref="769777575" role=""/>
  <member type="way" ref="1217929464" role=""/>
  <member type="way" ref="1217929839" role=""/>
  <member type="way" ref="37449529" role=""/>
  <member type="way" ref="28102768" role=""/>
  <member type="way" ref="598685446" role=""/>
  <member type="way" ref="946030646" role=""/>
  <member type="way" ref="399818717" role=""/>
  <member type="way" ref="1040753541" role=""/>
  <member type="way" ref="11553158" role=""/>
  <member type="way" ref="597600371" role=""/>
  <member type="way" ref="709730668" role=""/>
  <member type="way" ref="709730667" role=""/>
  <member type="way" ref="709730664" role=""/>
  <member type="way" ref="709730663" role=""/>
  <member type="way" ref="709734616" role=""/>
  <member type="way" ref="709734615" role=""/>
  <member type="way" ref="219867178" role=""/>
  <member type="way" ref="1240127121" role=""/>
  <member type="way" ref="962493731" role=""/>
  <member type="way" ref="954812793" role=""/>
  <member type="way" ref="37458956" role=""/>
  <member type="way" ref="703425765" role=""/>
  <member type="way" ref="1213535774" role=""/>
  <member type="way" ref="601885679" role=""/>
  <member type="way" ref="1213535597" role=""/>
  <member type="way" ref="1396737512" role=""/>
  <member type="way" ref="1368026127" role=""/>
  <member type="way" ref="599088007" role=""/>
  <member type="way" ref="946030652" role=""/>
  <member type="way" ref="706715111" role=""/>
  <member type="way" ref="946030653" role=""/>
  <member type="way" ref="1218947562" role=""/>
  <member type="way" ref="1218947565" role=""/>
  <member type="way" ref="1078449398" role=""/>
  <member type="way" ref="1218947563" role=""/>
  <member type="way" ref="28945482" role=""/>
  <member type="way" ref="711379959" role=""/>
  <member type="way" ref="707354680" role=""/>
  <member type="way" ref="966127178" role=""/>
  <member type="way" ref="967878666" role=""/>
  <member type="way" ref="1187545712" role=""/>
  <member type="way" ref="36084976" role=""/>
  <member type="way" ref="967878667" role=""/>
  <member type="way" ref="1297912943" role=""/>
  <member type="way" ref="707450932" role=""/>
  <member type="way" ref="36182665" role=""/>
  <member type="way" ref="964868042" role=""/>
  <member type="way" ref="964868041" role=""/>
  <member type="way" ref="164155835" role=""/>
  <member type="way" ref="707450927" role=""/>
  <member type="way" ref="707450930" role=""/>
  <member type="way" ref="962563315" role=""/>
  <member type="way" ref="28104356" role=""/>
  <member type="way" ref="1305487233" role=""/>
  <member type="way" ref="709289361" role=""/>
  <member type="way" ref="707463096" role=""/>
  <member type="way" ref="707463094" role=""/>
  <member type="way" ref="198254216" role=""/>
  <member type="way" ref="707463095" role=""/>
  <member type="way" ref="707463098" role=""/>
  <member type="way" ref="37876499" role=""/>
  <member type="way" ref="1012665662" role=""/>
  <member type="way" ref="1240408565" role=""/>
  <member type="way" ref="711526328" role=""/>
  <member type="way" ref="1139127114" role=""/>
  <member type="way" ref="710360126" role=""/>
  <member type="way" ref="1158361669" role=""/>
  <member type="way" ref="1100987653" role=""/>
  <member type="way" ref="1100995755" role=""/>
  <member type="way" ref="1215294415" role=""/>
  <member type="way" ref="974572937" role=""/>
  <member type="way" ref="898229727" role=""/>
  <member type="way" ref="974572939" role=""/>
  <member type="way" ref="709368692" role=""/>
  <member type="way" ref="1442409291" role=""/>
  <member type="way" ref="709368691" role=""/>
  <member type="way" ref="106053505" role=""/>
  <member type="way" ref="709368690" role=""/>
  <member type="way" ref="457741982" role=""/>
  <member type="way" ref="711700503" role=""/>
  <member type="way" ref="457757021" role=""/>
  <member type="way" ref="1290144946" role=""/>
  <member type="way" ref="1466411476" role=""/>
  <member type="way" ref="239370942" role=""/>
  <member type="way" ref="974572935" role=""/>
  <member type="way" ref="1242183437" role=""/>
  <member type="way" ref="693652773" role=""/>
  <member type="way" ref="1305064571" role=""/>
  <member type="way" ref="1109636292" role=""/>
  <member type="way" ref="1335957666" role=""/>
  <member type="way" ref="1326204766" role=""/>
  <member type="way" ref="600126505" role=""/>
  <member type="way" ref="11858869" role=""/>
  <member type="way" ref="1228974284" role=""/>
  <member type="way" ref="1228974287" role=""/>
  <member type="way" ref="1242183430" role=""/>
  <member type="way" ref="599508333" role=""/>
  <member type="way" ref="1417166741" role=""/>
  <member type="way" ref="1417166740" role=""/>
  <member type="way" ref="599518218" role=""/>
  <member type="way" ref="599518215" role=""/>
  <member type="way" ref="37926684" role=""/>
  <member type="way" ref="251944455" role=""/>
  <member type="way" ref="966693601" role=""/>
  <member type="way" ref="966693602" role=""/>
  <member type="way" ref="966693603" role=""/>
  <member type="way" ref="208808739" role=""/>
  <member type="way" ref="966693605" role=""/>
  <member type="way" ref="1373569362" role=""/>
  <member type="way" ref="1277765301" role=""/>
  <member type="way" ref="595927283" role=""/>
  <member type="node" ref="11294871988" role="platform"/>
  <member type="node" ref="738813654" role="platform"/>
  <member type="node" ref="8757875260" role="platform"/>
  <member type="node" ref="13697655695" role="platform"/>
  <member type="node" ref="738815734" role="platform"/>
  <member type="node" ref="9342635874" role="platform"/>
  <member type="node" ref="9342635856" role="platform"/>
  <member type="node" ref="8829926856" role="platform"/>
  <tag k="charge" v="10000 VND"/>
  <tag k="colour" v="#27baff"/>
  <tag k="fee" v="yes"/>
  <tag k="from" v="Bến xe Gia Lâm"/>
  <tag k="interval" v="00:10-00:12"/>
  <tag k="name" v="Bến xe Gia Lâm - Khu đô thị Kiến Hưng"/>
  <tag k="name:en" v="Gia Lam Bus Station - Kien Hung Urban Area"/>
  <tag k="network" v="Hanoibus"/>
  <tag k="opening_hours" v="Mo-Su 05:00-22:05"/>
  <tag k="operator" v="Xí nghiệp xe Buýt Cầu Bươu"/>
  <tag k="public_transport:version" v="2"/>
  <tag k="ref" v="22A"/>
  <tag k="route" v="bus"/>
  <tag k="to" v="Khu đô thị Kiến Hưng"/>
  <tag k="type" v="route"/>
 </relation>
 <relation id="13009892" visible="true" version="52" changeset="182628978" timestamp="2026-05-14T04:54:50Z" user="Hung Tran 9x0" uid="20910140">
  <member type="node" ref="738815727" role="platform"/>
  <member type="node" ref="8903312084" role="platform"/>
  <member type="node" ref="8920049636" role="platform"/>
  <member type="node" ref="738814318" role="platform"/>
  <member type="node" ref="738813955" role="platform"/>
  <member type="node" ref="738813402" role="platform"/>
  <member type="node" ref="8209169360" role="platform"/>
  <member type="node" ref="8209169361" role="platform"/>
  <member type="node" ref="10069898861" role="platform_exit_only"/>
  <member type="node" ref="738815693" role="platform"/>
  <member type="node" ref="8943684268" role="platform_entry_only"/>
  <member type="node" ref="8943684269" role="platform"/>
  <member type="node" ref="8943684266" role="platform"/>
  <member type="node" ref="8943684264" role="platform"/>
  <member type="node" ref="8943684262" role="platform"/>
  <member type="node" ref="8943684260" role="platform"/>
  <member type="node" ref="8846358791" role="platform"/>
  <member type="node" ref="8846358752" role="platform"/>
  <member type="node" ref="8846358793" role="platform"/>
  <member type="node" ref="738814732" role="platform"/>
  <member type="node" ref="8770739153" role="platform"/>
  <member type="node" ref="8846358794" role="platform"/>
  <member type="node" ref="8770739154" role="platform"/>
  <member type="node" ref="444394880" role="platform"/>
  <member type="node" ref="8770739155" role="platform"/>
  <member type="node" ref="8939177164" role="platform"/>
  <member type="node" ref="8770739156" role="platform"/>
  <member type="node" ref="738814455" role="platform"/>
  <member type="node" ref="444394809" role="platform"/>
  <member type="node" ref="8939177168" role="platform"/>
  <member type="node" ref="8939177169" role="platform"/>
  <member type="way" ref="595927283" role=""/>
  <member type="way" ref="1277765300" role=""/>
  <member type="way" ref="966693605" role=""/>
  <member type="way" ref="208808739" role=""/>
  <member type="way" ref="966693603" role=""/>
  <member type="way" ref="707866395" role=""/>
  <member type="way" ref="251944461" role=""/>
  <member type="way" ref="707866392" role=""/>
  <member type="way" ref="707866391" role=""/>
  <member type="way" ref="208808785" role=""/>
  <member type="way" ref="966693597" role=""/>
  <member type="way" ref="599518217" role=""/>
  <member type="way" ref="707866380" role=""/>
  <member type="way" ref="966693596" role=""/>
  <member type="way" ref="1417166740" role=""/>
  <member type="way" ref="1417166741" role=""/>
  <member type="way" ref="599508333" role=""/>
  <member type="way" ref="1242183430" role=""/>
  <member type="way" ref="600487186" role=""/>
  <member type="way" ref="1258538394" role=""/>
  <member type="way" ref="1307455575" role=""/>
  <member type="way" ref="220005736" role=""/>
  <member type="way" ref="1307455574" role=""/>
  <member type="way" ref="708569810" role=""/>
  <member type="way" ref="344408606" role=""/>
  <member type="way" ref="1307455571" role=""/>
  <member type="way" ref="1307455573" role=""/>
  <member type="way" ref="38020420" role=""/>
  <member type="way" ref="1318958371" role=""/>
  <member type="way" ref="1305064572" role=""/>
  <member type="way" ref="708941780" role=""/>
  <member type="way" ref="1109636291" role=""/>
  <member type="way" ref="1242183436" role=""/>
  <member type="way" ref="1109636297" role=""/>
  <member type="way" ref="710270798" role=""/>
  <member type="way" ref="710270797" role=""/>
  <member type="way" ref="1466411477" role=""/>
  <member type="way" ref="239370934" role=""/>
  <member type="way" ref="710332807" role=""/>
  <member type="way" ref="955882983" role=""/>
  <member type="way" ref="1198858980" role=""/>
  <member type="way" ref="709354466" role=""/>
  <member type="way" ref="702880303" role=""/>
  <member type="way" ref="702880301" role=""/>
  <member type="way" ref="709767944" role=""/>
  <member type="way" ref="1442409289" role=""/>
  <member type="way" ref="1442409290" role=""/>
  <member type="way" ref="397241050" role=""/>
  <member type="way" ref="1267006258" role=""/>
  <member type="way" ref="974572940" role=""/>
  <member type="way" ref="457988687" role=""/>
  <member type="way" ref="844948731" role=""/>
  <member type="way" ref="1100987654" role=""/>
  <member type="way" ref="710360128" role=""/>
  <member type="way" ref="1139127115" role=""/>
  <member type="way" ref="710360127" role=""/>
  <member type="way" ref="711526326" role=""/>
  <member type="way" ref="954885541" role=""/>
  <member type="way" ref="37877893" role=""/>
  <member type="way" ref="198254217" role=""/>
  <member type="way" ref="707463095" role=""/>
  <member type="way" ref="198254216" role=""/>
  <member type="way" ref="707463094" role=""/>
  <member type="way" ref="707463097" role=""/>
  <member type="way" ref="707812019" role=""/>
  <member type="way" ref="1305487234" role=""/>
  <member type="way" ref="946030633" role=""/>
  <member type="way" ref="707450929" role=""/>
  <member type="way" ref="707450927" role=""/>
  <member type="way" ref="707450928" role=""/>
  <member type="way" ref="707087633" role=""/>
  <member type="way" ref="964868044" role=""/>
  <member type="way" ref="707087632" role=""/>
  <member type="way" ref="37906058" role=""/>
  <member type="way" ref="964868045" role=""/>
  <member type="way" ref="1240127119" role=""/>
  <member type="way" ref="37734136" role=""/>
  <member type="way" ref="967878665" role=""/>
  <member type="way" ref="966127180" role=""/>
  <member type="way" ref="711531410" role=""/>
  <member type="way" ref="711379961" role=""/>
  <member type="way" ref="711710155" role=""/>
  <member type="way" ref="707345852" role=""/>
  <member type="way" ref="11008413" role=""/>
  <member type="way" ref="706798106" role=""/>
  <member type="way" ref="946030653" role=""/>
  <member type="way" ref="946030654" role=""/>
  <member type="way" ref="946030654" role=""/>
  <member type="way" ref="946030653" role=""/>
  <member type="way" ref="706798106" role=""/>
  <member type="way" ref="962177668" role=""/>
  <member type="way" ref="962177668" role=""/>
  <member type="way" ref="408761980" role=""/>
  <member type="way" ref="711776732" role=""/>
  <member type="way" ref="708514872" role=""/>
  <member type="way" ref="708514873" role=""/>
  <member type="way" ref="962493749" role=""/>
  <member type="way" ref="1305278385" role=""/>
  <member type="way" ref="1277728732" role=""/>
  <member type="way" ref="1240408552" role=""/>
  <member type="way" ref="1304444844" role=""/>
  <member type="way" ref="86164258" role=""/>
  <member type="way" ref="709734613" role=""/>
  <member type="way" ref="709734614" role=""/>
  <member type="way" ref="709730661" role=""/>
  <member type="way" ref="709730662" role=""/>
  <member type="way" ref="709730665" role=""/>
  <member type="way" ref="709730666" role=""/>
  <member type="way" ref="1040451791" role=""/>
  <member type="way" ref="1040451792" role=""/>
  <member type="way" ref="708918485" role=""/>
  <member type="way" ref="946030648" role=""/>
  <member type="way" ref="946030647" role=""/>
  <member type="way" ref="946030635" role=""/>
  <member type="way" ref="514641121" role=""/>
  <member type="way" ref="37449529" role=""/>
  <member type="way" ref="1217929839" role=""/>
  <member type="way" ref="1217929464" role=""/>
  <member type="way" ref="703199102" role=""/>
  <member type="way" ref="701454823" role=""/>
  <member type="way" ref="703199100" role=""/>
  <member type="way" ref="1203971796" role=""/>
  <member type="way" ref="292907006" role=""/>
  <member type="way" ref="702469511" role=""/>
  <member type="way" ref="702469512" role=""/>
  <member type="way" ref="1374192213" role=""/>
  <member type="way" ref="1230498759" role=""/>
  <member type="way" ref="943964875" role=""/>
  <member type="way" ref="965574228" role=""/>
  <member type="way" ref="10231922" role=""/>
  <member type="way" ref="618377256" role=""/>
  <member type="way" ref="618377255" role=""/>
  <member type="way" ref="703204202" role=""/>
  <member type="way" ref="703206412" role=""/>
  <member type="way" ref="221152166" role=""/>
  <member type="way" ref="221152167" role=""/>
  <member type="way" ref="750372172" role=""/>
  <member type="way" ref="1361103007" role=""/>
  <member type="way" ref="706716343" role=""/>
  <member type="way" ref="709019889" role=""/>
  <member type="way" ref="706716339" role=""/>
  <member type="way" ref="706716338" role=""/>
  <member type="way" ref="709349569" role=""/>
  <member type="way" ref="709349568" role=""/>
  <member type="way" ref="710256420" role=""/>
  <member type="way" ref="627919886" role=""/>
  <member type="way" ref="709719738" role=""/>
  <member type="way" ref="710073333" role=""/>
  <member type="way" ref="948197333" role=""/>
  <member type="way" ref="1239628945" role=""/>
  <member type="way" ref="36726830" role=""/>
  <member type="way" ref="948197334" role=""/>
  <member type="way" ref="961664399" role=""/>
  <member type="node" ref="738813826" role="platform"/>
  <member type="node" ref="9342635857" role="platform"/>
  <member type="node" ref="9342635858" role="platform"/>
  <member type="node" ref="8903312081" role="platform"/>
  <member type="node" ref="8757875253" role="platform"/>
  <member type="node" ref="738814544" role="platform"/>
  <member type="node" ref="738815121" role="platform"/>
  <member type="node" ref="11519318248" role="platform"/>
  <tag k="charge" v="10000 VND"/>
  <tag k="colour" v="#27baff"/>
  <tag k="fee" v="yes"/>
  <tag k="from" v="Khu đô thị Kiến Hưng"/>
  <tag k="interval" v="00:10-00:12"/>
  <tag k="name" v="Khu đô thị Kiến Hưng - Bến xe Gia Lâm"/>
  <tag k="name:en" v="Kien Hung Urban Area - Gia Lam Bus Station"/>
  <tag k="network" v="Hanoibus"/>
  <tag k="opening_hours" v="Mo-Su 05:00-22:05"/>
  <tag k="operator" v="Xí nghiệp xe Buýt Cầu Bươu"/>
  <tag k="public_transport:version" v="2"/>
  <tag k="ref" v="22A"/>
  <tag k="route" v="bus"/>
  <tag k="to" v="Bến xe Gia Lâm"/>
  <tag k="type" v="route"/>
 </relation>
 <relation id="13009893" visible="true" version="3" changeset="164355411" timestamp="2025-04-01T03:45:04Z" user="edumiz624" uid="20881381">
  <member type="relation" ref="13009891" role=""/>
  <member type="relation" ref="13009892" role=""/>
  <tag k="name" v="Bến xe Gia Lâm ↔ Khu đô thị Kiến Hưng"/>
  <tag k="name:en" v="Gia Lam Bus Station - Kien Hung Urban Area"/>
  <tag k="network" v="Hanoibus"/>
  <tag k="operator" v="Xí nghiệp xe Buýt Cầu Bươu"/>
  <tag k="ref" v="22A"/>
  <tag k="route_master" v="bus"/>
  <tag k="type" v="route_master"/>
 </relation>
 <relation id="13009894" visible="true" version="40" changeset="180704615" timestamp="2026-04-01T07:09:15Z" user="edumiz624" uid="20881381">
  <member type="node" ref="11968782793" role="platform_entry_only"/>
  <member type="node" ref="738814324" role="platform"/>
  <member type="node" ref="738813337" role="platform"/>
  <member type="node" ref="738814832" role="platform"/>
  <member type="node" ref="8236303286" role="platform"/>
  <member type="node" ref="8845983480" role="platform"/>
  <member type="node" ref="8845983481" role="platform"/>
  <member type="node" ref="8845983482" role="platform"/>
  <member type="node" ref="8845983483" role="platform"/>
  <member type="node" ref="8845983484" role="platform"/>
  <member type="node" ref="444394994" role="platform"/>
  <member type="node" ref="444394979" role="platform"/>
  <member type="node" ref="8770675677" role="platform"/>
  <member type="node" ref="444394956" role="platform"/>
  <member type="node" ref="444394950" role="platform"/>
  <member type="node" ref="8770675678" role="platform"/>
  <member type="node" ref="8770675679" role="platform"/>
  <member type="node" ref="8845983485" role="platform"/>
  <member type="node" ref="8845983486" role="platform"/>
  <member type="node" ref="8845983487" role="platform"/>
  <member type="node" ref="8845983488" role="platform"/>
  <member type="node" ref="8845983489" role="platform"/>
  <member type="node" ref="8845983490" role="platform"/>
  <member type="node" ref="8845983491" role="platform"/>
  <member type="node" ref="8845983492" role="platform"/>
  <member type="node" ref="8845983493" role="platform"/>
  <member type="node" ref="8845983494" role="platform"/>
  <member type="node" ref="8944376751" role="platform"/>
  <member type="node" ref="8944376752" role="platform"/>
  <member type="node" ref="12717509081" role="platform_exit_only"/>
  <member type="way" ref="955750000" role=""/>
  <member type="way" ref="1290902314" role=""/>
  <member type="way" ref="1290902315" role=""/>
  <member type="way" ref="1094396493" role=""/>
  <member type="way" ref="955749998" role=""/>
  <member type="way" ref="1298906824" role=""/>
  <member type="way" ref="1298906827" role=""/>
  <member type="way" ref="1390293016" role=""/>
  <member type="way" ref="705812470" role=""/>
  <member type="way" ref="705812469" role=""/>
  <member type="way" ref="37371053" role=""/>
  <member type="way" ref="1301686342" role=""/>
  <member type="way" ref="809463692" role=""/>
  <member type="way" ref="953158804" role=""/>
  <member type="way" ref="953158805" role=""/>
  <member type="way" ref="954882988" role=""/>
  <member type="way" ref="251941419" role=""/>
  <member type="way" ref="1465787847" role=""/>
  <member type="way" ref="1053943228" role=""/>
  <member type="way" ref="954882989" role=""/>
  <member type="way" ref="106112628" role=""/>
  <member type="way" ref="1227978411" role=""/>
  <member type="way" ref="1472390235" role=""/>
  <member type="way" ref="1381161254" role=""/>
  <member type="way" ref="600485835" role=""/>
  <member type="way" ref="600485834" role=""/>
  <member type="way" ref="570582401" role=""/>
  <member type="way" ref="703452750" role=""/>
  <member type="way" ref="703452749" role=""/>
  <member type="way" ref="374529795" role=""/>
  <member type="way" ref="241572102" role=""/>
  <member type="way" ref="701392349" role=""/>
  <member type="way" ref="701392350" role=""/>
  <member type="way" ref="701427379" role=""/>
  <member type="way" ref="701427380" role=""/>
  <member type="way" ref="702872000" role=""/>
  <member type="way" ref="702813310" role=""/>
  <member type="way" ref="702813309" role=""/>
  <member type="way" ref="702813306" role=""/>
  <member type="way" ref="702848697" role=""/>
  <member type="way" ref="439088446" role=""/>
  <member type="way" ref="702880304" role=""/>
  <member type="way" ref="702848696" role=""/>
  <member type="way" ref="961861930" role=""/>
  <member type="way" ref="702880303" role=""/>
  <member type="way" ref="702880302" role=""/>
  <member type="way" ref="399820831" role=""/>
  <member type="way" ref="711700503" role=""/>
  <member type="way" ref="457757021" role=""/>
  <member type="way" ref="1290144946" role=""/>
  <member type="way" ref="1466411476" role=""/>
  <member type="way" ref="239370942" role=""/>
  <member type="way" ref="974572935" role=""/>
  <member type="way" ref="1242183437" role=""/>
  <member type="way" ref="693652773" role=""/>
  <member type="way" ref="1305064571" role=""/>
  <member type="way" ref="1109636292" role=""/>
  <member type="way" ref="1335957666" role=""/>
  <member type="way" ref="1326204766" role=""/>
  <member type="way" ref="220005738" role=""/>
  <member type="way" ref="616826560" role=""/>
  <member type="way" ref="344413424" role=""/>
  <member type="way" ref="344413323" role=""/>
  <member type="way" ref="1254786896" role=""/>
  <member type="way" ref="344411389" role=""/>
  <member type="way" ref="709779713" role=""/>
  <member type="way" ref="687216053" role=""/>
  <member type="way" ref="1240199928" role=""/>
  <member type="way" ref="955805192" role=""/>
  <member type="way" ref="756588020" role=""/>
  <member type="way" ref="709781969" role=""/>
  <member type="way" ref="709781970" role=""/>
  <member type="way" ref="709681294" role=""/>
  <member type="way" ref="1427960775" role=""/>
  <member type="way" ref="709681295" role=""/>
  <member type="way" ref="709676993" role=""/>
  <member type="way" ref="1209721204" role=""/>
  <member type="way" ref="1209721205" role=""/>
  <member type="way" ref="709676994" role=""/>
  <member type="way" ref="709676998" role=""/>
  <member type="way" ref="709676997" role=""/>
  <member type="way" ref="406325505" role=""/>
  <member type="way" ref="709681291" role=""/>
  <member type="way" ref="709681290" role=""/>
  <member type="way" ref="406325512" role=""/>
  <member type="way" ref="1105712689" role=""/>
  <member type="way" ref="974086958" role=""/>
  <member type="way" ref="157665744" role=""/>
  <member type="way" ref="974086959" role=""/>
  <member type="way" ref="157665745" role=""/>
  <member type="way" ref="955882977" role=""/>
  <member type="way" ref="955882978" role=""/>
  <member type="way" ref="955805194" role=""/>
  <member type="way" ref="251931733" role=""/>
  <member type="way" ref="251931741" role=""/>
  <member type="way" ref="670059083" role=""/>
  <member type="way" ref="670059095" role=""/>
  <member type="way" ref="1373569364" role=""/>
  <member type="way" ref="595927134" role=""/>
  <member type="node" ref="4421384524" role="platform"/>
  <member type="node" ref="8821681975" role="platform"/>
  <tag k="charge" v="10000 VND"/>
  <tag k="colour" v="#27baff"/>
  <tag k="fee" v="yes"/>
  <tag k="from" v="Bến xe Giáp Bát"/>
  <tag k="interval" v="00:25-00:26"/>
  <tag k="name" v="Bến xe Giáp Bát - Đô Nghĩa (Hà Đông)"/>
  <tag k="name:en" v="Giap Bat Bus Station - Do Nghia (Ha Dong District)"/>
  <tag k="network" v="Hanoibus"/>
  <tag k="opening_hours" v="Mo-Su 05:00-21:45"/>
  <tag k="operator" v="Xí nghiệp xe Buýt Cầu Bươu"/>
  <tag k="public_transport:version" v="2"/>
  <tag k="ref" v="22B"/>
  <tag k="route" v="bus"/>
  <tag k="to" v="Đô Nghĩa (Hà Đông)"/>
  <tag k="type" v="route"/>
 </relation>
 <relation id="13009895" visible="true" version="39" changeset="183249285" timestamp="2026-05-27T10:48:05Z" user="Vmosnokia31" uid="23326231">
  <member type="node" ref="12717509081" role="platform_entry_only"/>
  <member type="node" ref="8943744747" role="platform"/>
  <member type="node" ref="8846689632" role="platform"/>
  <member type="node" ref="8846689633" role="platform"/>
  <member type="node" ref="8846689634" role="platform"/>
  <member type="node" ref="8846689635" role="platform"/>
  <member type="node" ref="8846689636" role="platform"/>
  <member type="node" ref="8846689637" role="platform"/>
  <member type="node" ref="8846689638" role="platform"/>
  <member type="node" ref="8846689639" role="platform"/>
  <member type="node" ref="8846689640" role="platform"/>
  <member type="node" ref="8846689641" role="platform"/>
  <member type="node" ref="8770739153" role="platform"/>
  <member type="node" ref="8846358794" role="platform"/>
  <member type="node" ref="8770739154" role="platform"/>
  <member type="node" ref="444394880" role="platform"/>
  <member type="node" ref="8770739155" role="platform"/>
  <member type="node" ref="8939177164" role="platform"/>
  <member type="node" ref="8770739156" role="platform"/>
  <member type="node" ref="738814455" role="platform"/>
  <member type="node" ref="444394809" role="platform"/>
  <member type="node" ref="8846689642" role="platform"/>
  <member type="node" ref="8846689643" role="platform"/>
  <member type="node" ref="8846689644" role="platform"/>
  <member type="node" ref="8846689645" role="platform"/>
  <member type="node" ref="8846689646" role="platform"/>
  <member type="node" ref="738814966" role="platform"/>
  <member type="node" ref="8829926857" role="platform"/>
  <member type="node" ref="8829926858" role="platform"/>
  <member type="node" ref="1755811863" role="platform"/>
  <member type="node" ref="11968782793" role="platform_exit_only"/>
  <member type="node" ref="13159384054" role="platform"/>
  <member type="way" ref="595927134" role=""/>
  <member type="way" ref="1373569364" role=""/>
  <member type="way" ref="251931738" role=""/>
  <member type="way" ref="670059074" role=""/>
  <member type="way" ref="670059101" role=""/>
  <member type="way" ref="251931730" role=""/>
  <member type="way" ref="251931756" role=""/>
  <member type="way" ref="955882979" role=""/>
  <member type="way" ref="670059104" role=""/>
  <member type="way" ref="955882980" role=""/>
  <member type="way" ref="885892456" role=""/>
  <member type="way" ref="885892450" role=""/>
  <member type="way" ref="709681288" role=""/>
  <member type="way" ref="500044376" role=""/>
  <member type="way" ref="709676996" role=""/>
  <member type="way" ref="709676995" role=""/>
  <member type="way" ref="709676992" role=""/>
  <member type="way" ref="709676991" role=""/>
  <member type="way" ref="709681293" role=""/>
  <member type="way" ref="1427960778" role=""/>
  <member type="way" ref="709681292" role=""/>
  <member type="way" ref="457742014" role=""/>
  <member type="way" ref="220005743" role=""/>
  <member type="way" ref="709779714" role=""/>
  <member type="way" ref="709779715" role=""/>
  <member type="way" ref="1343936336" role=""/>
  <member type="way" ref="220005739" role=""/>
  <member type="way" ref="1326411566" role=""/>
  <member type="way" ref="600132996" role=""/>
  <member type="way" ref="955882982" role=""/>
  <member type="way" ref="344413426" role=""/>
  <member type="way" ref="220005742" role=""/>
  <member type="way" ref="616826561" role=""/>
  <member type="way" ref="955842629" role=""/>
  <member type="way" ref="1151248817" role=""/>
  <member type="way" ref="1307455571" role=""/>
  <member type="way" ref="1307455573" role=""/>
  <member type="way" ref="38020420" role=""/>
  <member type="way" ref="1318958371" role=""/>
  <member type="way" ref="1305064572" role=""/>
  <member type="way" ref="708941780" role=""/>
  <member type="way" ref="1109636291" role=""/>
  <member type="way" ref="1242183436" role=""/>
  <member type="way" ref="1109636297" role=""/>
  <member type="way" ref="710270798" role=""/>
  <member type="way" ref="710270797" role=""/>
  <member type="way" ref="1466411477" role=""/>
  <member type="way" ref="239370934" role=""/>
  <member type="way" ref="710332807" role=""/>
  <member type="way" ref="457741984" role=""/>
  <member type="way" ref="955882984" role=""/>
  <member type="way" ref="706445530" role=""/>
  <member type="way" ref="1240365574" role=""/>
  <member type="way" ref="408780538" role=""/>
  <member type="way" ref="911435187" role=""/>
  <member type="way" ref="1094542159" role=""/>
  <member type="way" ref="709258847" role=""/>
  <member type="way" ref="408780568" role=""/>
  <member type="way" ref="1291700966" role=""/>
  <member type="way" ref="570582400" role=""/>
  <member type="way" ref="600485833" role=""/>
  <member type="way" ref="707885909" role=""/>
  <member type="way" ref="570582399" role=""/>
  <member type="way" ref="1238274480" role=""/>
  <member type="way" ref="1472390234" role=""/>
  <member type="way" ref="1381161255" role=""/>
  <member type="way" ref="945783775" role=""/>
  <member type="way" ref="840413516" role=""/>
  <member type="way" ref="954185954" role=""/>
  <member type="way" ref="1188024866" role=""/>
  <member type="way" ref="600494888" role=""/>
  <member type="way" ref="954882987" role=""/>
  <member type="way" ref="953158805" role=""/>
  <member type="way" ref="953158804" role=""/>
  <member type="way" ref="635124756" role=""/>
  <member type="way" ref="223809016" role=""/>
  <member type="way" ref="954882982" role=""/>
  <member type="way" ref="706480073" role=""/>
  <member type="way" ref="821757223" role=""/>
  <member type="way" ref="1523464636" role=""/>
  <member type="way" ref="705815858" role=""/>
  <member type="way" ref="705814526" role=""/>
  <member type="way" ref="705814527" role=""/>
  <member type="way" ref="706480072" role=""/>
  <member type="way" ref="703496254" role=""/>
  <member type="way" ref="703496255" role=""/>
  <member type="way" ref="705812473" role=""/>
  <member type="way" ref="945322271" role=""/>
  <member type="way" ref="599514302" role=""/>
  <member type="way" ref="1094396495" role=""/>
  <member type="way" ref="1290902313" role=""/>
  <tag k="charge" v="10000 VND"/>
  <tag k="colour" v="#27baff"/>
  <tag k="fee" v="yes"/>
  <tag k="from" v="Đô Nghĩa (Hà Đông)"/>
  <tag k="interval" v="00:25-00:26"/>
  <tag k="name" v="Đô Nghĩa (Hà Đông) - Bến xe Giáp Bát"/>
  <tag k="name:en" v="Do Nghia (Ha Dong District) - Giap Bat Bus Station"/>
  <tag k="network" v="Hanoibus"/>
  <tag k="opening_hours" v="Mo-Su 04:50-21:35"/>
  <tag k="operator" v="Xí nghiệp xe Buýt Cầu Bươu"/>
  <tag k="public_transport:version" v="2"/>
  <tag k="ref" v="22B"/>
  <tag k="route" v="bus"/>
  <tag k="to" v="Bến xe Giáp Bát"/>
  <tag k="type" v="route"/>
 </relation>
 <relation id="13009896" visible="true" version="5" changeset="164355411" timestamp="2025-04-01T03:45:04Z" user="edumiz624" uid="20881381">
  <member type="relation" ref="13009894" role=""/>
  <member type="relation" ref="13009895" role=""/>
  <tag k="name" v="Bến xe Giáp Bát - Đô Nghĩa (Hà Đông)"/>
  <tag k="name:en" v="Giap Bat Bus Station - Do Nghia (Ha Dong District)"/>
  <tag k="network" v="Hanoibus"/>
  <tag k="operator" v="Xí nghiệp xe Buýt Cầu Bươu"/>
  <tag k="ref" v="22B"/>
  <tag k="route_master" v="bus"/>
  <tag k="type" v="route_master"/>
 </relation>
 <relation id="13088554" visible="true" version="56" changeset="179967402" timestamp="2026-03-16T19:06:44Z" user="ZioDragon" uid="13799024">
  <member type="node" ref="8943744749" role="platform_entry_only"/>
  <member type="node" ref="8943744748" role="platform"/>
  <member type="node" ref="8943744747" role="platform"/>
  <member type="node" ref="8846689632" role="platform"/>
  <member type="node" ref="8846689633" role="platform"/>
  <member type="node" ref="8943744750" role="platform"/>
  <member type="node" ref="8943744751" role="platform"/>
  <member type="node" ref="8770739149" role="platform"/>
  <member type="node" ref="8943744753" role="platform"/>
  <member type="node" ref="8943744755" role="platform"/>
  <member type="node" ref="8943744756" role="platform"/>
  <member type="node" ref="8943744758" role="platform"/>
  <member type="node" ref="8943744761" role="platform"/>
  <member type="node" ref="8943744762" role="platform"/>
  <member type="node" ref="8943744764" role="platform"/>
  <member type="node" ref="8943684260" role="platform"/>
  <member type="node" ref="8943684258" role="platform"/>
  <member type="node" ref="8846358791" role="platform"/>
  <member type="node" ref="8846358752" role="platform"/>
  <member type="node" ref="8846358793" role="platform"/>
  <member type="node" ref="738814732" role="platform"/>
  <member type="node" ref="8770739153" role="platform"/>
  <member type="node" ref="8846358794" role="platform"/>
  <member type="node" ref="8770739154" role="platform"/>
  <member type="node" ref="444394880" role="platform"/>
  <member type="node" ref="8770739155" role="platform"/>
  <member type="node" ref="8939177164" role="platform"/>
  <member type="node" ref="8770739156" role="platform"/>
  <member type="node" ref="738814455" role="platform"/>
  <member type="node" ref="738813593" role="platform"/>
  <member type="node" ref="7617390946" role="platform"/>
  <member type="node" ref="738813826" role="platform"/>
  <member type="node" ref="738813552" role="platform"/>
  <member type="node" ref="8903312065" role="platform"/>
  <member type="node" ref="8950695174" role="platform"/>
  <member type="node" ref="8841276448" role="platform"/>
  <member type="node" ref="8950695176" role="platform"/>
  <member type="node" ref="8950695178" role="platform"/>
  <member type="node" ref="8950695179" role="platform"/>
  <member type="node" ref="8770739148" role="platform"/>
  <member type="node" ref="11934934470" role="platform_exit_only"/>
  <member type="node" ref="444394809" role="platform"/>
  <member type="node" ref="444394790" role="platform"/>
  <member type="node" ref="11934861065" role=""/>
  <member type="way" ref="160566837" role=""/>
  <member type="way" ref="157665746" role=""/>
  <member type="way" ref="1373569364" role=""/>
  <member type="way" ref="251931738" role=""/>
  <member type="way" ref="670059074" role=""/>
  <member type="way" ref="670059101" role=""/>
  <member type="way" ref="251931730" role=""/>
  <member type="way" ref="251931756" role=""/>
  <member type="way" ref="955882979" role=""/>
  <member type="way" ref="670059104" role=""/>
  <member type="way" ref="955882980" role=""/>
  <member type="way" ref="711697176" role=""/>
  <member type="way" ref="711712846" role=""/>
  <member type="way" ref="711697175" role=""/>
  <member type="way" ref="208808766" role=""/>
  <member type="way" ref="1326407933" role=""/>
  <member type="way" ref="770605139" role=""/>
  <member type="way" ref="1326407930" role=""/>
  <member type="way" ref="770605140" role=""/>
  <member type="way" ref="1109636282" role=""/>
  <member type="way" ref="1109636281" role=""/>
  <member type="way" ref="1326407931" role=""/>
  <member type="way" ref="1327438661" role=""/>
  <member type="way" ref="208657329" role=""/>
  <member type="way" ref="1109636262" role=""/>
  <member type="way" ref="1109636270" role=""/>
  <member type="way" ref="1359074558" role=""/>
  <member type="way" ref="1109636264" role=""/>
  <member type="way" ref="1109636271" role=""/>
  <member type="way" ref="208808776" role=""/>
  <member type="way" ref="973485818" role=""/>
  <member type="way" ref="402425917" role=""/>
  <member type="way" ref="1410379086" role=""/>
  <member type="way" ref="1410379085" role=""/>
  <member type="way" ref="1410379082" role=""/>
  <member type="way" ref="973485819" role=""/>
  <member type="way" ref="966693600" role=""/>
  <member type="way" ref="966693602" role=""/>
  <member type="way" ref="707866395" role=""/>
  <member type="way" ref="251944461" role=""/>
  <member type="way" ref="707866392" role=""/>
  <member type="way" ref="707866391" role=""/>
  <member type="way" ref="208808785" role=""/>
  <member type="way" ref="966693597" role=""/>
  <member type="way" ref="599518217" role=""/>
  <member type="way" ref="707866380" role=""/>
  <member type="way" ref="966693596" role=""/>
  <member type="way" ref="599508333" role=""/>
  <member type="way" ref="1417166741" role=""/>
  <member type="way" ref="1417166740" role=""/>
  <member type="way" ref="1242183430" role=""/>
  <member type="way" ref="600487186" role=""/>
  <member type="way" ref="1258538394" role=""/>
  <member type="way" ref="1307455575" role=""/>
  <member type="way" ref="220005736" role=""/>
  <member type="way" ref="1307455574" role=""/>
  <member type="way" ref="708569810" role=""/>
  <member type="way" ref="344408606" role=""/>
  <member type="way" ref="1307455571" role=""/>
  <member type="way" ref="1307455573" role=""/>
  <member type="way" ref="38020420" role=""/>
  <member type="way" ref="1318958371" role=""/>
  <member type="way" ref="1305064572" role=""/>
  <member type="way" ref="708941780" role=""/>
  <member type="way" ref="1109636291" role=""/>
  <member type="way" ref="1242183436" role=""/>
  <member type="way" ref="1109636297" role=""/>
  <member type="way" ref="710270798" role=""/>
  <member type="way" ref="710270797" role=""/>
  <member type="way" ref="1466411477" role=""/>
  <member type="way" ref="239370934" role=""/>
  <member type="way" ref="710332807" role=""/>
  <member type="way" ref="955882983" role=""/>
  <member type="way" ref="1198858980" role=""/>
  <member type="way" ref="709354466" role=""/>
  <member type="way" ref="945783774" role=""/>
  <member type="way" ref="961861931" role=""/>
  <member type="way" ref="702891549" role=""/>
  <member type="way" ref="702891548" role=""/>
  <member type="way" ref="264434802" role=""/>
  <member type="way" ref="948123045" role=""/>
  <member type="way" ref="116614142" role=""/>
  <member type="way" ref="711421785" role=""/>
  <member type="way" ref="1182476806" role=""/>
  <member type="way" ref="711431923" role=""/>
  <member type="way" ref="929495373" role=""/>
  <member type="way" ref="599634399" role=""/>
  <member type="way" ref="599634317" role=""/>
  <member type="way" ref="1476408693" role=""/>
  <member type="way" ref="1476408692" role=""/>
  <member type="way" ref="1270593817" role=""/>
  <member type="way" ref="710355022" role=""/>
  <member type="way" ref="136259401" role=""/>
  <member type="way" ref="710360129" role=""/>
  <member type="way" ref="710360127" role=""/>
  <member type="way" ref="711526326" role=""/>
  <member type="way" ref="954885541" role=""/>
  <member type="way" ref="219979442" role=""/>
  <member type="way" ref="408823207" role=""/>
  <member type="way" ref="408823241" role=""/>
  <member type="way" ref="600518180" role=""/>
  <member type="way" ref="953158810" role=""/>
  <member type="way" ref="953158807" role=""/>
  <member type="way" ref="701418863" role=""/>
  <member type="way" ref="1012665673" role=""/>
  <member type="way" ref="701415446" role=""/>
  <member type="way" ref="701418860" role=""/>
  <member type="way" ref="701415448" role=""/>
  <member type="way" ref="973485820" role=""/>
  <member type="way" ref="1327397848" role=""/>
  <member type="way" ref="399203028" role=""/>
  <member type="way" ref="974551790" role=""/>
  <member type="way" ref="711135381" role=""/>
  <member type="way" ref="601873026" role=""/>
  <member type="way" ref="1288100164" role=""/>
  <member type="way" ref="954882993" role=""/>
  <member type="way" ref="1287978626" role=""/>
  <member type="way" ref="1288217312" role=""/>
  <member type="way" ref="954882992" role=""/>
  <member type="way" ref="1417239983" role=""/>
  <member type="way" ref="1292662269" role=""/>
  <member type="way" ref="163053434" role=""/>
  <member type="way" ref="973485822" role=""/>
  <member type="way" ref="158829325" role=""/>
  <member type="way" ref="601973263" role=""/>
  <member type="way" ref="1121703583" role=""/>
  <member type="way" ref="1447191317" role=""/>
  <member type="way" ref="1286806811" role=""/>
  <member type="way" ref="1221932063" role=""/>
  <tag k="charge" v="10000 VND"/>
  <tag k="colour" v="#76c04d"/>
  <tag k="fee" v="yes"/>
  <tag k="from" v="Đô Nghĩa"/>
  <tag k="interval" v="00:15-00:18"/>
  <tag k="name" v="Đô Nghĩa - Cầu Giấy"/>
  <tag k="name:en" v="Do Nghia Urban Area - Cau Giay Bus Interchange"/>
  <tag k="network" v="Hanoibus"/>
  <tag k="opening_hours" v="Mo-Su 05:00-21:20"/>
  <tag k="operator" v="Xí nghiệp Xe buýt nhanh BRT Hà Nội"/>
  <tag k="ref" v="105"/>
  <tag k="route" v="bus"/>
  <tag k="to" v="Cầu Giấy"/>
  <tag k="type" v="route"/>
 </relation>
 <relation id="13091438" visible="true" version="57" changeset="178395572" timestamp="2026-02-11T09:04:35Z" user="GrabVN_HHanh" uid="21825758">
  <member type="node" ref="8813408788" role="platform"/>
  <member type="node" ref="8950695177" role="platform"/>
  <member type="node" ref="8838269683" role="platform"/>
  <member type="node" ref="8950695175" role="platform"/>
  <member type="node" ref="738815788" role="platform"/>
  <member type="node" ref="738813563" role="platform"/>
  <member type="node" ref="8829926856" role="platform"/>
  <member type="node" ref="8755733283" role="platform"/>
  <member type="node" ref="8755733284" role="platform"/>
  <member type="node" ref="444394999" role="platform"/>
  <member type="node" ref="444394994" role="platform"/>
  <member type="node" ref="444394979" role="platform"/>
  <member type="node" ref="8770675677" role="platform"/>
  <member type="node" ref="444394956" role="platform"/>
  <member type="node" ref="444394950" role="platform"/>
  <member type="node" ref="8770675678" role="platform"/>
  <member type="node" ref="738814236" role="platform"/>
  <member type="node" ref="8846358751" role="platform"/>
  <member type="node" ref="8944376754" role="platform"/>
  <member type="node" ref="8846358753" role="platform"/>
  <member type="node" ref="8943684257" role="platform"/>
  <member type="node" ref="8943684259" role="platform"/>
  <member type="node" ref="8943744765" role="platform"/>
  <member type="node" ref="8943744763" role="platform"/>
  <member type="node" ref="8943744760" role="platform"/>
  <member type="node" ref="8943744759" role="platform"/>
  <member type="node" ref="8956568593" role="platform"/>
  <member type="node" ref="8943744754" role="platform"/>
  <member type="node" ref="8770675683" role="platform"/>
  <member type="node" ref="8956568592" role="platform"/>
  <member type="node" ref="8943744752" role="platform"/>
  <member type="node" ref="8944376750" role="platform"/>
  <member type="node" ref="8944376751" role="platform"/>
  <member type="node" ref="8944376752" role="platform"/>
  <member type="node" ref="8944376753" role="platform"/>
  <member type="node" ref="8943744749" role="platform_exit_only"/>
  <member type="node" ref="8943744757" role="platform"/>
  <member type="node" ref="11934934473" role="platform_entry_only"/>
  <member type="node" ref="8845983494" role="platform"/>
  <member type="node" ref="11934861065" role=""/>
  <member type="way" ref="953158809" role=""/>
  <member type="way" ref="974551791" role=""/>
  <member type="way" ref="37801728" role=""/>
  <member type="way" ref="1242935512" role=""/>
  <member type="way" ref="956542159" role=""/>
  <member type="way" ref="953158817" role=""/>
  <member type="way" ref="1071601648" role=""/>
  <member type="way" ref="711526328" role=""/>
  <member type="way" ref="1139127114" role=""/>
  <member type="way" ref="1139127116" role=""/>
  <member type="way" ref="1130838748" role=""/>
  <member type="way" ref="136259401" role=""/>
  <member type="way" ref="710355022" role=""/>
  <member type="way" ref="1270593817" role=""/>
  <member type="way" ref="1476408692" role=""/>
  <member type="way" ref="1476408693" role=""/>
  <member type="way" ref="599634317" role=""/>
  <member type="way" ref="599634399" role=""/>
  <member type="way" ref="814585068" role=""/>
  <member type="way" ref="709301564" role=""/>
  <member type="way" ref="945783773" role=""/>
  <member type="way" ref="702880302" role=""/>
  <member type="way" ref="399820831" role=""/>
  <member type="way" ref="711700503" role=""/>
  <member type="way" ref="457757021" role=""/>
  <member type="way" ref="1290144946" role=""/>
  <member type="way" ref="1466411476" role=""/>
  <member type="way" ref="239370942" role=""/>
  <member type="way" ref="974572935" role=""/>
  <member type="way" ref="1242183437" role=""/>
  <member type="way" ref="693652773" role=""/>
  <member type="way" ref="1305064571" role=""/>
  <member type="way" ref="1109636292" role=""/>
  <member type="way" ref="1335957666" role=""/>
  <member type="way" ref="1326204766" role=""/>
  <member type="way" ref="11858869" role=""/>
  <member type="way" ref="1228974284" role=""/>
  <member type="way" ref="1228974287" role=""/>
  <member type="way" ref="1242183430" role=""/>
  <member type="way" ref="599508333" role=""/>
  <member type="way" ref="1417166741" role=""/>
  <member type="way" ref="1417166740" role=""/>
  <member type="way" ref="599518218" role=""/>
  <member type="way" ref="599518215" role=""/>
  <member type="way" ref="37926684" role=""/>
  <member type="way" ref="251944455" role=""/>
  <member type="way" ref="966693601" role=""/>
  <member type="way" ref="966693600" role=""/>
  <member type="way" ref="973485819" role=""/>
  <member type="way" ref="1410379088" role=""/>
  <member type="way" ref="1410379087" role=""/>
  <member type="way" ref="1410379084" role=""/>
  <member type="way" ref="1410379083" role=""/>
  <member type="way" ref="402425917" role=""/>
  <member type="way" ref="973485818" role=""/>
  <member type="way" ref="208808776" role=""/>
  <member type="way" ref="1109636269" role=""/>
  <member type="way" ref="208808768" role=""/>
  <member type="way" ref="965408117" role=""/>
  <member type="way" ref="965548423" role=""/>
  <member type="way" ref="1326407932" role=""/>
  <member type="way" ref="770605138" role=""/>
  <member type="way" ref="711696147" role=""/>
  <member type="way" ref="711701023" role=""/>
  <member type="way" ref="711696148" role=""/>
  <member type="way" ref="885892450" role=""/>
  <member type="way" ref="885892455" role=""/>
  <member type="way" ref="974086958" role=""/>
  <member type="way" ref="157665744" role=""/>
  <member type="way" ref="974086959" role=""/>
  <member type="way" ref="157665745" role=""/>
  <member type="way" ref="955882977" role=""/>
  <member type="way" ref="955882978" role=""/>
  <member type="way" ref="955805194" role=""/>
  <member type="way" ref="251931733" role=""/>
  <member type="way" ref="251931741" role=""/>
  <member type="way" ref="670059083" role=""/>
  <member type="way" ref="670059095" role=""/>
  <member type="way" ref="1373569364" role=""/>
  <member type="way" ref="157665746" role=""/>
  <member type="way" ref="160566837" role=""/>
  <member type="way" ref="1286806807" role=""/>
  <member type="way" ref="1355183495" role=""/>
  <member type="way" ref="1199890908" role=""/>
  <member type="way" ref="1286806812" role=""/>
  <member type="way" ref="1447191318" role=""/>
  <member type="way" ref="1121703582" role=""/>
  <member type="way" ref="1121703584" role=""/>
  <member type="way" ref="704933929" role=""/>
  <member type="way" ref="704938984" role=""/>
  <member type="way" ref="704938983" role=""/>
  <member type="way" ref="687373726" role=""/>
  <member type="way" ref="687373725" role=""/>
  <member type="way" ref="1194925752" role=""/>
  <member type="way" ref="1292662269" role=""/>
  <member type="way" ref="1417239984" role=""/>
  <member type="way" ref="1417239982" role=""/>
  <member type="way" ref="954882992" role=""/>
  <member type="way" ref="1288217312" role=""/>
  <member type="way" ref="1287978626" role=""/>
  <member type="way" ref="601873013" role=""/>
  <member type="way" ref="1288100163" role=""/>
  <member type="way" ref="711135381" role=""/>
  <member type="way" ref="974551790" role=""/>
  <member type="way" ref="399203028" role=""/>
  <member type="way" ref="1327397848" role=""/>
  <member type="way" ref="707852065" role=""/>
  <member type="way" ref="37380384" role=""/>
  <tag k="charge" v="10000 VND"/>
  <tag k="colour" v="#76c04d"/>
  <tag k="fee" v="yes"/>
  <tag k="from" v="Cầu Giấy"/>
  <tag k="interval" v="00:15-00:18"/>
  <tag k="name" v="Cầu Giấy - Đô Nghĩa"/>
  <tag k="name:en" v="Cau Giay Bus Interchange - Do Nghia Urban Area"/>
  <tag k="network" v="Hanoibus"/>
  <tag k="opening_hours" v="Mo-Su 05:00-21:20"/>
  <tag k="operator" v="Xí nghiệp Xe buýt nhanh BRT Hà Nội"/>
  <tag k="ref" v="105"/>
  <tag k="route" v="bus"/>
  <tag k="to" v="Đô Nghĩa"/>
  <tag k="type" v="route"/>
 </relation>
 <relation id="13106487" visible="true" version="55" changeset="183089364" timestamp="2026-05-24T02:05:58Z" user="edumiz624" uid="20881381">
  <member type="node" ref="6695986187" role="platform_entry_only"/>
  <member type="node" ref="7622858412" role="platform"/>
  <member type="node" ref="7622858413" role="platform"/>
  <member type="node" ref="8829926853" role="platform"/>
  <member type="node" ref="8829926854" role="platform"/>
  <member type="node" ref="8829926855" role="platform"/>
  <member type="node" ref="8939177170" role="platform"/>
  <member type="node" ref="11166521210" role="platform"/>
  <member type="node" ref="9019312704" role="platform"/>
  <member type="node" ref="9019312706" role="platform"/>
  <member type="node" ref="9019312708" role="platform"/>
  <member type="node" ref="9019312710" role="platform"/>
  <member type="node" ref="9019312712" role="platform"/>
  <member type="node" ref="9019312714" role="platform"/>
  <member type="node" ref="9019312716" role="platform"/>
  <member type="node" ref="444394950" role="platform"/>
  <member type="node" ref="8770675678" role="platform"/>
  <member type="node" ref="738814236" role="platform"/>
  <member type="node" ref="8846358751" role="platform"/>
  <member type="node" ref="8944376754" role="platform"/>
  <member type="node" ref="8846358753" role="platform"/>
  <member type="node" ref="8943684257" role="platform"/>
  <member type="node" ref="8943684259" role="platform"/>
  <member type="node" ref="9019290564" role="platform"/>
  <member type="node" ref="9019290567" role="platform"/>
  <member type="node" ref="9019290614" role="platform"/>
  <member type="node" ref="9019290616" role="platform"/>
  <member type="node" ref="9019312617" role="platform"/>
  <member type="node" ref="9019312621" role="platform"/>
  <member type="node" ref="9019312623" role="platform"/>
  <member type="node" ref="9019312625" role="platform"/>
  <member type="node" ref="9019312627" role="platform"/>
  <member type="node" ref="9019312629" role="platform"/>
  <member type="node" ref="9019312636" role="platform"/>
  <member type="node" ref="9019312638" role="platform"/>
  <member type="node" ref="9019312640" role="platform"/>
  <member type="node" ref="9007633067" role="platform"/>
  <member type="node" ref="9007633069" role="platform"/>
  <member type="node" ref="9007633071" role="platform"/>
  <member type="node" ref="9007633114" role="platform"/>
  <member type="node" ref="9007633116" role="platform"/>
  <member type="node" ref="9007641818" role="platform"/>
  <member type="node" ref="9007641820" role="platform"/>
  <member type="node" ref="9007641822" role="platform"/>
  <member type="node" ref="9007641824" role="platform"/>
  <member type="node" ref="9007641826" role="platform"/>
  <member type="node" ref="9007641828" role="platform"/>
  <member type="node" ref="9007641830" role="platform"/>
  <member type="node" ref="9006046627" role="platform"/>
  <member type="node" ref="9006046625" role="platform"/>
  <member type="node" ref="9006046623" role="platform"/>
  <member type="node" ref="9006046621" role="platform"/>
  <member type="node" ref="9006046619" role="platform"/>
  <member type="node" ref="9006046617" role="platform"/>
  <member type="node" ref="9005978415" role="platform"/>
  <member type="node" ref="9005978413" role="platform"/>
  <member type="node" ref="9005978411" role="platform"/>
  <member type="node" ref="9005978409" role="platform"/>
  <member type="node" ref="9005978407" role="platform"/>
  <member type="node" ref="9005978405" role="platform"/>
  <member type="node" ref="9019312644" role="platform"/>
  <member type="node" ref="9019312647" role="platform"/>
  <member type="node" ref="9019312648" role="platform"/>
  <member type="node" ref="9019312651" role="platform"/>
  <member type="node" ref="9019312652" role="platform"/>
  <member type="node" ref="9019312654" role="platform"/>
  <member type="node" ref="9019312656" role="platform"/>
  <member type="node" ref="9019312658" role="platform"/>
  <member type="node" ref="9019312660" role="platform"/>
  <member type="node" ref="9019312662" role="platform"/>
  <member type="node" ref="9019312668" role="platform"/>
  <member type="node" ref="9019312669" role="platform"/>
  <member type="node" ref="9019312671" role="platform"/>
  <member type="node" ref="9019312673" role="platform"/>
  <member type="node" ref="9019312675" role="platform"/>
  <member type="node" ref="9019312677" role="platform"/>
  <member type="node" ref="9019312679" role="platform"/>
  <member type="node" ref="9019312683" role="platform"/>
  <member type="node" ref="9019312685" role="platform"/>
  <member type="node" ref="9019312687" role="platform"/>
  <member type="node" ref="9019312689" role="platform_exit_only"/>
  <member type="node" ref="11542412969" role="platform"/>
  <member type="node" ref="11542412970" role="platform"/>
  <member type="node" ref="12083496439" role="platform"/>
  <member type="node" ref="9007633065" role="platform"/>
  <member type="node" ref="12579155904" role="platform"/>
  <member type="node" ref="9019312695" role="platform"/>
  <member type="node" ref="9019312697" role="platform"/>
  <member type="node" ref="9019312699" role="platform"/>
  <member type="node" ref="9019312701" role="platform_exit_only"/>
  <member type="way" ref="601529647" role=""/>
  <member type="way" ref="816197481" role=""/>
  <member type="way" ref="704959984" role=""/>
  <member type="way" ref="703986437" role=""/>
  <member type="way" ref="704964051" role=""/>
  <member type="way" ref="898262239" role=""/>
  <member type="way" ref="1240663517" role=""/>
  <member type="way" ref="951694405" role=""/>
  <member type="way" ref="1000435074" role=""/>
  <member type="way" ref="962493746" role=""/>
  <member type="way" ref="948123041" role=""/>
  <member type="way" ref="703986436" role=""/>
  <member type="way" ref="704984905" role=""/>
  <member type="way" ref="704984904" role=""/>
  <member type="way" ref="704984906" role=""/>
  <member type="way" ref="704990515" role=""/>
  <member type="way" ref="704990516" role=""/>
  <member type="way" ref="704031049" role=""/>
  <member type="way" ref="704990514" role=""/>
  <member type="way" ref="704031050" role=""/>
  <member type="way" ref="704031047" role=""/>
  <member type="way" ref="1010846168" role=""/>
  <member type="way" ref="704031048" role=""/>
  <member type="way" ref="675481681" role=""/>
  <member type="way" ref="704994516" role=""/>
  <member type="way" ref="705485362" role=""/>
  <member type="way" ref="705487902" role=""/>
  <member type="way" ref="705487901" role=""/>
  <member type="way" ref="1313180244" role=""/>
  <member type="way" ref="705487900" role=""/>
  <member type="way" ref="705487899" role=""/>
  <member type="way" ref="709368694" role=""/>
  <member type="way" ref="523124296" role=""/>
  <member type="way" ref="711052050" role=""/>
  <member type="way" ref="1262801206" role=""/>
  <member type="way" ref="1262801207" role=""/>
  <member type="way" ref="711054201" role=""/>
  <member type="way" ref="1100987652" role=""/>
  <member type="way" ref="711052049" role=""/>
  <member type="way" ref="711062849" role=""/>
  <member type="way" ref="711062848" role=""/>
  <member type="way" ref="600057058" role=""/>
  <member type="way" ref="1297901086" role=""/>
  <member type="way" ref="709289097" role=""/>
  <member type="way" ref="711062839" role=""/>
  <member type="way" ref="711062840" role=""/>
  <member type="way" ref="1304444843" role=""/>
  <member type="way" ref="688080590" role=""/>
  <member type="way" ref="600057057" role=""/>
  <member type="way" ref="709292815" role=""/>
  <member type="way" ref="974572930" role=""/>
  <member type="way" ref="1148706374" role=""/>
  <member type="way" ref="709295486" role=""/>
  <member type="way" ref="709295484" role=""/>
  <member type="way" ref="709295488" role=""/>
  <member type="way" ref="1148706375" role=""/>
  <member type="way" ref="458067173" role=""/>
  <member type="way" ref="600584096" role=""/>
  <member type="way" ref="974572933" role=""/>
  <member type="way" ref="1064227954" role=""/>
  <member type="way" ref="974572932" role=""/>
  <member type="way" ref="1373000265" role=""/>
  <member type="way" ref="1374431423" role=""/>
  <member type="way" ref="1374431422" role=""/>
  <member type="way" ref="684898287" role=""/>
  <member type="way" ref="1475686333" role=""/>
  <member type="way" ref="37871554" role=""/>
  <member type="way" ref="974572935" role=""/>
  <member type="way" ref="1242183437" role=""/>
  <member type="way" ref="693652773" role=""/>
  <member type="way" ref="1305064571" role=""/>
  <member type="way" ref="1109636292" role=""/>
  <member type="way" ref="1335957666" role=""/>
  <member type="way" ref="1326204766" role=""/>
  <member type="way" ref="600126505" role=""/>
  <member type="way" ref="11858869" role=""/>
  <member type="way" ref="1228974284" role=""/>
  <member type="way" ref="1228974287" role=""/>
  <member type="way" ref="1242183430" role=""/>
  <member type="way" ref="599508333" role=""/>
  <member type="way" ref="1417166741" role=""/>
  <member type="way" ref="1417166740" role=""/>
  <member type="way" ref="599518218" role=""/>
  <member type="way" ref="599518215" role=""/>
  <member type="way" ref="37926684" role=""/>
  <member type="way" ref="251944455" role=""/>
  <member type="way" ref="966693601" role=""/>
  <member type="way" ref="707866398" role=""/>
  <member type="way" ref="707866397" role=""/>
  <member type="way" ref="251944457" role=""/>
  <member type="way" ref="1202853363" role=""/>
  <member type="way" ref="1202853361" role=""/>
  <member type="way" ref="1204837534" role=""/>
  <member type="way" ref="251931717" role=""/>
  <member type="way" ref="251931715" role=""/>
  <member type="way" ref="251931711" role=""/>
  <member type="way" ref="1241605208" role=""/>
  <member type="way" ref="1133612762" role=""/>
  <member type="way" ref="251931712" role=""/>
  <member type="way" ref="1133612761" role=""/>
  <member type="way" ref="1204837536" role=""/>
  <member type="way" ref="1301458010" role=""/>
  <member type="way" ref="1301457568" role=""/>
  <member type="way" ref="1301457569" role=""/>
  <member type="way" ref="1301458012" role=""/>
  <member type="way" ref="1301458013" role=""/>
  <member type="way" ref="707823411" role=""/>
  <member type="way" ref="1301458003" role=""/>
  <member type="way" ref="1204837538" role=""/>
  <member type="way" ref="1286465362" role=""/>
  <member type="way" ref="1286465360" role=""/>
  <member type="way" ref="1301457525" role=""/>
  <member type="way" ref="1301457524" role=""/>
  <member type="way" ref="1286464199" role=""/>
  <member type="way" ref="973215961" role=""/>
  <member type="way" ref="1292635498" role=""/>
  <member type="way" ref="973215963" role=""/>
  <member type="way" ref="1301457559" role=""/>
  <member type="way" ref="1292662273" role=""/>
  <member type="way" ref="1286464200" role=""/>
  <member type="way" ref="1242757298" role=""/>
  <member type="way" ref="1301457613" role=""/>
  <member type="way" ref="1301457612" role=""/>
  <member type="way" ref="596039080" role=""/>
  <member type="way" ref="1301457611" role=""/>
  <member type="way" ref="1301457610" role=""/>
  <member type="way" ref="1010472261" role=""/>
  <member type="way" ref="973215967" role=""/>
  <member type="way" ref="973023154" role=""/>
  <member type="way" ref="974572927" role=""/>
  <member type="way" ref="973023153" role=""/>
  <member type="way" ref="1212166138" role=""/>
  <member type="way" ref="1212166137" role=""/>
  <member type="way" ref="596039079" role=""/>
  <member type="way" ref="251931726" role=""/>
  <member type="way" ref="830463640" role=""/>
  <member type="way" ref="830218986" role=""/>
  <member type="way" ref="830218984" role=""/>
  <member type="way" ref="1286462702" role=""/>
  <member type="way" ref="1512417536" role=""/>
  <member type="way" ref="242429125" role=""/>
  <member type="way" ref="741271257" role=""/>
  <member type="way" ref="768696772" role=""/>
  <member type="way" ref="768696757" role=""/>
  <member type="way" ref="974572949" role=""/>
  <member type="way" ref="974572950" role=""/>
  <member type="way" ref="974572948" role=""/>
  <member type="way" ref="1011259086" role=""/>
  <member type="way" ref="830115910" role=""/>
  <member type="way" ref="1296932097" role=""/>
  <member type="way" ref="1296932098" role=""/>
  <member type="way" ref="1359074567" role=""/>
  <member type="way" ref="830115909" role=""/>
  <member type="way" ref="261330775" role=""/>
  <member type="way" ref="974572951" role=""/>
  <member type="way" ref="974572929" role=""/>
  <tag k="charge" v="20000 VND"/>
  <tag k="colour" v="#27baff"/>
  <tag k="fee" v="yes"/>
  <tag k="from" v="Bến xe Mỹ Đình"/>
  <tag k="interval" v="00:15-00:25"/>
  <tag k="name" v="Bến xe Mỹ Đình - Hương Sơn"/>
  <tag k="name:en" v="My Dinh Bus Station - Huong Son Commune"/>
  <tag k="network" v="Hanoibus"/>
  <tag k="opening_hours" v="Mo-Su 04:50-21:05"/>
  <tag k="operator" v="Xí nghiệp xe Buýt Cầu Bươu"/>
  <tag k="public_transport:version" v="2"/>
  <tag k="ref" v="103A"/>
  <tag k="route" v="bus"/>
  <tag k="to" v="Hương Sơn"/>
  <tag k="type" v="route"/>
 </relation>
 <relation id="13106488" visible="true" version="50" changeset="183089364" timestamp="2026-05-24T02:05:58Z" user="edumiz624" uid="20881381">
  <member type="node" ref="9019312688" role="platform"/>
  <member type="node" ref="9019312686" role="platform"/>
  <member type="node" ref="9019312684" role="platform"/>
  <member type="node" ref="9019312680" role="platform"/>
  <member type="node" ref="9019312678" role="platform"/>
  <member type="node" ref="9019312676" role="platform"/>
  <member type="node" ref="9019312674" role="platform"/>
  <member type="node" ref="9019312672" role="platform"/>
  <member type="node" ref="9019312670" role="platform"/>
  <member type="node" ref="9019312667" role="platform"/>
  <member type="node" ref="9019312663" role="platform"/>
  <member type="node" ref="9019312661" role="platform"/>
  <member type="node" ref="9019312659" role="platform"/>
  <member type="node" ref="9019312657" role="platform"/>
  <member type="node" ref="9019312655" role="platform"/>
  <member type="node" ref="9019312653" role="platform"/>
  <member type="node" ref="9019312650" role="platform"/>
  <member type="node" ref="9019312649" role="platform"/>
  <member type="node" ref="9019312646" role="platform"/>
  <member type="node" ref="9019312645" role="platform"/>
  <member type="node" ref="9005978404" role="platform"/>
  <member type="node" ref="9005978406" role="platform"/>
  <member type="node" ref="9005978408" role="platform"/>
  <member type="node" ref="9005978410" role="platform"/>
  <member type="node" ref="9005978412" role="platform"/>
  <member type="node" ref="9005978414" role="platform"/>
  <member type="node" ref="9005978416" role="platform"/>
  <member type="node" ref="9006046618" role="platform"/>
  <member type="node" ref="9006046620" role="platform"/>
  <member type="node" ref="9006046622" role="platform"/>
  <member type="node" ref="9006046624" role="platform"/>
  <member type="node" ref="9006046626" role="platform"/>
  <member type="node" ref="9007641831" role="platform"/>
  <member type="node" ref="9007641829" role="platform"/>
  <member type="node" ref="9007641827" role="platform"/>
  <member type="node" ref="9007641825" role="platform"/>
  <member type="node" ref="9007641823" role="platform"/>
  <member type="node" ref="9007641821" role="platform"/>
  <member type="node" ref="9007641819" role="platform"/>
  <member type="node" ref="9007641817" role="platform"/>
  <member type="node" ref="9007633115" role="platform"/>
  <member type="node" ref="9007633072" role="platform"/>
  <member type="node" ref="9007633070" role="platform"/>
  <member type="node" ref="9007633068" role="platform"/>
  <member type="node" ref="9019312641" role="platform"/>
  <member type="node" ref="9019312639" role="platform"/>
  <member type="node" ref="9019312637" role="platform"/>
  <member type="node" ref="9019312630" role="platform"/>
  <member type="node" ref="9019312628" role="platform"/>
  <member type="node" ref="9019312626" role="platform"/>
  <member type="node" ref="9019312624" role="platform"/>
  <member type="node" ref="9019312622" role="platform"/>
  <member type="node" ref="9019312620" role="platform"/>
  <member type="node" ref="9019312618" role="platform"/>
  <member type="node" ref="9019290615" role="platform"/>
  <member type="node" ref="9019290568" role="platform"/>
  <member type="node" ref="9019290566" role="platform"/>
  <member type="node" ref="8943684260" role="platform"/>
  <member type="node" ref="8943684258" role="platform"/>
  <member type="node" ref="8846358791" role="platform"/>
  <member type="node" ref="8846358752" role="platform"/>
  <member type="node" ref="8846358793" role="platform"/>
  <member type="node" ref="738814732" role="platform"/>
  <member type="node" ref="8770739153" role="platform"/>
  <member type="node" ref="8846358794" role="platform"/>
  <member type="node" ref="8770739154" role="platform"/>
  <member type="node" ref="444394880" role="platform"/>
  <member type="node" ref="9019312717" role="platform"/>
  <member type="node" ref="9019312715" role="platform"/>
  <member type="node" ref="9019312713" role="platform"/>
  <member type="node" ref="9019312711" role="platform"/>
  <member type="node" ref="9019312709" role="platform"/>
  <member type="node" ref="9019312707" role="platform"/>
  <member type="node" ref="9019312705" role="platform"/>
  <member type="node" ref="4504060143" role="platform"/>
  <member type="node" ref="8821681976" role="platform"/>
  <member type="node" ref="8821681977" role="platform"/>
  <member type="node" ref="8821681978" role="platform"/>
  <member type="node" ref="7617390958" role="platform"/>
  <member type="node" ref="7617390959" role="platform"/>
  <member type="node" ref="7617390960" role="platform"/>
  <member type="node" ref="6695986187" role="platform_exit_only"/>
  <member type="node" ref="11542412971" role="platform"/>
  <member type="node" ref="11542412972" role="platform"/>
  <member type="node" ref="11542412973" role="platform"/>
  <member type="node" ref="11536511328" role="platform"/>
  <member type="node" ref="12083496440" role="platform"/>
  <member type="node" ref="12579155905" role="platform"/>
  <member type="node" ref="9019312689" role="platform_entry_only"/>
  <member type="node" ref="9019312701" role="platform_entry_only"/>
  <member type="node" ref="9019312700" role="platform"/>
  <member type="node" ref="9019312698" role="platform"/>
  <member type="node" ref="9019312696" role="platform"/>
  <member type="node" ref="9019312691" role="platform"/>
  <member type="way" ref="974572929" role=""/>
  <member type="way" ref="974572951" role=""/>
  <member type="way" ref="261330775" role=""/>
  <member type="way" ref="830115909" role=""/>
  <member type="way" ref="1359074567" role=""/>
  <member type="way" ref="1296932098" role=""/>
  <member type="way" ref="1296932097" role=""/>
  <member type="way" ref="830115910" role=""/>
  <member type="way" ref="1011259086" role=""/>
  <member type="way" ref="974572928" role=""/>
  <member type="way" ref="768696772" role=""/>
  <member type="way" ref="741271257" role=""/>
  <member type="way" ref="242429125" role=""/>
  <member type="way" ref="1512417536" role=""/>
  <member type="way" ref="1286462701" role=""/>
  <member type="way" ref="830218984" role=""/>
  <member type="way" ref="830218986" role=""/>
  <member type="way" ref="830463640" role=""/>
  <member type="way" ref="251931726" role=""/>
  <member type="way" ref="596039079" role=""/>
  <member type="way" ref="1212166137" role=""/>
  <member type="way" ref="1212166138" role=""/>
  <member type="way" ref="973023153" role=""/>
  <member type="way" ref="974572927" role=""/>
  <member type="way" ref="973023154" role=""/>
  <member type="way" ref="973215967" role=""/>
  <member type="way" ref="1010472261" role=""/>
  <member type="way" ref="1301457610" role=""/>
  <member type="way" ref="1301457611" role=""/>
  <member type="way" ref="596039080" role=""/>
  <member type="way" ref="1301457612" role=""/>
  <member type="way" ref="1301457613" role=""/>
  <member type="way" ref="1242757298" role=""/>
  <member type="way" ref="1286464200" role=""/>
  <member type="way" ref="1292662272" role=""/>
  <member type="way" ref="1301457558" role=""/>
  <member type="way" ref="896903200" role=""/>
  <member type="way" ref="973215964" role=""/>
  <member type="way" ref="1286464199" role=""/>
  <member type="way" ref="1301457523" role=""/>
  <member type="way" ref="1301457522" role=""/>
  <member type="way" ref="1286465361" role=""/>
  <member type="way" ref="1286465362" role=""/>
  <member type="way" ref="1204837538" role=""/>
  <member type="way" ref="1301458003" role=""/>
  <member type="way" ref="707823411" role=""/>
  <member type="way" ref="1301458013" role=""/>
  <member type="way" ref="1301458012" role=""/>
  <member type="way" ref="1301457569" role=""/>
  <member type="way" ref="1301457568" role=""/>
  <member type="way" ref="974572947" role=""/>
  <member type="way" ref="1301458011" role=""/>
  <member type="way" ref="1204837537" role=""/>
  <member type="way" ref="1289072598" role=""/>
  <member type="way" ref="251931713" role=""/>
  <member type="way" ref="1241605209" role=""/>
  <member type="way" ref="707832293" role=""/>
  <member type="way" ref="1157592664" role=""/>
  <member type="way" ref="251931714" role=""/>
  <member type="way" ref="707850141" role=""/>
  <member type="way" ref="974572941" role=""/>
  <member type="way" ref="707866400" role=""/>
  <member type="way" ref="707866399" role=""/>
  <member type="way" ref="251944463" role=""/>
  <member type="way" ref="707866396" role=""/>
  <member type="way" ref="707866395" role=""/>
  <member type="way" ref="251944461" role=""/>
  <member type="way" ref="707866392" role=""/>
  <member type="way" ref="707866391" role=""/>
  <member type="way" ref="208808785" role=""/>
  <member type="way" ref="966693597" role=""/>
  <member type="way" ref="599518217" role=""/>
  <member type="way" ref="707866380" role=""/>
  <member type="way" ref="966693596" role=""/>
  <member type="way" ref="1417166740" role=""/>
  <member type="way" ref="1417166741" role=""/>
  <member type="way" ref="599508333" role=""/>
  <member type="way" ref="1242183430" role=""/>
  <member type="way" ref="600487186" role=""/>
  <member type="way" ref="1258538394" role=""/>
  <member type="way" ref="1307455575" role=""/>
  <member type="way" ref="220005736" role=""/>
  <member type="way" ref="1307455574" role=""/>
  <member type="way" ref="708569810" role=""/>
  <member type="way" ref="344408606" role=""/>
  <member type="way" ref="1307455571" role=""/>
  <member type="way" ref="1307455573" role=""/>
  <member type="way" ref="38020420" role=""/>
  <member type="way" ref="1318958371" role=""/>
  <member type="way" ref="1305064572" role=""/>
  <member type="way" ref="708941780" role=""/>
  <member type="way" ref="1109636291" role=""/>
  <member type="way" ref="1242183436" role=""/>
  <member type="way" ref="1109636297" role=""/>
  <member type="way" ref="710270798" role=""/>
  <member type="way" ref="250707370" role=""/>
  <member type="way" ref="37871554" role=""/>
  <member type="way" ref="1475686333" role=""/>
  <member type="way" ref="684898287" role=""/>
  <member type="way" ref="1374431425" role=""/>
  <member type="way" ref="1374431428" role=""/>
  <member type="way" ref="1374431416" role=""/>
  <member type="way" ref="1064227953" role=""/>
  <member type="way" ref="974572934" role=""/>
  <member type="way" ref="600584099" role=""/>
  <member type="way" ref="600584098" role=""/>
  <member type="way" ref="709292814" role=""/>
  <member type="way" ref="600057056" role=""/>
  <member type="way" ref="1309201478" role=""/>
  <member type="way" ref="600057055" role=""/>
  <member type="way" ref="709289096" role=""/>
  <member type="way" ref="1240199930" role=""/>
  <member type="way" ref="688080591" role=""/>
  <member type="way" ref="1214746625" role=""/>
  <member type="way" ref="711052048" role=""/>
  <member type="way" ref="711052047" role=""/>
  <member type="way" ref="630092757" role=""/>
  <member type="way" ref="1054590950" role=""/>
  <member type="way" ref="1215294414" role=""/>
  <member type="way" ref="974572938" role=""/>
  <member type="way" ref="773083570" role=""/>
  <member type="way" ref="773083571" role=""/>
  <member type="way" ref="705501038" role=""/>
  <member type="way" ref="705501037" role=""/>
  <member type="way" ref="705501036" role=""/>
  <member type="way" ref="705501039" role=""/>
  <member type="way" ref="704994517" role=""/>
  <member type="way" ref="675481682" role=""/>
  <member type="way" ref="705508334" role=""/>
  <member type="way" ref="705508333" role=""/>
  <member type="way" ref="705508332" role=""/>
  <member type="way" ref="704024160" role=""/>
  <member type="way" ref="962493734" role=""/>
  <member type="way" ref="37562784" role=""/>
  <member type="way" ref="704024159" role=""/>
  <member type="way" ref="706403447" role=""/>
  <member type="way" ref="704015766" role=""/>
  <member type="way" ref="704015767" role=""/>
  <member type="way" ref="704013518" role=""/>
  <member type="way" ref="703992425" role=""/>
  <member type="way" ref="705790144" role=""/>
  <member type="way" ref="705790143" role=""/>
  <member type="way" ref="703992426" role=""/>
  <member type="way" ref="703997645" role=""/>
  <member type="way" ref="703997646" role=""/>
  <member type="way" ref="815619172" role=""/>
  <member type="way" ref="705564896" role=""/>
  <member type="way" ref="703992427" role=""/>
  <member type="way" ref="1458914359" role=""/>
  <member type="way" ref="703521534" role=""/>
  <member type="way" ref="703521533" role=""/>
  <member type="way" ref="1337871557" role=""/>
  <member type="way" ref="704705860" role=""/>
  <member type="way" ref="704705861" role=""/>
  <member type="way" ref="703519573" role=""/>
  <member type="way" ref="704942289" role=""/>
  <member type="way" ref="1163312635" role=""/>
  <member type="way" ref="704942290" role=""/>
  <member type="way" ref="952211058" role=""/>
  <tag k="charge" v="20000 VND"/>
  <tag k="colour" v="#27baff"/>
  <tag k="fee" v="yes"/>
  <tag k="from" v="Hương Sơn"/>
  <tag k="interval" v="00:15-00:25"/>
  <tag k="name" v="Hương Sơn - Bến xe Mỹ Đình"/>
  <tag k="name:en" v="Huong Son Commune - My Dinh Bus Station"/>
  <tag k="network" v="Hanoibus"/>
  <tag k="opening_hours" v="Mo-Su 04:45-21:05"/>
  <tag k="operator" v="Xí nghiệp xe Buýt Cầu Bươu"/>
  <tag k="public_transport:version" v="2"/>
  <tag k="ref" v="103A"/>
  <tag k="route" v="bus"/>
  <tag k="to" v="Bến xe Mỹ Đình"/>
  <tag k="type" v="route"/>
 </relation>
 <relation id="13106489" visible="true" version="3" changeset="178011178" timestamp="2026-02-02T15:09:12Z" user="edumiz624" uid="20881381">
  <member type="relation" ref="13106487" role=""/>
  <member type="relation" ref="13106488" role=""/>
  <tag k="name" v="Bến xe Mỹ Đình ↔ Hương Sơn"/>
  <tag k="name:en" v="My Dinh Bus Station - Huong Son Commune"/>
  <tag k="network" v="Hanoibus"/>
  <tag k="operator" v="Xí nghiệp xe Buýt Cầu Bươu"/>
  <tag k="ref" v="103A"/>
  <tag k="route_master" v="bus"/>
  <tag k="type" v="route_master"/>
 </relation>
 <relation id="14030404" visible="true" version="47" changeset="182753343" timestamp="2026-05-16T17:38:39Z" user="ItsLouisAnderson" uid="11691953">
  <member type="node" ref="738814324" role="platform"/>
  <member type="node" ref="738813337" role="platform"/>
  <member type="node" ref="4421384524" role="platform"/>
  <member type="node" ref="8838269673" role="platform"/>
  <member type="node" ref="8838269674" role="platform"/>
  <member type="node" ref="8838269675" role="platform"/>
  <member type="node" ref="8236303286" role="platform"/>
  <member type="node" ref="8845983480" role="platform"/>
  <member type="node" ref="8845983481" role="platform"/>
  <member type="node" ref="8845983482" role="platform"/>
  <member type="node" ref="8845983483" role="platform"/>
  <member type="node" ref="8845983484" role="platform"/>
  <member type="node" ref="444394994" role="platform"/>
  <member type="node" ref="444394979" role="platform"/>
  <member type="node" ref="8770675677" role="platform"/>
  <member type="node" ref="444394956" role="platform"/>
  <member type="node" ref="444394950" role="platform"/>
  <member type="node" ref="8770675678" role="platform"/>
  <member type="node" ref="8770675679" role="platform"/>
  <member type="node" ref="8770675680" role="platform"/>
  <member type="node" ref="8770675681" role="platform"/>
  <member type="node" ref="8770675682" role="platform"/>
  <member type="node" ref="8770675683" role="platform"/>
  <member type="node" ref="8956568592" role="platform"/>
  <member type="node" ref="8943744752" role="platform"/>
  <member type="node" ref="8944376750" role="platform"/>
  <member type="node" ref="9014725458" role="platform"/>
  <member type="node" ref="9014725460" role="platform"/>
  <member type="node" ref="9014725462" role="platform"/>
  <member type="node" ref="9014725464" role="platform"/>
  <member type="node" ref="9320083031" role="platform_exit_only"/>
  <member type="node" ref="9014725466" role="platform"/>
  <member type="node" ref="9014725468" role="platform"/>
  <member type="node" ref="11554362830" role="platform"/>
  <member type="node" ref="11554362831" role="platform"/>
  <member type="node" ref="11684178761" role="platform_entry_only"/>
  <member type="node" ref="8236289500" role="platform"/>
  <member type="node" ref="4273838289" role="platform"/>
  <member type="node" ref="8236289507" role="platform"/>
  <member type="node" ref="12579123790" role="platform"/>
  <member type="way" ref="1094396493" role=""/>
  <member type="way" ref="955749998" role=""/>
  <member type="way" ref="1298906824" role=""/>
  <member type="way" ref="1298906827" role=""/>
  <member type="way" ref="1390293016" role=""/>
  <member type="way" ref="705812470" role=""/>
  <member type="way" ref="705812469" role=""/>
  <member type="way" ref="37371053" role=""/>
  <member type="way" ref="1301686342" role=""/>
  <member type="way" ref="809463692" role=""/>
  <member type="way" ref="635124756" role=""/>
  <member type="way" ref="954882983" role=""/>
  <member type="way" ref="705841392" role=""/>
  <member type="way" ref="1266071994" role=""/>
  <member type="way" ref="707382489" role=""/>
  <member type="way" ref="955201205" role=""/>
  <member type="way" ref="11860441" role=""/>
  <member type="way" ref="954882986" role=""/>
  <member type="way" ref="11860191" role=""/>
  <member type="way" ref="1292590858" role=""/>
  <member type="way" ref="11859996" role=""/>
  <member type="way" ref="600494887" role=""/>
  <member type="way" ref="945783776" role=""/>
  <member type="way" ref="945783754" role=""/>
  <member type="way" ref="954185955" role=""/>
  <member type="way" ref="954185954" role=""/>
  <member type="way" ref="1188024866" role=""/>
  <member type="way" ref="945783755" role=""/>
  <member type="way" ref="106112628" role=""/>
  <member type="way" ref="1227978411" role=""/>
  <member type="way" ref="1472390235" role=""/>
  <member type="way" ref="1381161254" role=""/>
  <member type="way" ref="600485835" role=""/>
  <member type="way" ref="600485834" role=""/>
  <member type="way" ref="570582401" role=""/>
  <member type="way" ref="703452750" role=""/>
  <member type="way" ref="703452749" role=""/>
  <member type="way" ref="374529795" role=""/>
  <member type="way" ref="241572102" role=""/>
  <member type="way" ref="701392349" role=""/>
  <member type="way" ref="701392350" role=""/>
  <member type="way" ref="701427379" role=""/>
  <member type="way" ref="701427380" role=""/>
  <member type="way" ref="702872000" role=""/>
  <member type="way" ref="702813310" role=""/>
  <member type="way" ref="702813309" role=""/>
  <member type="way" ref="702813306" role=""/>
  <member type="way" ref="702848697" role=""/>
  <member type="way" ref="439088446" role=""/>
  <member type="way" ref="702880304" role=""/>
  <member type="way" ref="702848696" role=""/>
  <member type="way" ref="961861930" role=""/>
  <member type="way" ref="702880303" role=""/>
  <member type="way" ref="702880302" role=""/>
  <member type="way" ref="399820831" role=""/>
  <member type="way" ref="711700503" role=""/>
  <member type="way" ref="457757021" role=""/>
  <member type="way" ref="1290144946" role=""/>
  <member type="way" ref="1466411476" role=""/>
  <member type="way" ref="239370942" role=""/>
  <member type="way" ref="974572935" role=""/>
  <member type="way" ref="1242183437" role=""/>
  <member type="way" ref="693652773" role=""/>
  <member type="way" ref="1305064571" role=""/>
  <member type="way" ref="1109636292" role=""/>
  <member type="way" ref="1335957666" role=""/>
  <member type="way" ref="1326204766" role=""/>
  <member type="way" ref="220005738" role=""/>
  <member type="way" ref="616826560" role=""/>
  <member type="way" ref="344413424" role=""/>
  <member type="way" ref="972911787" role=""/>
  <member type="way" ref="1266442397" role=""/>
  <member type="way" ref="1343935603" role=""/>
  <member type="way" ref="344413423" role=""/>
  <member type="way" ref="965548423" role=""/>
  <member type="way" ref="1326407932" role=""/>
  <member type="way" ref="770605138" role=""/>
  <member type="way" ref="711696147" role=""/>
  <member type="way" ref="711701023" role=""/>
  <member type="way" ref="711696148" role=""/>
  <member type="way" ref="885892450" role=""/>
  <member type="way" ref="885892455" role=""/>
  <member type="way" ref="974086958" role=""/>
  <member type="way" ref="1105712690" role=""/>
  <member type="way" ref="157665742" role=""/>
  <member type="way" ref="251931720" role=""/>
  <member type="way" ref="707378172" role=""/>
  <member type="way" ref="1343945536" role=""/>
  <member type="way" ref="1343945541" role=""/>
  <member type="way" ref="707378171" role=""/>
  <member type="way" ref="1343946715" role=""/>
  <member type="way" ref="709684200" role=""/>
  <member type="way" ref="709684199" role=""/>
  <member type="way" ref="1500954907" role=""/>
  <member type="way" ref="709684198" role=""/>
  <member type="way" ref="709688116" role=""/>
  <member type="way" ref="709688115" role=""/>
  <member type="way" ref="251931723" role=""/>
  <member type="way" ref="709704789" role=""/>
  <member type="way" ref="251931743" role=""/>
  <member type="way" ref="932758888" role=""/>
  <member type="way" ref="1226236351" role=""/>
  <member type="way" ref="1226236357" role=""/>
  <member type="way" ref="840876887" role=""/>
  <member type="way" ref="776941610" role=""/>
  <member type="way" ref="776941611" role=""/>
  <member type="way" ref="1010127293" role=""/>
  <member type="way" ref="1010127295" role=""/>
  <member type="way" ref="1010127296" role=""/>
  <member type="way" ref="1010127297" role=""/>
  <member type="way" ref="1514726235" role=""/>
  <member type="way" ref="1416990716" role=""/>
  <member type="way" ref="1416990714" role=""/>
  <member type="way" ref="1010127287" role=""/>
  <member type="way" ref="1010127301" role=""/>
  <member type="way" ref="883802908" role=""/>
  <member type="way" ref="883802906" role=""/>
  <member type="way" ref="883802907" role=""/>
  <member type="way" ref="1010127302" role=""/>
  <member type="way" ref="1010846175" role=""/>
  <tag k="charge" v="10000 VND"/>
  <tag k="colour" v="#9cdd31"/>
  <tag k="fee" v="yes"/>
  <tag k="from" v="Bến xe Giáp Bát"/>
  <tag k="interval" v="00:15-00:20"/>
  <tag k="name" v="Bến xe Giáp Bát - Khu đô thị Smart City"/>
  <tag k="name:en" v="Giap Bat Bus Station - Smart City Urban Area"/>
  <tag k="network" v="Hanoibus"/>
  <tag k="opening_hours" v="Mo-Su 05:00-21:30"/>
  <tag k="operator" v="VinBus"/>
  <tag k="public_transport:version" v="2"/>
  <tag k="ref" v="E06"/>
  <tag k="route" v="bus"/>
  <tag k="to" v="Khu đô thị Smart City"/>
  <tag k="type" v="route"/>
 </relation>
 <relation id="14030405" visible="true" version="50" changeset="183249285" timestamp="2026-05-27T10:48:05Z" user="Vmosnokia31" uid="23326231">
  <member type="node" ref="9320083031" role="platform_entry_only"/>
  <member type="node" ref="9320083033" role="platform"/>
  <member type="node" ref="11554362832" role="platform"/>
  <member type="node" ref="11554362833" role="platform"/>
  <member type="node" ref="12579123791" role="platform"/>
  <member type="node" ref="9014725469" role="platform"/>
  <member type="node" ref="9014725467" role="platform"/>
  <member type="node" ref="9014725465" role="platform"/>
  <member type="node" ref="9014725463" role="platform"/>
  <member type="node" ref="9014725461" role="platform"/>
  <member type="node" ref="9014725459" role="platform"/>
  <member type="node" ref="8943744750" role="platform"/>
  <member type="node" ref="8943744751" role="platform"/>
  <member type="node" ref="11150870820" role="platform"/>
  <member type="node" ref="11150870821" role="platform"/>
  <member type="node" ref="8770739148" role="platform"/>
  <member type="node" ref="8770739149" role="platform"/>
  <member type="node" ref="8770739150" role="platform"/>
  <member type="node" ref="8770739151" role="platform"/>
  <member type="node" ref="8770739152" role="platform"/>
  <member type="node" ref="8770739153" role="platform"/>
  <member type="node" ref="8846358794" role="platform"/>
  <member type="node" ref="8770739154" role="platform"/>
  <member type="node" ref="444394880" role="platform"/>
  <member type="node" ref="8770739155" role="platform"/>
  <member type="node" ref="8939177164" role="platform"/>
  <member type="node" ref="8770739156" role="platform"/>
  <member type="node" ref="738814455" role="platform"/>
  <member type="node" ref="444394809" role="platform"/>
  <member type="node" ref="8846689642" role="platform"/>
  <member type="node" ref="8846689643" role="platform"/>
  <member type="node" ref="8846689644" role="platform"/>
  <member type="node" ref="8846689645" role="platform"/>
  <member type="node" ref="8846689646" role="platform"/>
  <member type="node" ref="738814966" role="platform"/>
  <member type="node" ref="11514018112" role="platform"/>
  <member type="node" ref="8755733290" role="platform"/>
  <member type="node" ref="738814934" role="platform"/>
  <member type="node" ref="8840893890" role="platform"/>
  <member type="node" ref="8840893891" role="platform"/>
  <member type="node" ref="5169396322" role="platform"/>
  <member type="node" ref="1755811863" role="platform"/>
  <member type="node" ref="11684178761" role="platform_exit_only"/>
  <member type="node" ref="13697659017" role="platform"/>
  <member type="way" ref="1010127278" role=""/>
  <member type="way" ref="596278982" role=""/>
  <member type="way" ref="1010127280" role=""/>
  <member type="way" ref="1010127281" role=""/>
  <member type="way" ref="1010127282" role=""/>
  <member type="way" ref="1010127283" role=""/>
  <member type="way" ref="1010127279" role=""/>
  <member type="way" ref="1010846174" role=""/>
  <member type="way" ref="1010127289" role=""/>
  <member type="way" ref="883802911" role=""/>
  <member type="way" ref="883802909" role=""/>
  <member type="way" ref="883802910" role=""/>
  <member type="way" ref="1010127290" role=""/>
  <member type="way" ref="1010127286" role=""/>
  <member type="way" ref="1416990713" role=""/>
  <member type="way" ref="1416990720" role=""/>
  <member type="way" ref="840934129" role=""/>
  <member type="way" ref="1514726235" role=""/>
  <member type="way" ref="1416990717" role=""/>
  <member type="way" ref="776941615" role=""/>
  <member type="way" ref="1010127294" role=""/>
  <member type="way" ref="776941612" role=""/>
  <member type="way" ref="776941609" role=""/>
  <member type="way" ref="840876886" role=""/>
  <member type="way" ref="1226236356" role=""/>
  <member type="way" ref="1226236354" role=""/>
  <member type="way" ref="1226236352" role=""/>
  <member type="way" ref="932758887" role=""/>
  <member type="way" ref="251931743" role=""/>
  <member type="way" ref="709704788" role=""/>
  <member type="way" ref="973960368" role=""/>
  <member type="way" ref="709358602" role=""/>
  <member type="way" ref="709360316" role=""/>
  <member type="way" ref="709349978" role=""/>
  <member type="way" ref="708550360" role=""/>
  <member type="way" ref="709367316" role=""/>
  <member type="way" ref="709367315" role=""/>
  <member type="way" ref="709378623" role=""/>
  <member type="way" ref="709378620" role=""/>
  <member type="way" ref="251931722" role=""/>
  <member type="way" ref="1343946716" role=""/>
  <member type="way" ref="1343945539" role=""/>
  <member type="way" ref="1343945535" role=""/>
  <member type="way" ref="1343943937" role=""/>
  <member type="way" ref="251931721" role=""/>
  <member type="way" ref="251931724" role=""/>
  <member type="way" ref="974086959" role=""/>
  <member type="way" ref="955805193" role=""/>
  <member type="way" ref="955882980" role=""/>
  <member type="way" ref="711697176" role=""/>
  <member type="way" ref="711712846" role=""/>
  <member type="way" ref="711697175" role=""/>
  <member type="way" ref="208808766" role=""/>
  <member type="way" ref="1326407933" role=""/>
  <member type="way" ref="770605139" role=""/>
  <member type="way" ref="1326407930" role=""/>
  <member type="way" ref="770605140" role=""/>
  <member type="way" ref="1109636282" role=""/>
  <member type="way" ref="1109636281" role=""/>
  <member type="way" ref="1326407931" role=""/>
  <member type="way" ref="1327438661" role=""/>
  <member type="way" ref="208657329" role=""/>
  <member type="way" ref="973485815" role=""/>
  <member type="way" ref="965408116" role=""/>
  <member type="way" ref="940397011" role=""/>
  <member type="way" ref="1266442395" role=""/>
  <member type="way" ref="1266442398" role=""/>
  <member type="way" ref="940397010" role=""/>
  <member type="way" ref="955882982" role=""/>
  <member type="way" ref="344413426" role=""/>
  <member type="way" ref="220005742" role=""/>
  <member type="way" ref="616826561" role=""/>
  <member type="way" ref="955842629" role=""/>
  <member type="way" ref="1151248817" role=""/>
  <member type="way" ref="1307455571" role=""/>
  <member type="way" ref="1307455573" role=""/>
  <member type="way" ref="38020420" role=""/>
  <member type="way" ref="1318958371" role=""/>
  <member type="way" ref="1305064572" role=""/>
  <member type="way" ref="708941780" role=""/>
  <member type="way" ref="1109636291" role=""/>
  <member type="way" ref="1242183436" role=""/>
  <member type="way" ref="1109636297" role=""/>
  <member type="way" ref="710270798" role=""/>
  <member type="way" ref="710270797" role=""/>
  <member type="way" ref="1466411477" role=""/>
  <member type="way" ref="239370934" role=""/>
  <member type="way" ref="710332807" role=""/>
  <member type="way" ref="457741984" role=""/>
  <member type="way" ref="955882984" role=""/>
  <member type="way" ref="706445530" role=""/>
  <member type="way" ref="1240365574" role=""/>
  <member type="way" ref="408780538" role=""/>
  <member type="way" ref="911435187" role=""/>
  <member type="way" ref="1094542159" role=""/>
  <member type="way" ref="709258847" role=""/>
  <member type="way" ref="408780568" role=""/>
  <member type="way" ref="1291700966" role=""/>
  <member type="way" ref="570582400" role=""/>
  <member type="way" ref="600485833" role=""/>
  <member type="way" ref="707885909" role=""/>
  <member type="way" ref="570582399" role=""/>
  <member type="way" ref="1238274480" role=""/>
  <member type="way" ref="1472390234" role=""/>
  <member type="way" ref="1381161255" role=""/>
  <member type="way" ref="374529797" role=""/>
  <member type="way" ref="600494887" role=""/>
  <member type="way" ref="11859996" role=""/>
  <member type="way" ref="1292590858" role=""/>
  <member type="way" ref="675212166" role=""/>
  <member type="way" ref="1290902310" role=""/>
  <member type="way" ref="945783749" role=""/>
  <member type="way" ref="11860361" role=""/>
  <member type="way" ref="945783750" role=""/>
  <member type="way" ref="1290902312" role=""/>
  <member type="way" ref="1290902311" role=""/>
  <member type="way" ref="600602489" role=""/>
  <member type="way" ref="1266070958" role=""/>
  <member type="way" ref="503891234" role=""/>
  <member type="way" ref="817491882" role=""/>
  <member type="way" ref="817491881" role=""/>
  <member type="way" ref="944100701" role=""/>
  <member type="way" ref="1049193036" role=""/>
  <member type="way" ref="944100702" role=""/>
  <member type="way" ref="817491884" role=""/>
  <member type="way" ref="705808095" role=""/>
  <member type="way" ref="1468504518" role=""/>
  <member type="way" ref="705801766" role=""/>
  <member type="way" ref="705801769" role=""/>
  <member type="way" ref="37371466" role=""/>
  <member type="way" ref="954882982" role=""/>
  <member type="way" ref="706480073" role=""/>
  <member type="way" ref="821757223" role=""/>
  <member type="way" ref="1523464636" role=""/>
  <member type="way" ref="705815858" role=""/>
  <member type="way" ref="705814526" role=""/>
  <member type="way" ref="705814527" role=""/>
  <member type="way" ref="706480072" role=""/>
  <member type="way" ref="703496254" role=""/>
  <member type="way" ref="703496255" role=""/>
  <member type="way" ref="705812473" role=""/>
  <member type="way" ref="945322271" role=""/>
  <member type="way" ref="599514302" role=""/>
  <member type="way" ref="1094396495" role=""/>
  <member type="way" ref="1290902313" role=""/>
  <member type="way" ref="955750000" role=""/>
  <member type="way" ref="1290902314" role=""/>
  <member type="way" ref="1290902315" role=""/>
  <tag k="charge" v="10000 VND"/>
  <tag k="colour" v="#9cdd31"/>
  <tag k="fee" v="yes"/>
  <tag k="from" v="Khu đô thị Smart City"/>
  <tag k="interval" v="00:15-00:20"/>
  <tag k="name" v="Khu đô thị Smart City - Bến xe Giáp Bát"/>
  <tag k="name:en" v="Smart City Urban Area - Giap Bat Bus Station"/>
  <tag k="network" v="Hanoibus"/>
  <tag k="opening_hours" v="Mo-Su 05:00-21:00"/>
  <tag k="operator" v="VinBus"/>
  <tag k="public_transport:version" v="2"/>
  <tag k="ref" v="E06"/>
  <tag k="route" v="bus"/>
  <tag k="to" v="Bến xe Giáp Bát"/>
  <tag k="type" v="route"/>
 </relation>
 <relation id="14030406" visible="true" version="2" changeset="148381528" timestamp="2024-03-08T12:14:50Z" user="edumiz624" uid="20881381">
  <member type="relation" ref="14030404" role=""/>
  <member type="relation" ref="14030405" role=""/>
  <tag k="name" v="Bến xe Giáp Bát ↔ Khu đô thị Smart City"/>
  <tag k="name:en" v="Giap Bat Bus Station - Smart City Urban Area"/>
  <tag k="network" v="Hanoibus"/>
  <tag k="operator" v="VinBus"/>
  <tag k="ref" v="E06"/>
  <tag k="route_master" v="bus"/>
  <tag k="type" v="route_master"/>
 </relation>
 <relation id="14587157" visible="true" version="53" changeset="183948330" timestamp="2026-06-11T01:19:02Z" user="Dung6517" uid="23068156">
  <member type="node" ref="9320083031" role="platform_entry_only"/>
  <member type="node" ref="9320083033" role="platform"/>
  <member type="node" ref="9659882254" role="platform"/>
  <member type="node" ref="9659882255" role="platform"/>
  <member type="node" ref="9659882256" role="platform"/>
  <member type="node" ref="9659882257" role="platform"/>
  <member type="node" ref="8770739153" role="platform"/>
  <member type="node" ref="8770739154" role="platform"/>
  <member type="node" ref="444394880" role="platform"/>
  <member type="node" ref="8770739155" role="platform"/>
  <member type="node" ref="8939177164" role="platform"/>
  <member type="node" ref="8770739156" role="platform"/>
  <member type="node" ref="738814455" role="platform"/>
  <member type="node" ref="444394809" role="platform"/>
  <member type="node" ref="738814410" role="platform"/>
  <member type="node" ref="8939177165" role="platform"/>
  <member type="node" ref="10028987061" role="platform"/>
  <member type="node" ref="7056077230" role="platform"/>
  <member type="node" ref="8813408793" role="platform"/>
  <member type="node" ref="8813408794" role="platform"/>
  <member type="node" ref="8813408795" role="platform"/>
  <member type="node" ref="738815658" role="platform"/>
  <member type="node" ref="8835043633" role="platform"/>
  <member type="node" ref="7056067374" role="platform"/>
  <member type="node" ref="8236303222" role="platform"/>
  <member type="node" ref="738814794" role="platform"/>
  <member type="node" ref="7056039276" role="platform"/>
  <member type="node" ref="8895558439" role="platform"/>
  <member type="node" ref="8895558454" role="platform"/>
  <member type="node" ref="10028987062" role="platform"/>
  <member type="node" ref="8895558455" role="platform"/>
  <member type="node" ref="10028987063" role="platform_exit_only"/>
  <member type="node" ref="8846358794" role="platform"/>
  <member type="node" ref="11515658234" role="platform"/>
  <member type="node" ref="8895558445" role="platform"/>
  <member type="node" ref="444394790" role="platform"/>
  <member type="way" ref="1010127278" role=""/>
  <member type="way" ref="596278982" role=""/>
  <member type="way" ref="1010127280" role=""/>
  <member type="way" ref="1010127281" role=""/>
  <member type="way" ref="1010127282" role=""/>
  <member type="way" ref="1010127283" role=""/>
  <member type="way" ref="1010127279" role=""/>
  <member type="way" ref="1010846174" role=""/>
  <member type="way" ref="1010127289" role=""/>
  <member type="way" ref="1011384350" role=""/>
  <member type="way" ref="1420396611" role=""/>
  <member type="way" ref="1011384356" role=""/>
  <member type="way" ref="1011384361" role=""/>
  <member type="way" ref="1011384358" role=""/>
  <member type="way" ref="1011384357" role=""/>
  <member type="way" ref="1011384354" role=""/>
  <member type="way" ref="457757013" role=""/>
  <member type="way" ref="710124782" role=""/>
  <member type="way" ref="710124783" role=""/>
  <member type="way" ref="710103555" role=""/>
  <member type="way" ref="1373569368" role=""/>
  <member type="way" ref="1373569367" role=""/>
  <member type="way" ref="710103554" role=""/>
  <member type="way" ref="1417546764" role=""/>
  <member type="way" ref="1528013948" role=""/>
  <member type="way" ref="1528331978" role=""/>
  <member type="way" ref="344412631" role=""/>
  <member type="way" ref="955882981" role=""/>
  <member type="way" ref="1204837530" role=""/>
  <member type="way" ref="220005743" role=""/>
  <member type="way" ref="709779714" role=""/>
  <member type="way" ref="709779715" role=""/>
  <member type="way" ref="1343936336" role=""/>
  <member type="way" ref="220005739" role=""/>
  <member type="way" ref="1326411566" role=""/>
  <member type="way" ref="600132996" role=""/>
  <member type="way" ref="955882982" role=""/>
  <member type="way" ref="344413426" role=""/>
  <member type="way" ref="220005742" role=""/>
  <member type="way" ref="616826561" role=""/>
  <member type="way" ref="955842629" role=""/>
  <member type="way" ref="1151248817" role=""/>
  <member type="way" ref="1307455571" role=""/>
  <member type="way" ref="1307455573" role=""/>
  <member type="way" ref="38020420" role=""/>
  <member type="way" ref="1318958371" role=""/>
  <member type="way" ref="1305064572" role=""/>
  <member type="way" ref="708941780" role=""/>
  <member type="way" ref="1109636291" role=""/>
  <member type="way" ref="1242183436" role=""/>
  <member type="way" ref="1109636297" role=""/>
  <member type="way" ref="710270798" role=""/>
  <member type="way" ref="710270797" role=""/>
  <member type="way" ref="1466411477" role=""/>
  <member type="way" ref="239370934" role=""/>
  <member type="way" ref="710332807" role=""/>
  <member type="way" ref="955882983" role=""/>
  <member type="way" ref="1198858980" role=""/>
  <member type="way" ref="709354466" role=""/>
  <member type="way" ref="945783774" role=""/>
  <member type="way" ref="961861931" role=""/>
  <member type="way" ref="702891549" role=""/>
  <member type="way" ref="702891548" role=""/>
  <member type="way" ref="264434802" role=""/>
  <member type="way" ref="948123045" role=""/>
  <member type="way" ref="116614142" role=""/>
  <member type="way" ref="1182476807" role=""/>
  <member type="way" ref="816861875" role=""/>
  <member type="way" ref="945783756" role=""/>
  <member type="way" ref="955201203" role=""/>
  <member type="way" ref="621139527" role=""/>
  <member type="way" ref="711367567" role=""/>
  <member type="way" ref="711367569" role=""/>
  <member type="way" ref="711367570" role=""/>
  <member type="way" ref="703109534" role=""/>
  <member type="way" ref="1507377225" role=""/>
  <member type="way" ref="703109533" role=""/>
  <member type="way" ref="955201204" role=""/>
  <member type="way" ref="954991275" role=""/>
  <member type="way" ref="397649390" role=""/>
  <member type="way" ref="708649104" role=""/>
  <member type="way" ref="1014224393" role=""/>
  <member type="way" ref="596710689" role=""/>
  <member type="way" ref="709673461" role=""/>
  <member type="way" ref="1012665677" role=""/>
  <member type="way" ref="774597879" role=""/>
  <member type="way" ref="1012665682" role=""/>
  <member type="way" ref="1158120933" role=""/>
  <member type="way" ref="1158120936" role=""/>
  <member type="way" ref="1158120935" role=""/>
  <member type="way" ref="740599803" role=""/>
  <member type="way" ref="912298260" role=""/>
  <member type="way" ref="704641289" role=""/>
  <member type="way" ref="912298261" role=""/>
  <member type="way" ref="704641292" role=""/>
  <member type="way" ref="848915397" role=""/>
  <member type="way" ref="944894013" role=""/>
  <member type="way" ref="952211060" role=""/>
  <member type="way" ref="706507802" role=""/>
  <member type="way" ref="693489635" role=""/>
  <member type="way" ref="961664404" role=""/>
  <member type="way" ref="601912140" role=""/>
  <member type="way" ref="1340549230" role=""/>
  <member type="way" ref="708607650" role=""/>
  <member type="way" ref="1119786564" role=""/>
  <member type="way" ref="704989752" role=""/>
  <member type="way" ref="894857486" role=""/>
  <member type="way" ref="11006496" role=""/>
  <member type="way" ref="944100698" role=""/>
  <member type="way" ref="705548645" role=""/>
  <member type="way" ref="705545549" role=""/>
  <member type="way" ref="597668114" role=""/>
  <member type="way" ref="597668111" role=""/>
  <member type="way" ref="705548642" role=""/>
  <member type="way" ref="597668119" role=""/>
  <member type="way" ref="1240455073" role=""/>
  <member type="way" ref="589521900" role=""/>
  <member type="way" ref="1042519575" role=""/>
  <member type="way" ref="951487943" role=""/>
  <member type="way" ref="589521899" role=""/>
  <member type="way" ref="1116858552" role=""/>
  <member type="way" ref="178423589" role=""/>
  <member type="way" ref="1205147990" role=""/>
  <member type="way" ref="894143945" role=""/>
  <member type="way" ref="1205147992" role=""/>
  <member type="way" ref="1431633228" role=""/>
  <member type="way" ref="85620783" role=""/>
  <member type="way" ref="964318756" role=""/>
  <member type="way" ref="709017781" role=""/>
  <member type="way" ref="711720171" role=""/>
  <member type="way" ref="1326062360" role=""/>
  <member type="way" ref="955842619" role=""/>
  <member type="way" ref="1238804774" role=""/>
  <member type="way" ref="1174245431" role=""/>
  <member type="way" ref="1493422350" role=""/>
  <member type="way" ref="1524009473" role=""/>
  <member type="way" ref="85739426" role=""/>
  <member type="way" ref="506335713" role=""/>
  <member type="way" ref="506335706" role=""/>
  <member type="way" ref="85739407" role=""/>
  <member type="way" ref="208377524" role=""/>
  <member type="way" ref="208377523" role=""/>
  <member type="way" ref="1373569351" role=""/>
  <member type="way" ref="602437549" role=""/>
  <member type="way" ref="961664405" role=""/>
  <member type="way" ref="208377530" role=""/>
  <member type="way" ref="1040451794" role=""/>
  <member type="way" ref="1040753539" role=""/>
  <member type="way" ref="961664408" role=""/>
  <member type="way" ref="703952682" role=""/>
  <member type="way" ref="964319768" role=""/>
  <member type="way" ref="703952680" role=""/>
  <member type="node" ref="9004787830" role="platform"/>
  <member type="node" ref="9004787828" role="platform"/>
  <member type="node" ref="9004787826" role="platform"/>
  <member type="node" ref="9004787824" role="platform"/>
  <member type="node" ref="9004787822" role="platform"/>
  <member type="node" ref="8846689639" role="platform"/>
  <member type="node" ref="8846689640" role="platform"/>
  <member type="node" ref="8846689641" role="platform"/>
  <member type="node" ref="13159384054" role="platform"/>
  <tag k="charge" v="12000 VND"/>
  <tag k="colour" v="#9cdd31"/>
  <tag k="fee" v="yes"/>
  <tag k="from" v="Khu đô thị Smart City"/>
  <tag k="interval" v="00:15-00:20"/>
  <tag k="name" v="Khu đô thị Smart City - Vincom Long Biên"/>
  <tag k="name:en" v="Smart City Urban Area - Vincom Long Bien Commercial Center"/>
  <tag k="network" v="Hanoibus"/>
  <tag k="opening_hours" v="Mo-Su 05:00-21:30"/>
  <tag k="operator" v="VinBus"/>
  <tag k="public_transport:version" v="2"/>
  <tag k="ref" v="E04"/>
  <tag k="route" v="bus"/>
  <tag k="to" v="Vincom Long Biên"/>
  <tag k="type" v="route"/>
 </relation>
 <relation id="14587158" visible="true" version="62" changeset="183948330" timestamp="2026-06-11T01:19:02Z" user="Dung6517" uid="23068156">
  <member type="node" ref="10028987063" role="platform_entry_only"/>
  <member type="node" ref="8895558475" role="platform"/>
  <member type="node" ref="8895558446" role="platform"/>
  <member type="node" ref="8895558440" role="platform"/>
  <member type="node" ref="8807115914" role="platform"/>
  <member type="node" ref="8835043631" role="platform"/>
  <member type="node" ref="8835043632" role="platform"/>
  <member type="node" ref="738814519" role="platform"/>
  <member type="node" ref="738813564" role="platform"/>
  <member type="node" ref="8813408798" role="platform"/>
  <member type="node" ref="738815257" role="platform"/>
  <member type="node" ref="5485887885" role="platform"/>
  <member type="node" ref="444394752" role="platform"/>
  <member type="node" ref="738813733" role="platform"/>
  <member type="node" ref="444395014" role="platform"/>
  <member type="node" ref="444394994" role="platform"/>
  <member type="node" ref="444394979" role="platform"/>
  <member type="node" ref="8770675677" role="platform"/>
  <member type="node" ref="444394956" role="platform"/>
  <member type="node" ref="444394950" role="platform"/>
  <member type="node" ref="8770675678" role="platform"/>
  <member type="node" ref="8770675679" role="platform"/>
  <member type="node" ref="9659882252" role="platform"/>
  <member type="node" ref="9659882253" role="platform"/>
  <member type="node" ref="9320083031" role="platform_exit_only"/>
  <member type="node" ref="444394999" role="platform"/>
  <member type="node" ref="8895558476" role="platform"/>
  <member type="node" ref="8845983485" role="platform"/>
  <member type="node" ref="8845983486" role="platform"/>
  <member type="node" ref="8845983487" role="platform"/>
  <member type="node" ref="8845983488" role="platform"/>
  <member type="node" ref="9004787821" role="platform"/>
  <member type="node" ref="9004787823" role="platform"/>
  <member type="node" ref="9004787825" role="platform"/>
  <member type="node" ref="9004787827" role="platform"/>
  <member type="node" ref="9004787829" role="platform"/>
  <member type="node" ref="9004787831" role="platform"/>
  <member type="node" ref="13294169958" role="platform"/>
  <member type="way" ref="208359477" role=""/>
  <member type="way" ref="1095099014" role=""/>
  <member type="way" ref="374515766" role=""/>
  <member type="way" ref="1040753540" role=""/>
  <member type="way" ref="1040451793" role=""/>
  <member type="way" ref="208377520" role=""/>
  <member type="way" ref="384671275" role=""/>
  <member type="way" ref="602437549" role=""/>
  <member type="way" ref="1373569355" role=""/>
  <member type="way" ref="602322758" role=""/>
  <member type="way" ref="208377529" role=""/>
  <member type="way" ref="1158120931" role=""/>
  <member type="way" ref="208377526" role=""/>
  <member type="way" ref="506335714" role=""/>
  <member type="way" ref="703266696" role=""/>
  <member type="way" ref="703266697" role=""/>
  <member type="way" ref="1493422351" role=""/>
  <member type="way" ref="85739384" role=""/>
  <member type="way" ref="709351501" role=""/>
  <member type="way" ref="711720172" role=""/>
  <member type="way" ref="1493422347" role=""/>
  <member type="way" ref="85739398" role=""/>
  <member type="way" ref="1431633226" role=""/>
  <member type="way" ref="69143125" role=""/>
  <member type="way" ref="955842628" role=""/>
  <member type="way" ref="875229033" role=""/>
  <member type="way" ref="1116858553" role=""/>
  <member type="way" ref="951487944" role=""/>
  <member type="way" ref="28920237" role=""/>
  <member type="way" ref="1240455072" role=""/>
  <member type="way" ref="944100709" role=""/>
  <member type="way" ref="1263456368" role=""/>
  <member type="way" ref="705548641" role=""/>
  <member type="way" ref="597668128" role=""/>
  <member type="way" ref="597668131" role=""/>
  <member type="way" ref="894857492" role=""/>
  <member type="way" ref="1318958367" role=""/>
  <member type="way" ref="944100697" role=""/>
  <member type="way" ref="894857490" role=""/>
  <member type="way" ref="893882396" role=""/>
  <member type="way" ref="1031088018" role=""/>
  <member type="way" ref="1009871353" role=""/>
  <member type="way" ref="1051713837" role=""/>
  <member type="way" ref="894857488" role=""/>
  <member type="way" ref="881062561" role=""/>
  <member type="way" ref="1117717293" role=""/>
  <member type="way" ref="1073715752" role=""/>
  <member type="way" ref="1119786563" role=""/>
  <member type="way" ref="1112836172" role=""/>
  <member type="way" ref="946030629" role=""/>
  <member type="way" ref="1119786561" role=""/>
  <member type="way" ref="1058963344" role=""/>
  <member type="way" ref="908118005" role=""/>
  <member type="way" ref="1031913854" role=""/>
  <member type="way" ref="944894014" role=""/>
  <member type="way" ref="704641291" role=""/>
  <member type="way" ref="856460788" role=""/>
  <member type="way" ref="912298259" role=""/>
  <member type="way" ref="704641290" role=""/>
  <member type="way" ref="912298258" role=""/>
  <member type="way" ref="704089866" role=""/>
  <member type="way" ref="1158120934" role=""/>
  <member type="way" ref="1158120937" role=""/>
  <member type="way" ref="1158120932" role=""/>
  <member type="way" ref="1012665683" role=""/>
  <member type="way" ref="848915394" role=""/>
  <member type="way" ref="848915395" role=""/>
  <member type="way" ref="709673459" role=""/>
  <member type="way" ref="709673462" role=""/>
  <member type="way" ref="1447195328" role=""/>
  <member type="way" ref="708658348" role=""/>
  <member type="way" ref="177433576" role=""/>
  <member type="way" ref="961861921" role=""/>
  <member type="way" ref="708649102" role=""/>
  <member type="way" ref="708649103" role=""/>
  <member type="way" ref="1393164065" role=""/>
  <member type="way" ref="616838547" role=""/>
  <member type="way" ref="954882991" role=""/>
  <member type="way" ref="1123561349" role=""/>
  <member type="way" ref="711367572" role=""/>
  <member type="way" ref="1123561350" role=""/>
  <member type="way" ref="711367571" role=""/>
  <member type="way" ref="711367568" role=""/>
  <member type="way" ref="945783757" role=""/>
  <member type="way" ref="955201202" role=""/>
  <member type="way" ref="106053500" role=""/>
  <member type="way" ref="948123043" role=""/>
  <member type="way" ref="1241122649" role=""/>
  <member type="way" ref="1182476806" role=""/>
  <member type="way" ref="711431923" role=""/>
  <member type="way" ref="929495373" role=""/>
  <member type="way" ref="814585068" role=""/>
  <member type="way" ref="709301564" role=""/>
  <member type="way" ref="945783773" role=""/>
  <member type="way" ref="702880302" role=""/>
  <member type="way" ref="399820831" role=""/>
  <member type="way" ref="711700503" role=""/>
  <member type="way" ref="457757021" role=""/>
  <member type="way" ref="1290144946" role=""/>
  <member type="way" ref="1466411476" role=""/>
  <member type="way" ref="239370942" role=""/>
  <member type="way" ref="974572935" role=""/>
  <member type="way" ref="1242183437" role=""/>
  <member type="way" ref="693652773" role=""/>
  <member type="way" ref="1305064571" role=""/>
  <member type="way" ref="1109636292" role=""/>
  <member type="way" ref="1335957666" role=""/>
  <member type="way" ref="1326204766" role=""/>
  <member type="way" ref="220005738" role=""/>
  <member type="way" ref="616826560" role=""/>
  <member type="way" ref="344413424" role=""/>
  <member type="way" ref="344413323" role=""/>
  <member type="way" ref="1254786896" role=""/>
  <member type="way" ref="344411389" role=""/>
  <member type="way" ref="709779713" role=""/>
  <member type="way" ref="687216053" role=""/>
  <member type="way" ref="1240199928" role=""/>
  <member type="way" ref="955805191" role=""/>
  <member type="way" ref="344412631" role=""/>
  <member type="way" ref="1528331978" role=""/>
  <member type="way" ref="1528013948" role=""/>
  <member type="way" ref="1417546764" role=""/>
  <member type="way" ref="710103554" role=""/>
  <member type="way" ref="1373569367" role=""/>
  <member type="way" ref="1373569368" role=""/>
  <member type="way" ref="710103555" role=""/>
  <member type="way" ref="710124783" role=""/>
  <member type="way" ref="710124782" role=""/>
  <member type="way" ref="457757013" role=""/>
  <member type="way" ref="1051192405" role=""/>
  <member type="way" ref="883802912" role=""/>
  <member type="way" ref="840934127" role=""/>
  <member type="way" ref="1010127302" role=""/>
  <member type="way" ref="1010846175" role=""/>
  <member type="node" ref="13294169959" role="platform"/>
  <member type="node" ref="13702888618" role="platform"/>
  <tag k="charge" v="12000 VND"/>
  <tag k="colour" v="#9cdd31"/>
  <tag k="fee" v="yes"/>
  <tag k="from" v="Vincom Long Biên"/>
  <tag k="interval" v="00:15-00:20"/>
  <tag k="name" v="Vincom Long Biên - Khu đô thị Smart City"/>
  <tag k="name:en" v="Vincom Long Bien Commercial Center - Smart City Urban Area"/>
  <tag k="network" v="Hanoibus"/>
  <tag k="opening_hours" v="Mo-Su 05:00-21:30"/>
  <tag k="operator" v="VinBus"/>
  <tag k="public_transport:version" v="2"/>
  <tag k="ref" v="E04"/>
  <tag k="route" v="bus"/>
  <tag k="to" v="Khu đô thị Smart City"/>
  <tag k="type" v="route"/>
 </relation>
 <relation id="14628193" visible="true" version="15" changeset="170533373" timestamp="2025-08-16T17:07:02Z" user="ItsLouisAnderson" uid="11691953">
  <member type="way" ref="1173008192" role="outer"/>
  <member type="way" ref="1000116845" role="outer"/>
  <member type="way" ref="1420696901" role="outer"/>
  <member type="way" ref="1420696900" role="outer"/>
  <member type="way" ref="1420696897" role="outer"/>
  <member type="way" ref="1420696898" role="outer"/>
  <member type="way" ref="678539329" role="outer"/>
  <member type="way" ref="1420696891" role="outer"/>
  <member type="way" ref="1098119918" role="outer"/>
  <member type="way" ref="1098119917" role="outer"/>
  <member type="way" ref="1098119921" role="outer"/>
  <member type="way" ref="1098119920" role="outer"/>
  <tag k="admin_level" v="8"/>
  <tag k="boundary" v="historic"/>
  <tag k="name" v="Phường Văn Quán"/>
  <tag k="type" v="boundary"/>
  <tag k="wikidata" v="Q10833422"/>
  <tag k="wikipedia" v="vi:Văn Quán (phường)"/>
 </relation>
 <relation id="14628194" visible="true" version="14" changeset="170533373" timestamp="2025-08-16T17:07:02Z" user="ItsLouisAnderson" uid="11691953">
  <member type="way" ref="1098119920" role="outer"/>
  <member type="way" ref="1420696895" role="outer"/>
  <member type="way" ref="1420696894" role="outer"/>
  <member type="way" ref="832454937" role="outer"/>
  <member type="way" ref="1420696893" role="outer"/>
  <member type="way" ref="1420696892" role="outer"/>
  <member type="way" ref="1098119914" role="outer"/>
  <member type="way" ref="1098119915" role="outer"/>
  <member type="way" ref="1098119923" role="outer"/>
  <tag k="admin_level" v="8"/>
  <tag k="boundary" v="historic"/>
  <tag k="name" v="Phường Mộ Lao"/>
  <tag k="type" v="boundary"/>
  <tag k="wikidata" v="Q10796616"/>
  <tag k="wikipedia" v="vi:Mộ Lao"/>
 </relation>
 <relation id="14716819" visible="true" version="63" changeset="181522046" timestamp="2026-04-19T03:53:30Z" user="Hung Tran 9x0" uid="20910140">
  <member type="node" ref="7589589146" role="platform_entry_only"/>
  <member type="node" ref="10118163076" role="platform"/>
  <member type="node" ref="738814907" role="platform"/>
  <member type="node" ref="738813697" role="platform"/>
  <member type="node" ref="738814313" role="platform"/>
  <member type="node" ref="7056039275" role="platform"/>
  <member type="node" ref="10118163079" role="platform"/>
  <member type="node" ref="7056039272" role="platform"/>
  <member type="node" ref="8807115914" role="platform"/>
  <member type="node" ref="8835043631" role="platform"/>
  <member type="node" ref="8835043632" role="platform"/>
  <member type="node" ref="738814519" role="platform"/>
  <member type="node" ref="738813564" role="platform"/>
  <member type="node" ref="8813408798" role="platform"/>
  <member type="node" ref="738815257" role="platform"/>
  <member type="node" ref="5485887885" role="platform"/>
  <member type="node" ref="444394752" role="platform"/>
  <member type="node" ref="738813733" role="platform"/>
  <member type="node" ref="444395014" role="platform"/>
  <member type="node" ref="444394999" role="platform"/>
  <member type="node" ref="444394994" role="platform"/>
  <member type="node" ref="444394979" role="platform"/>
  <member type="node" ref="8770675677" role="platform"/>
  <member type="node" ref="444394956" role="platform"/>
  <member type="node" ref="444394950" role="platform"/>
  <member type="node" ref="8770675678" role="platform"/>
  <member type="node" ref="8770675679" role="platform"/>
  <member type="node" ref="8845983485" role="platform"/>
  <member type="node" ref="8845983486" role="platform"/>
  <member type="node" ref="8845983487" role="platform"/>
  <member type="node" ref="8845983488" role="platform"/>
  <member type="node" ref="8845983489" role="platform"/>
  <member type="node" ref="9014725464" role="platform"/>
  <member type="node" ref="9014725466" role="platform"/>
  <member type="node" ref="9014725468" role="platform"/>
  <member type="node" ref="9013469857" role="platform"/>
  <member type="node" ref="10118163088" role="platform"/>
  <member type="node" ref="10118163089" role="platform"/>
  <member type="node" ref="10118163113" role="platform_exit_only"/>
  <member type="node" ref="8895558476" role="platform"/>
  <member type="node" ref="12579123790" role="platform"/>
  <member type="node" ref="7825858601" role=""/>
  <member type="way" ref="954856206" role=""/>
  <member type="way" ref="838509720" role=""/>
  <member type="way" ref="838526715" role=""/>
  <member type="way" ref="1105753219" role=""/>
  <member type="way" ref="838062938" role=""/>
  <member type="way" ref="11005894" role=""/>
  <member type="way" ref="711132577" role=""/>
  <member type="way" ref="686156629" role=""/>
  <member type="way" ref="600115734" role=""/>
  <member type="way" ref="1303403704" role=""/>
  <member type="way" ref="1311942194" role=""/>
  <member type="way" ref="85739368" role=""/>
  <member type="way" ref="711530189" role=""/>
  <member type="way" ref="711530188" role=""/>
  <member type="way" ref="600544654" role=""/>
  <member type="way" ref="711090413" role=""/>
  <member type="way" ref="711090415" role=""/>
  <member type="way" ref="817450719" role=""/>
  <member type="way" ref="818018266" role=""/>
  <member type="way" ref="1009060040" role=""/>
  <member type="way" ref="711102158" role=""/>
  <member type="way" ref="704988348" role=""/>
  <member type="way" ref="506316675" role=""/>
  <member type="way" ref="707365492" role=""/>
  <member type="way" ref="704988347" role=""/>
  <member type="way" ref="702791126" role=""/>
  <member type="way" ref="1105753215" role=""/>
  <member type="way" ref="702795322" role=""/>
  <member type="way" ref="1228207856" role=""/>
  <member type="way" ref="1105753216" role=""/>
  <member type="way" ref="1105712687" role=""/>
  <member type="way" ref="1042519576" role=""/>
  <member type="way" ref="954542125" role=""/>
  <member type="way" ref="291885690" role=""/>
  <member type="way" ref="951487944" role=""/>
  <member type="way" ref="28920237" role=""/>
  <member type="way" ref="1240455072" role=""/>
  <member type="way" ref="944100709" role=""/>
  <member type="way" ref="1263456368" role=""/>
  <member type="way" ref="705548641" role=""/>
  <member type="way" ref="597668128" role=""/>
  <member type="way" ref="597668131" role=""/>
  <member type="way" ref="894857492" role=""/>
  <member type="way" ref="1318958367" role=""/>
  <member type="way" ref="944100697" role=""/>
  <member type="way" ref="894857490" role=""/>
  <member type="way" ref="893882396" role=""/>
  <member type="way" ref="1031088018" role=""/>
  <member type="way" ref="1009871353" role=""/>
  <member type="way" ref="1051713837" role=""/>
  <member type="way" ref="894857488" role=""/>
  <member type="way" ref="881062561" role=""/>
  <member type="way" ref="1117717293" role=""/>
  <member type="way" ref="1073715752" role=""/>
  <member type="way" ref="1119786563" role=""/>
  <member type="way" ref="1112836172" role=""/>
  <member type="way" ref="946030629" role=""/>
  <member type="way" ref="1119786561" role=""/>
  <member type="way" ref="1058963344" role=""/>
  <member type="way" ref="908118005" role=""/>
  <member type="way" ref="1031913854" role=""/>
  <member type="way" ref="944894014" role=""/>
  <member type="way" ref="704641291" role=""/>
  <member type="way" ref="856460788" role=""/>
  <member type="way" ref="912298259" role=""/>
  <member type="way" ref="704641290" role=""/>
  <member type="way" ref="912298258" role=""/>
  <member type="way" ref="704089866" role=""/>
  <member type="way" ref="1158120934" role=""/>
  <member type="way" ref="1158120937" role=""/>
  <member type="way" ref="1158120932" role=""/>
  <member type="way" ref="1012665683" role=""/>
  <member type="way" ref="848915394" role=""/>
  <member type="way" ref="848915395" role=""/>
  <member type="way" ref="709673459" role=""/>
  <member type="way" ref="709673462" role=""/>
  <member type="way" ref="1447195328" role=""/>
  <member type="way" ref="708658348" role=""/>
  <member type="way" ref="177433576" role=""/>
  <member type="way" ref="961861921" role=""/>
  <member type="way" ref="708649102" role=""/>
  <member type="way" ref="708649103" role=""/>
  <member type="way" ref="1393164065" role=""/>
  <member type="way" ref="616838547" role=""/>
  <member type="way" ref="954882991" role=""/>
  <member type="way" ref="1123561349" role=""/>
  <member type="way" ref="711367572" role=""/>
  <member type="way" ref="1123561350" role=""/>
  <member type="way" ref="711367571" role=""/>
  <member type="way" ref="711367568" role=""/>
  <member type="way" ref="945783757" role=""/>
  <member type="way" ref="955201202" role=""/>
  <member type="way" ref="106053500" role=""/>
  <member type="way" ref="948123043" role=""/>
  <member type="way" ref="1241122649" role=""/>
  <member type="way" ref="1182476806" role=""/>
  <member type="way" ref="711431923" role=""/>
  <member type="way" ref="929495373" role=""/>
  <member type="way" ref="814585068" role=""/>
  <member type="way" ref="709301564" role=""/>
  <member type="way" ref="945783773" role=""/>
  <member type="way" ref="702880302" role=""/>
  <member type="way" ref="399820831" role=""/>
  <member type="way" ref="711700503" role=""/>
  <member type="way" ref="457757021" role=""/>
  <member type="way" ref="1290144946" role=""/>
  <member type="way" ref="1466411476" role=""/>
  <member type="way" ref="239370942" role=""/>
  <member type="way" ref="974572935" role=""/>
  <member type="way" ref="1242183437" role=""/>
  <member type="way" ref="693652773" role=""/>
  <member type="way" ref="1305064571" role=""/>
  <member type="way" ref="1109636292" role=""/>
  <member type="way" ref="1335957666" role=""/>
  <member type="way" ref="1326204766" role=""/>
  <member type="way" ref="220005738" role=""/>
  <member type="way" ref="616826560" role=""/>
  <member type="way" ref="344413424" role=""/>
  <member type="way" ref="344413323" role=""/>
  <member type="way" ref="1254786896" role=""/>
  <member type="way" ref="344411389" role=""/>
  <member type="way" ref="709779713" role=""/>
  <member type="way" ref="687216053" role=""/>
  <member type="way" ref="1240199928" role=""/>
  <member type="way" ref="955805192" role=""/>
  <member type="way" ref="756588020" role=""/>
  <member type="way" ref="709781969" role=""/>
  <member type="way" ref="709781970" role=""/>
  <member type="way" ref="709681294" role=""/>
  <member type="way" ref="1427960775" role=""/>
  <member type="way" ref="597139532" role=""/>
  <member type="way" ref="597139539" role=""/>
  <member type="way" ref="1427960777" role=""/>
  <member type="way" ref="777614207" role=""/>
  <member type="way" ref="966204404" role=""/>
  <member type="way" ref="707065797" role=""/>
  <member type="way" ref="596696077" role=""/>
  <member type="way" ref="709684200" role=""/>
  <member type="way" ref="709684199" role=""/>
  <member type="way" ref="1500954907" role=""/>
  <member type="way" ref="709684198" role=""/>
  <member type="way" ref="709688116" role=""/>
  <member type="way" ref="709688115" role=""/>
  <member type="way" ref="251931723" role=""/>
  <member type="way" ref="973960363" role=""/>
  <member type="way" ref="973960368" role=""/>
  <member type="way" ref="601439654" role=""/>
  <member type="way" ref="973960362" role=""/>
  <member type="way" ref="708931002" role=""/>
  <member type="way" ref="251931729" role=""/>
  <member type="way" ref="550543430" role=""/>
  <member type="way" ref="1359514082" role=""/>
  <member type="way" ref="601515598" role=""/>
  <member type="way" ref="550542133" role=""/>
  <member type="way" ref="550542127" role=""/>
  <member type="way" ref="1105712693" role=""/>
  <member type="way" ref="952996074" role=""/>
  <member type="way" ref="1105712695" role=""/>
  <member type="way" ref="550542128" role=""/>
  <member type="way" ref="1298254945" role=""/>
  <member type="way" ref="1298254940" role=""/>
  <member type="way" ref="1298254948" role=""/>
  <member type="way" ref="1298254947" role=""/>
  <member type="way" ref="1298254950" role=""/>
  <member type="node" ref="13127898088" role="platform"/>
  <member type="node" ref="13127898089" role="platform"/>
  <member type="node" ref="12717509088" role="platform"/>
  <member type="node" ref="12717509089" role="platform"/>
  <tag k="charge" v="12000 VND"/>
  <tag k="colour" v="#9cdd31"/>
  <tag k="fee" v="yes"/>
  <tag k="from" v="Trần Khánh Dư"/>
  <tag k="interval" v="00:10-00:20"/>
  <tag k="name" v="Trần Khánh Dư - Học viện chính sách và phát triển"/>
  <tag k="name:en" v="Tran Khanh Du Bus Interchange - Academy of Policy and Development"/>
  <tag k="network" v="Hanoibus"/>
  <tag k="opening_hours" v="Mo-Su 05:00-20:55"/>
  <tag k="operator" v="Công ty CPVT &amp; DV Liên Ninh"/>
  <tag k="public_transport:version" v="2"/>
  <tag k="ref" v="19"/>
  <tag k="route" v="bus"/>
  <tag k="to" v="Học viện chính sách và phát triển"/>
  <tag k="type" v="route"/>
 </relation>
 <relation id="14716821" visible="true" version="3" changeset="148098872" timestamp="2024-03-01T14:27:54Z" user="edumiz624" uid="20881381">
  <member type="relation" ref="14716819" role=""/>
  <member type="relation" ref="14717320" role=""/>
  <tag k="name" v="Trần Khánh Dư ↔ Học viện chính sách và phát triển"/>
  <tag k="name:en" v="Tran Khanh Du Bus Interchange - Academy of Policy and Development"/>
  <tag k="network" v="Hanoibus"/>
  <tag k="operator" v="Công ty CPVT &amp; DV Liên Ninh"/>
  <tag k="ref" v="19"/>
  <tag k="route_master" v="bus"/>
  <tag k="type" v="route_master"/>
 </relation>
 <relation id="14717320" visible="true" version="62" changeset="182628417" timestamp="2026-05-14T04:25:49Z" user="GrabVN_HHanh" uid="21825758">
  <member type="node" ref="10118163113" role="platform_entry_only"/>
  <member type="node" ref="10118488773" role="platform"/>
  <member type="node" ref="10118488774" role="platform"/>
  <member type="node" ref="9013469856" role="platform"/>
  <member type="node" ref="12579123791" role="platform"/>
  <member type="node" ref="9014725469" role="platform"/>
  <member type="node" ref="9014725467" role="platform"/>
  <member type="node" ref="9014725465" role="platform"/>
  <member type="node" ref="8846689637" role="platform"/>
  <member type="node" ref="8846689638" role="platform"/>
  <member type="node" ref="8846689639" role="platform"/>
  <member type="node" ref="8846689640" role="platform"/>
  <member type="node" ref="8846689641" role="platform"/>
  <member type="node" ref="8770739153" role="platform"/>
  <member type="node" ref="8770739154" role="platform"/>
  <member type="node" ref="444394880" role="platform"/>
  <member type="node" ref="8770739155" role="platform"/>
  <member type="node" ref="8939177164" role="platform"/>
  <member type="node" ref="738814455" role="platform"/>
  <member type="node" ref="444394809" role="platform"/>
  <member type="node" ref="444394790" role="platform"/>
  <member type="node" ref="738814410" role="platform"/>
  <member type="node" ref="8939177165" role="platform"/>
  <member type="node" ref="7056077230" role="platform"/>
  <member type="node" ref="8813408793" role="platform"/>
  <member type="node" ref="8813408794" role="platform"/>
  <member type="node" ref="8813408795" role="platform"/>
  <member type="node" ref="738815658" role="platform"/>
  <member type="node" ref="11515658234" role="platform"/>
  <member type="node" ref="8835043633" role="platform"/>
  <member type="node" ref="7056067374" role="platform"/>
  <member type="node" ref="8236303222" role="platform"/>
  <member type="node" ref="738814794" role="platform"/>
  <member type="node" ref="7056039276" role="platform"/>
  <member type="node" ref="10118488780" role="platform"/>
  <member type="node" ref="7056039273" role="platform"/>
  <member type="node" ref="738815660" role="platform"/>
  <member type="node" ref="738814139" role="platform"/>
  <member type="node" ref="10118488781" role="platform"/>
  <member type="node" ref="10118488782" role="platform"/>
  <member type="node" ref="7821910475" role="platform"/>
  <member type="node" ref="8770739156" role="platform"/>
  <member type="node" ref="8846358794" role="platform"/>
  <member type="node" ref="7825858601" role="platform_exit_only"/>
  <member type="way" ref="1298254949" role=""/>
  <member type="way" ref="601884571" role=""/>
  <member type="way" ref="1105712694" role=""/>
  <member type="way" ref="1105712692" role=""/>
  <member type="way" ref="550542134" role=""/>
  <member type="way" ref="1513275414" role=""/>
  <member type="way" ref="601515598" role=""/>
  <member type="way" ref="1359514082" role=""/>
  <member type="way" ref="1359514083" role=""/>
  <member type="way" ref="550543431" role=""/>
  <member type="way" ref="1105753212" role=""/>
  <member type="way" ref="251931729" role=""/>
  <member type="way" ref="708931002" role=""/>
  <member type="way" ref="973960361" role=""/>
  <member type="way" ref="601439655" role=""/>
  <member type="way" ref="709360316" role=""/>
  <member type="way" ref="709349978" role=""/>
  <member type="way" ref="708550360" role=""/>
  <member type="way" ref="709367316" role=""/>
  <member type="way" ref="709367315" role=""/>
  <member type="way" ref="709378623" role=""/>
  <member type="way" ref="709378620" role=""/>
  <member type="way" ref="251931722" role=""/>
  <member type="way" ref="597243828" role=""/>
  <member type="way" ref="596696077" role=""/>
  <member type="way" ref="707065797" role=""/>
  <member type="way" ref="777614205" role=""/>
  <member type="way" ref="777614206" role=""/>
  <member type="way" ref="596714953" role=""/>
  <member type="way" ref="1340216454" role=""/>
  <member type="way" ref="1427960778" role=""/>
  <member type="way" ref="709681292" role=""/>
  <member type="way" ref="457742014" role=""/>
  <member type="way" ref="220005743" role=""/>
  <member type="way" ref="709779714" role=""/>
  <member type="way" ref="709779715" role=""/>
  <member type="way" ref="1343936336" role=""/>
  <member type="way" ref="220005739" role=""/>
  <member type="way" ref="1326411566" role=""/>
  <member type="way" ref="600132996" role=""/>
  <member type="way" ref="955882982" role=""/>
  <member type="way" ref="344413426" role=""/>
  <member type="way" ref="220005742" role=""/>
  <member type="way" ref="616826561" role=""/>
  <member type="way" ref="955842629" role=""/>
  <member type="way" ref="1151248817" role=""/>
  <member type="way" ref="1307455571" role=""/>
  <member type="way" ref="1307455573" role=""/>
  <member type="way" ref="38020420" role=""/>
  <member type="way" ref="1318958371" role=""/>
  <member type="way" ref="1305064572" role=""/>
  <member type="way" ref="708941780" role=""/>
  <member type="way" ref="1109636291" role=""/>
  <member type="way" ref="1242183436" role=""/>
  <member type="way" ref="1109636297" role=""/>
  <member type="way" ref="710270798" role=""/>
  <member type="way" ref="710270797" role=""/>
  <member type="way" ref="1466411477" role=""/>
  <member type="way" ref="239370934" role=""/>
  <member type="way" ref="710332807" role=""/>
  <member type="way" ref="955882983" role=""/>
  <member type="way" ref="1198858980" role=""/>
  <member type="way" ref="709354466" role=""/>
  <member type="way" ref="945783774" role=""/>
  <member type="way" ref="961861931" role=""/>
  <member type="way" ref="702891549" role=""/>
  <member type="way" ref="702891548" role=""/>
  <member type="way" ref="264434802" role=""/>
  <member type="way" ref="948123045" role=""/>
  <member type="way" ref="116614142" role=""/>
  <member type="way" ref="1182476807" role=""/>
  <member type="way" ref="816861875" role=""/>
  <member type="way" ref="945783756" role=""/>
  <member type="way" ref="955201203" role=""/>
  <member type="way" ref="621139527" role=""/>
  <member type="way" ref="711367567" role=""/>
  <member type="way" ref="711367569" role=""/>
  <member type="way" ref="711367570" role=""/>
  <member type="way" ref="703109534" role=""/>
  <member type="way" ref="1507377225" role=""/>
  <member type="way" ref="703109533" role=""/>
  <member type="way" ref="955201204" role=""/>
  <member type="way" ref="954991275" role=""/>
  <member type="way" ref="397649390" role=""/>
  <member type="way" ref="708649104" role=""/>
  <member type="way" ref="1014224393" role=""/>
  <member type="way" ref="596710689" role=""/>
  <member type="way" ref="709673461" role=""/>
  <member type="way" ref="1012665677" role=""/>
  <member type="way" ref="774597879" role=""/>
  <member type="way" ref="1012665682" role=""/>
  <member type="way" ref="1158120933" role=""/>
  <member type="way" ref="1158120936" role=""/>
  <member type="way" ref="1158120935" role=""/>
  <member type="way" ref="740599803" role=""/>
  <member type="way" ref="912298260" role=""/>
  <member type="way" ref="704641289" role=""/>
  <member type="way" ref="912298261" role=""/>
  <member type="way" ref="704641292" role=""/>
  <member type="way" ref="848915397" role=""/>
  <member type="way" ref="944894013" role=""/>
  <member type="way" ref="952211060" role=""/>
  <member type="way" ref="706507802" role=""/>
  <member type="way" ref="693489635" role=""/>
  <member type="way" ref="961664404" role=""/>
  <member type="way" ref="601912140" role=""/>
  <member type="way" ref="1340549230" role=""/>
  <member type="way" ref="708607650" role=""/>
  <member type="way" ref="1119786564" role=""/>
  <member type="way" ref="704989752" role=""/>
  <member type="way" ref="894857486" role=""/>
  <member type="way" ref="11006496" role=""/>
  <member type="way" ref="944100698" role=""/>
  <member type="way" ref="705548645" role=""/>
  <member type="way" ref="705545549" role=""/>
  <member type="way" ref="597668114" role=""/>
  <member type="way" ref="597668111" role=""/>
  <member type="way" ref="705548642" role=""/>
  <member type="way" ref="597668119" role=""/>
  <member type="way" ref="1240455073" role=""/>
  <member type="way" ref="589521900" role=""/>
  <member type="way" ref="1042519575" role=""/>
  <member type="way" ref="951487943" role=""/>
  <member type="way" ref="589521899" role=""/>
  <member type="way" ref="505717911" role=""/>
  <member type="way" ref="1216161914" role=""/>
  <member type="way" ref="1105753213" role=""/>
  <member type="way" ref="702795321" role=""/>
  <member type="way" ref="1228207855" role=""/>
  <member type="way" ref="702791124" role=""/>
  <member type="way" ref="1105753214" role=""/>
  <member type="way" ref="702795322" role=""/>
  <member type="way" ref="1228207856" role=""/>
  <member type="way" ref="505717905" role=""/>
  <member type="way" ref="600079554" role=""/>
  <member type="way" ref="711042235" role=""/>
  <member type="way" ref="711042234" role=""/>
  <member type="way" ref="711053412" role=""/>
  <member type="way" ref="711053410" role=""/>
  <member type="way" ref="291885692" role=""/>
  <member type="way" ref="711061682" role=""/>
  <member type="way" ref="711047892" role=""/>
  <member type="way" ref="711047891" role=""/>
  <member type="way" ref="711047894" role=""/>
  <member type="way" ref="954362667" role=""/>
  <member type="way" ref="1165355229" role=""/>
  <member type="way" ref="818018267" role=""/>
  <member type="way" ref="1105753218" role=""/>
  <member type="way" ref="711372337" role=""/>
  <member type="way" ref="85739368" role=""/>
  <member type="way" ref="1311942194" role=""/>
  <member type="way" ref="1303403704" role=""/>
  <member type="way" ref="600115734" role=""/>
  <member type="way" ref="686156629" role=""/>
  <member type="way" ref="711132577" role=""/>
  <member type="way" ref="11550678" role=""/>
  <member type="way" ref="1236782073" role=""/>
  <member type="way" ref="838062935" role=""/>
  <member type="way" ref="211897427" role=""/>
  <member type="way" ref="954856204" role=""/>
  <member type="way" ref="954856205" role=""/>
  <member type="way" ref="954812792" role=""/>
  <member type="node" ref="12717509090" role="platform"/>
  <member type="node" ref="12717509091" role="platform"/>
  <member type="node" ref="13127898090" role="platform"/>
  <member type="node" ref="13127898091" role="platform"/>
  <member type="node" ref="13159384054" role="platform"/>
  <tag k="charge" v="12000 VND"/>
  <tag k="colour" v="#9cdd31"/>
  <tag k="fee" v="yes"/>
  <tag k="from" v="Học viện chính sách và phát triển"/>
  <tag k="interval" v="00:10-00:20"/>
  <tag k="name" v="Học viện chính sách và phát triển - Trần Khánh Dư"/>
  <tag k="name:en" v="Academy of Policy and Development - Tran Khanh Du Bus Interchange"/>
  <tag k="network" v="Hanoibus"/>
  <tag k="opening_hours" v="Mo-Su 05:30-21:00"/>
  <tag k="operator" v="Công ty CPVT &amp; DV Liên Ninh"/>
  <tag k="public_transport:version" v="2"/>
  <tag k="ref" v="19"/>
  <tag k="route" v="bus"/>
  <tag k="to" v="Trần Khánh Dư"/>
  <tag k="type" v="route"/>
 </relation>
 <relation id="16798725" visible="true" version="1" changeset="144889286" timestamp="2023-12-08T06:29:14Z" user="ItsLouisAnderson" uid="11691953">
  <member type="way" ref="1229594692" role="outer"/>
  <member type="way" ref="1229594690" role="outer"/>
  <member type="way" ref="1229594691" role="outer"/>
  <tag k="leisure" v="park"/>
  <tag k="name" v="Công viên Mỗ Lao"/>
  <tag k="type" v="multipolygon"/>
 </relation>
 <relation id="16798726" visible="true" version="1" changeset="144889286" timestamp="2023-12-08T06:29:14Z" user="ItsLouisAnderson" uid="11691953">
  <member type="way" ref="1229594699" role="outer"/>
  <member type="way" ref="1229594698" role="inner"/>
  <member type="way" ref="1229594696" role="inner"/>
  <tag k="area" v="yes"/>
  <tag k="highway" v="pedestrian"/>
  <tag k="type" v="multipolygon"/>
 </relation>
 <relation id="17038834" visible="true" version="39" changeset="183505263" timestamp="2026-06-01T15:20:38Z" user="Lê Tuấn Minh" uid="23695954">
  <member type="node" ref="8856191317" role="platform_entry_only"/>
  <member type="node" ref="8865361298" role="platform"/>
  <member type="node" ref="11524039235" role="platform"/>
  <member type="node" ref="8766627153" role="platform"/>
  <member type="node" ref="11515782291" role="platform"/>
  <member type="node" ref="8766627154" role="platform"/>
  <member type="node" ref="7298159285" role="platform"/>
  <member type="node" ref="8813408803" role="platform"/>
  <member type="node" ref="8808907343" role="platform"/>
  <member type="node" ref="7622858413" role="platform"/>
  <member type="node" ref="8829926853" role="platform"/>
  <member type="node" ref="8829926854" role="platform"/>
  <member type="node" ref="8829926855" role="platform"/>
  <member type="node" ref="8939177170" role="platform"/>
  <member type="node" ref="8939177171" role="platform"/>
  <member type="node" ref="8939177172" role="platform"/>
  <member type="node" ref="444394994" role="platform"/>
  <member type="node" ref="444394979" role="platform"/>
  <member type="node" ref="8770675677" role="platform"/>
  <member type="node" ref="444394956" role="platform"/>
  <member type="node" ref="444394950" role="platform"/>
  <member type="node" ref="8770675678" role="platform"/>
  <member type="node" ref="738814236" role="platform"/>
  <member type="node" ref="8846358751" role="platform"/>
  <member type="node" ref="8944376754" role="platform"/>
  <member type="node" ref="8846358753" role="platform"/>
  <member type="node" ref="8846358754" role="platform"/>
  <member type="node" ref="8846358755" role="platform"/>
  <member type="node" ref="8846358756" role="platform"/>
  <member type="node" ref="8897455252" role="platform"/>
  <member type="node" ref="8897455253" role="platform"/>
  <member type="node" ref="11524039236" role="platform"/>
  <member type="node" ref="8897455254" role="platform"/>
  <member type="node" ref="11524039237" role="platform"/>
  <member type="node" ref="11524039238" role="platform"/>
  <member type="node" ref="1927580770" role="platform"/>
  <member type="node" ref="738813839" role="platform"/>
  <member type="node" ref="12511818442" role="platform"/>
  <member type="node" ref="8741080067" role="platform"/>
  <member type="node" ref="8741080068" role="platform"/>
  <member type="node" ref="12511818443" role="platform"/>
  <member type="node" ref="12511818444" role="platform"/>
  <member type="node" ref="12511818445" role="platform"/>
  <member type="node" ref="12511818446" role="platform"/>
  <member type="node" ref="8766627148" role="platform_exit_only"/>
  <member type="way" ref="37447735" role=""/>
  <member type="way" ref="954183039" role=""/>
  <member type="way" ref="967878673" role=""/>
  <member type="way" ref="38030916" role=""/>
  <member type="way" ref="136572163" role=""/>
  <member type="way" ref="967878684" role=""/>
  <member type="way" ref="954183040" role=""/>
  <member type="way" ref="1117521890" role=""/>
  <member type="way" ref="184919490" role=""/>
  <member type="way" ref="958138887" role=""/>
  <member type="way" ref="1240355964" role=""/>
  <member type="way" ref="221158909" role=""/>
  <member type="way" ref="1368317682" role=""/>
  <member type="way" ref="788967973" role=""/>
  <member type="way" ref="1240182990" role=""/>
  <member type="way" ref="947077260" role=""/>
  <member type="way" ref="772663726" role=""/>
  <member type="way" ref="1359074566" role=""/>
  <member type="way" ref="1325575738" role=""/>
  <member type="way" ref="601522752" role=""/>
  <member type="way" ref="1240344628" role=""/>
  <member type="way" ref="703519574" role=""/>
  <member type="way" ref="1337871555" role=""/>
  <member type="way" ref="703519573" role=""/>
  <member type="way" ref="704942289" role=""/>
  <member type="way" ref="1163312635" role=""/>
  <member type="way" ref="815621263" role=""/>
  <member type="way" ref="703519572" role=""/>
  <member type="way" ref="816197481" role=""/>
  <member type="way" ref="704959984" role=""/>
  <member type="way" ref="703986437" role=""/>
  <member type="way" ref="704964051" role=""/>
  <member type="way" ref="898262239" role=""/>
  <member type="way" ref="1240663517" role=""/>
  <member type="way" ref="951694405" role=""/>
  <member type="way" ref="1000435074" role=""/>
  <member type="way" ref="962493746" role=""/>
  <member type="way" ref="948123041" role=""/>
  <member type="way" ref="703986436" role=""/>
  <member type="way" ref="704984905" role=""/>
  <member type="way" ref="704984904" role=""/>
  <member type="way" ref="704984906" role=""/>
  <member type="way" ref="704990515" role=""/>
  <member type="way" ref="704990516" role=""/>
  <member type="way" ref="704031049" role=""/>
  <member type="way" ref="704990514" role=""/>
  <member type="way" ref="704031050" role=""/>
  <member type="way" ref="704031047" role=""/>
  <member type="way" ref="1010846168" role=""/>
  <member type="way" ref="704031048" role=""/>
  <member type="way" ref="675481681" role=""/>
  <member type="way" ref="704994516" role=""/>
  <member type="way" ref="705485362" role=""/>
  <member type="way" ref="705487902" role=""/>
  <member type="way" ref="705487901" role=""/>
  <member type="way" ref="1313180244" role=""/>
  <member type="way" ref="705487900" role=""/>
  <member type="way" ref="705487899" role=""/>
  <member type="way" ref="709368694" role=""/>
  <member type="way" ref="974572936" role=""/>
  <member type="way" ref="898229727" role=""/>
  <member type="way" ref="974572939" role=""/>
  <member type="way" ref="709368692" role=""/>
  <member type="way" ref="1442409291" role=""/>
  <member type="way" ref="709368691" role=""/>
  <member type="way" ref="106053505" role=""/>
  <member type="way" ref="709368690" role=""/>
  <member type="way" ref="457741982" role=""/>
  <member type="way" ref="711700503" role=""/>
  <member type="way" ref="457757021" role=""/>
  <member type="way" ref="1290144946" role=""/>
  <member type="way" ref="1466411476" role=""/>
  <member type="way" ref="239370942" role=""/>
  <member type="way" ref="974572935" role=""/>
  <member type="way" ref="1242183437" role=""/>
  <member type="way" ref="693652773" role=""/>
  <member type="way" ref="1305064571" role=""/>
  <member type="way" ref="1109636292" role=""/>
  <member type="way" ref="1335957666" role=""/>
  <member type="way" ref="1326204766" role=""/>
  <member type="way" ref="600126505" role=""/>
  <member type="way" ref="11858869" role=""/>
  <member type="way" ref="1228974284" role=""/>
  <member type="way" ref="1228974287" role=""/>
  <member type="way" ref="1242183430" role=""/>
  <member type="way" ref="599508333" role=""/>
  <member type="way" ref="1417166741" role=""/>
  <member type="way" ref="1417166740" role=""/>
  <member type="way" ref="966693596" role=""/>
  <member type="way" ref="1346583839" role=""/>
  <member type="way" ref="1094319614" role=""/>
  <member type="way" ref="684753902" role=""/>
  <member type="way" ref="1237148279" role=""/>
  <member type="way" ref="1214908615" role=""/>
  <member type="way" ref="707953199" role=""/>
  <member type="way" ref="707953198" role=""/>
  <member type="way" ref="599508332" role=""/>
  <member type="way" ref="707954440" role=""/>
  <member type="way" ref="616496952" role=""/>
  <member type="way" ref="1290159153" role=""/>
  <member type="way" ref="616496951" role=""/>
  <member type="way" ref="961861922" role=""/>
  <member type="way" ref="344410613" role=""/>
  <member type="way" ref="599513595" role=""/>
  <member type="way" ref="599513593" role=""/>
  <member type="way" ref="1240365573" role=""/>
  <member type="way" ref="776664750" role=""/>
  <member type="way" ref="817484210" role=""/>
  <member type="way" ref="599098741" role=""/>
  <member type="way" ref="944100706" role=""/>
  <member type="way" ref="944100711" role=""/>
  <member type="way" ref="599098743" role=""/>
  <member type="way" ref="599098744" role=""/>
  <member type="way" ref="956129601" role=""/>
  <member type="way" ref="956489656" role=""/>
  <member type="way" ref="597114553" role=""/>
  <member type="way" ref="1468752243" role=""/>
  <member type="way" ref="956489654" role=""/>
  <member type="way" ref="966219963" role=""/>
  <member type="way" ref="956129602" role=""/>
  <member type="way" ref="944100705" role=""/>
  <member type="way" ref="708968979" role=""/>
  <member type="way" ref="1002926352" role=""/>
  <member type="way" ref="1002926353" role=""/>
  <member type="way" ref="707849273" role=""/>
  <member type="way" ref="1326204767" role=""/>
  <member type="way" ref="705793159" role=""/>
  <member type="way" ref="617329683" role=""/>
  <member type="way" ref="518534338" role=""/>
  <member type="way" ref="1523555082" role=""/>
  <member type="way" ref="518534340" role=""/>
  <member type="way" ref="1339736663" role=""/>
  <member type="way" ref="1339736662" role=""/>
  <member type="way" ref="1525205258" role=""/>
  <member type="way" ref="167341494" role=""/>
  <member type="way" ref="1184221229" role=""/>
  <member type="way" ref="978520520" role=""/>
  <member type="way" ref="978520519" role=""/>
  <member type="way" ref="978520518" role=""/>
  <member type="way" ref="1194238831" role=""/>
  <member type="way" ref="600081898" role=""/>
  <member type="way" ref="1330591936" role=""/>
  <member type="way" ref="1314280781" role=""/>
  <member type="way" ref="954362668" role=""/>
  <member type="node" ref="13895078850" role="platform"/>
  <tag k="charge" v="12000 VND"/>
  <tag k="colour" v="#9cdd31"/>
  <tag k="fee" v="yes"/>
  <tag k="from" v="Công viên Nghĩa Đô"/>
  <tag k="interval" v="00:15-00:20"/>
  <tag k="name" v="Công viên Nghĩa Đô - Mai Động"/>
  <tag k="name:en" v="Nghia Do Park - Mai Dong (Hoang Mai Ward)"/>
  <tag k="network" v="Hanoibus"/>
  <tag k="opening_hours" v="Mo-Su 05:00-21:20"/>
  <tag k="operator" v="Xí Nghiệp Xe khách Nam Hà Nội"/>
  <tag k="public_transport:version" v="2"/>
  <tag k="ref" v="39"/>
  <tag k="route" v="bus"/>
  <tag k="to" v="Mai Động"/>
  <tag k="type" v="route"/>
 </relation>
 <relation id="17038967" visible="true" version="36" changeset="183505263" timestamp="2026-06-01T15:20:38Z" user="Lê Tuấn Minh" uid="23695954">
  <member type="node" ref="8766627148" role="platform_entry_only"/>
  <member type="node" ref="12511818447" role="platform"/>
  <member type="node" ref="12511818448" role="platform"/>
  <member type="node" ref="12511818449" role="platform"/>
  <member type="node" ref="8741080062" role="platform"/>
  <member type="node" ref="8932663264" role="platform"/>
  <member type="node" ref="12511818450" role="platform"/>
  <member type="node" ref="8741080064" role="platform"/>
  <member type="node" ref="8741080065" role="platform"/>
  <member type="node" ref="12511818451" role="platform"/>
  <member type="node" ref="436176914" role="platform"/>
  <member type="node" ref="11524139302" role="platform"/>
  <member type="node" ref="11524139303" role="platform"/>
  <member type="node" ref="8897455259" role="platform"/>
  <member type="node" ref="11524139304" role="platform"/>
  <member type="node" ref="8897455260" role="platform"/>
  <member type="node" ref="8897455261" role="platform"/>
  <member type="node" ref="8846358788" role="platform"/>
  <member type="node" ref="8846358789" role="platform"/>
  <member type="node" ref="8846358790" role="platform"/>
  <member type="node" ref="8846358791" role="platform"/>
  <member type="node" ref="8846358752" role="platform"/>
  <member type="node" ref="8846358793" role="platform"/>
  <member type="node" ref="738814732" role="platform"/>
  <member type="node" ref="8770739153" role="platform"/>
  <member type="node" ref="8846358794" role="platform"/>
  <member type="node" ref="8770739154" role="platform"/>
  <member type="node" ref="444394880" role="platform"/>
  <member type="node" ref="8770739155" role="platform"/>
  <member type="node" ref="8939177164" role="platform"/>
  <member type="node" ref="8770739156" role="platform"/>
  <member type="node" ref="738814455" role="platform"/>
  <member type="node" ref="444394809" role="platform"/>
  <member type="node" ref="8939177168" role="platform"/>
  <member type="node" ref="8939177169" role="platform"/>
  <member type="node" ref="4504060143" role="platform"/>
  <member type="node" ref="8821681976" role="platform"/>
  <member type="node" ref="8821681977" role="platform"/>
  <member type="node" ref="8821681978" role="platform"/>
  <member type="node" ref="7617390958" role="platform"/>
  <member type="node" ref="7617390959" role="platform"/>
  <member type="node" ref="7617390960" role="platform"/>
  <member type="node" ref="8813408787" role="platform"/>
  <member type="node" ref="738813535" role="platform"/>
  <member type="node" ref="11672588051" role="platform"/>
  <member type="node" ref="738815665" role="platform"/>
  <member type="node" ref="11524139305" role="platform"/>
  <member type="node" ref="8865361297" role="platform"/>
  <member type="node" ref="8856191317" role="platform_exit_only"/>
  <member type="way" ref="954362668" role=""/>
  <member type="way" ref="1314280781" role=""/>
  <member type="way" ref="1330591936" role=""/>
  <member type="way" ref="600081898" role=""/>
  <member type="way" ref="1194238831" role=""/>
  <member type="way" ref="978520518" role=""/>
  <member type="way" ref="978520519" role=""/>
  <member type="way" ref="978520520" role=""/>
  <member type="way" ref="1184221229" role=""/>
  <member type="way" ref="167341494" role=""/>
  <member type="way" ref="1525205256" role=""/>
  <member type="way" ref="703386525" role=""/>
  <member type="way" ref="703198596" role=""/>
  <member type="way" ref="684496474" role=""/>
  <member type="way" ref="164040285" role=""/>
  <member type="way" ref="702870800" role=""/>
  <member type="way" ref="1352274605" role=""/>
  <member type="way" ref="705801772" role=""/>
  <member type="way" ref="705801768" role=""/>
  <member type="way" ref="705801770" role=""/>
  <member type="way" ref="705801765" role=""/>
  <member type="way" ref="1468504519" role=""/>
  <member type="way" ref="705808093" role=""/>
  <member type="way" ref="10236954" role=""/>
  <member type="way" ref="1352274602" role=""/>
  <member type="way" ref="944100705" role=""/>
  <member type="way" ref="956129602" role=""/>
  <member type="way" ref="966219963" role=""/>
  <member type="way" ref="956489654" role=""/>
  <member type="way" ref="1468752243" role=""/>
  <member type="way" ref="597114553" role=""/>
  <member type="way" ref="956489656" role=""/>
  <member type="way" ref="956129601" role=""/>
  <member type="way" ref="599098744" role=""/>
  <member type="way" ref="599098743" role=""/>
  <member type="way" ref="944100707" role=""/>
  <member type="way" ref="599098741" role=""/>
  <member type="way" ref="1240355966" role=""/>
  <member type="way" ref="37371464" role=""/>
  <member type="way" ref="1240365573" role=""/>
  <member type="way" ref="599513593" role=""/>
  <member type="way" ref="599513595" role=""/>
  <member type="way" ref="344410613" role=""/>
  <member type="way" ref="961861922" role=""/>
  <member type="way" ref="616496951" role=""/>
  <member type="way" ref="1290159153" role=""/>
  <member type="way" ref="616496952" role=""/>
  <member type="way" ref="707954440" role=""/>
  <member type="way" ref="599508332" role=""/>
  <member type="way" ref="707953198" role=""/>
  <member type="way" ref="707953199" role=""/>
  <member type="way" ref="1214908615" role=""/>
  <member type="way" ref="1237148279" role=""/>
  <member type="way" ref="684753902" role=""/>
  <member type="way" ref="1094319614" role=""/>
  <member type="way" ref="1346583839" role=""/>
  <member type="way" ref="966693596" role=""/>
  <member type="way" ref="1417166740" role=""/>
  <member type="way" ref="1417166741" role=""/>
  <member type="way" ref="599508333" role=""/>
  <member type="way" ref="1242183430" role=""/>
  <member type="way" ref="600487186" role=""/>
  <member type="way" ref="1258538394" role=""/>
  <member type="way" ref="1307455575" role=""/>
  <member type="way" ref="220005736" role=""/>
  <member type="way" ref="1307455574" role=""/>
  <member type="way" ref="708569810" role=""/>
  <member type="way" ref="344408606" role=""/>
  <member type="way" ref="1307455571" role=""/>
  <member type="way" ref="1307455573" role=""/>
  <member type="way" ref="38020420" role=""/>
  <member type="way" ref="1318958371" role=""/>
  <member type="way" ref="1305064572" role=""/>
  <member type="way" ref="708941780" role=""/>
  <member type="way" ref="1109636291" role=""/>
  <member type="way" ref="1242183436" role=""/>
  <member type="way" ref="1109636297" role=""/>
  <member type="way" ref="710270798" role=""/>
  <member type="way" ref="710270797" role=""/>
  <member type="way" ref="1466411477" role=""/>
  <member type="way" ref="239370934" role=""/>
  <member type="way" ref="710332807" role=""/>
  <member type="way" ref="955882983" role=""/>
  <member type="way" ref="1198858980" role=""/>
  <member type="way" ref="709354466" role=""/>
  <member type="way" ref="702880303" role=""/>
  <member type="way" ref="702880301" role=""/>
  <member type="way" ref="709767944" role=""/>
  <member type="way" ref="1442409289" role=""/>
  <member type="way" ref="1442409290" role=""/>
  <member type="way" ref="397241050" role=""/>
  <member type="way" ref="1267006258" role=""/>
  <member type="way" ref="974572940" role=""/>
  <member type="way" ref="844948730" role=""/>
  <member type="way" ref="773083570" role=""/>
  <member type="way" ref="773083571" role=""/>
  <member type="way" ref="705501038" role=""/>
  <member type="way" ref="705501037" role=""/>
  <member type="way" ref="705501036" role=""/>
  <member type="way" ref="705501039" role=""/>
  <member type="way" ref="704994517" role=""/>
  <member type="way" ref="675481682" role=""/>
  <member type="way" ref="705508334" role=""/>
  <member type="way" ref="705508333" role=""/>
  <member type="way" ref="705508332" role=""/>
  <member type="way" ref="704024160" role=""/>
  <member type="way" ref="962493734" role=""/>
  <member type="way" ref="37562784" role=""/>
  <member type="way" ref="704024159" role=""/>
  <member type="way" ref="706403447" role=""/>
  <member type="way" ref="704015766" role=""/>
  <member type="way" ref="704015767" role=""/>
  <member type="way" ref="704013518" role=""/>
  <member type="way" ref="703992425" role=""/>
  <member type="way" ref="705790144" role=""/>
  <member type="way" ref="705790143" role=""/>
  <member type="way" ref="703992426" role=""/>
  <member type="way" ref="703997645" role=""/>
  <member type="way" ref="703997646" role=""/>
  <member type="way" ref="815619172" role=""/>
  <member type="way" ref="705564896" role=""/>
  <member type="way" ref="703992427" role=""/>
  <member type="way" ref="1458914359" role=""/>
  <member type="way" ref="703521534" role=""/>
  <member type="way" ref="703521533" role=""/>
  <member type="way" ref="1337871557" role=""/>
  <member type="way" ref="704705860" role=""/>
  <member type="way" ref="703523507" role=""/>
  <member type="way" ref="703521535" role=""/>
  <member type="way" ref="958138881" role=""/>
  <member type="way" ref="1240344625" role=""/>
  <member type="way" ref="705241731" role=""/>
  <member type="way" ref="1239581821" role=""/>
  <member type="way" ref="221160174" role=""/>
  <member type="way" ref="482324745" role=""/>
  <member type="way" ref="1240683351" role=""/>
  <member type="way" ref="705519697" role=""/>
  <member type="way" ref="705519695" role=""/>
  <member type="way" ref="148202856" role=""/>
  <member type="way" ref="221159206" role=""/>
  <member type="way" ref="958138884" role=""/>
  <member type="way" ref="221159061" role=""/>
  <member type="way" ref="1117521891" role=""/>
  <member type="way" ref="958138885" role=""/>
  <member type="way" ref="967878671" role=""/>
  <member type="way" ref="967878672" role=""/>
  <member type="way" ref="184919488" role=""/>
  <member type="way" ref="38030916" role=""/>
  <member type="way" ref="967878673" role=""/>
  <member type="way" ref="420754266" role=""/>
  <member type="way" ref="1240365577" role=""/>
  <member type="way" ref="1242174640" role=""/>
  <member type="way" ref="1240365578" role=""/>
  <member type="way" ref="957062227" role=""/>
  <member type="way" ref="957062226" role=""/>
  <member type="way" ref="956690100" role=""/>
  <member type="node" ref="13895078849" role="platform"/>
  <member type="way" ref="1525205257" role=""/>
  <tag k="charge" v="12000 VND"/>
  <tag k="colour" v="#9cdd31"/>
  <tag k="fee" v="yes"/>
  <tag k="from" v="Mai Động"/>
  <tag k="interval" v="00:15-00:20"/>
  <tag k="name" v="Mai Động - Công viên Nghĩa Đô"/>
  <tag k="name:en" v="Mai Dong (Hoang Mai Ward) - Nghia Do Park"/>
  <tag k="network" v="Hanoibus"/>
  <tag k="opening_hours" v="Mo-Su 05:00-21:20"/>
  <tag k="operator" v="Xí Nghiệp Xe khách Nam Hà Nội"/>
  <tag k="public_transport:version" v="2"/>
  <tag k="ref" v="39"/>
  <tag k="route" v="bus"/>
  <tag k="to" v="Công viên Nghĩa Đô"/>
  <tag k="type" v="route"/>
 </relation>
 <relation id="17038968" visible="true" version="5" changeset="178011178" timestamp="2026-02-02T15:09:12Z" user="edumiz624" uid="20881381">
  <member type="relation" ref="17038834" role=""/>
  <member type="relation" ref="17038967" role=""/>
  <tag k="name" v="Công viên Nghĩa Đô - Mai Động"/>
  <tag k="name:en" v="Nghia Do Park - Mai Dong (Hoang Mai Ward)"/>
  <tag k="network" v="Hanoibus"/>
  <tag k="operator" v="Xí Nghiệp Xe khách Nam Hà Nội"/>
  <tag k="ref" v="39"/>
  <tag k="route_master" v="bus"/>
  <tag k="type" v="route_master"/>
 </relation>
 <relation id="17058838" visible="true" version="42" changeset="180704615" timestamp="2026-04-01T07:09:15Z" user="edumiz624" uid="20881381">
  <member type="node" ref="11522073219" role="platform"/>
  <member type="node" ref="11536511312" role="platform"/>
  <member type="node" ref="11536511313" role="platform"/>
  <member type="node" ref="8755733280" role="platform"/>
  <member type="node" ref="11536511314" role="platform"/>
  <member type="node" ref="11536511315" role="platform"/>
  <member type="node" ref="11536511316" role="platform"/>
  <member type="node" ref="11536511317" role="platform"/>
  <member type="node" ref="9759331213" role="platform"/>
  <member type="node" ref="10022468850" role="platform"/>
  <member type="node" ref="10022468851" role="platform"/>
  <member type="node" ref="11536511318" role="platform"/>
  <member type="node" ref="11536511319" role="platform"/>
  <member type="node" ref="11536511320" role="platform"/>
  <member type="node" ref="11150870825" role="platform"/>
  <member type="node" ref="9019290567" role="platform"/>
  <member type="node" ref="9019290614" role="platform"/>
  <member type="node" ref="9019290616" role="platform"/>
  <member type="node" ref="9019312617" role="platform"/>
  <member type="node" ref="11536511321" role="platform"/>
  <member type="node" ref="11536511322" role="platform_exit_only"/>
  <member type="node" ref="8856191317" role="platform_entry_only"/>
  <member type="node" ref="12082634697" role="platform"/>
  <member type="node" ref="7622885213" role="platform"/>
  <member type="node" ref="7622910381" role="platform"/>
  <member type="node" ref="7622910382" role="platform"/>
  <member type="node" ref="7622910383" role="platform"/>
  <member type="node" ref="11166521210" role="platform"/>
  <member type="node" ref="9019312704" role="platform"/>
  <member type="node" ref="9019312706" role="platform"/>
  <member type="node" ref="9019312708" role="platform"/>
  <member type="node" ref="9019312710" role="platform"/>
  <member type="node" ref="9019312712" role="platform"/>
  <member type="node" ref="9019312714" role="platform"/>
  <member type="node" ref="9019312716" role="platform"/>
  <member type="node" ref="444394950" role="platform"/>
  <member type="way" ref="37447735" role=""/>
  <member type="way" ref="954183039" role=""/>
  <member type="way" ref="967878673" role=""/>
  <member type="way" ref="38030916" role=""/>
  <member type="way" ref="136572163" role=""/>
  <member type="way" ref="136572163" role=""/>
  <member type="way" ref="967878684" role=""/>
  <member type="way" ref="954183040" role=""/>
  <member type="way" ref="958138886" role=""/>
  <member type="way" ref="958138885" role=""/>
  <member type="way" ref="181564349" role=""/>
  <member type="way" ref="615426398" role=""/>
  <member type="way" ref="712065731" role=""/>
  <member type="way" ref="601578052" role=""/>
  <member type="way" ref="1205148105" role=""/>
  <member type="way" ref="1205147387" role=""/>
  <member type="way" ref="1241122650" role=""/>
  <member type="way" ref="1205146902" role=""/>
  <member type="way" ref="106049739" role=""/>
  <member type="way" ref="1110149612" role=""/>
  <member type="way" ref="157031808" role=""/>
  <member type="way" ref="1467790157" role=""/>
  <member type="way" ref="709788192" role=""/>
  <member type="way" ref="709788184" role=""/>
  <member type="way" ref="1241605198" role=""/>
  <member type="way" ref="601860675" role=""/>
  <member type="way" ref="709788194" role=""/>
  <member type="way" ref="1012665669" role=""/>
  <member type="way" ref="601905897" role=""/>
  <member type="way" ref="25954131" role=""/>
  <member type="way" ref="1241605201" role=""/>
  <member type="way" ref="705529723" role=""/>
  <member type="way" ref="705529722" role=""/>
  <member type="way" ref="1455949134" role=""/>
  <member type="way" ref="344953759" role=""/>
  <member type="way" ref="705487703" role=""/>
  <member type="way" ref="945783759" role=""/>
  <member type="way" ref="600518175" role=""/>
  <member type="way" ref="1205381232" role=""/>
  <member type="way" ref="1242935510" role=""/>
  <member type="way" ref="816842161" role=""/>
  <member type="way" ref="1102812589" role=""/>
  <member type="way" ref="702572992" role=""/>
  <member type="way" ref="705574386" role=""/>
  <member type="way" ref="702572998" role=""/>
  <member type="way" ref="464488488" role=""/>
  <member type="way" ref="1102812588" role=""/>
  <member type="way" ref="408828309" role=""/>
  <member type="way" ref="1304254918" role=""/>
  <member type="way" ref="1130829741" role=""/>
  <member type="way" ref="710360126" role=""/>
  <member type="way" ref="1158361669" role=""/>
  <member type="way" ref="1100987653" role=""/>
  <member type="way" ref="1100995755" role=""/>
  <member type="way" ref="1215294415" role=""/>
  <member type="way" ref="974572937" role=""/>
  <member type="way" ref="1054590951" role=""/>
  <member type="way" ref="711052050" role=""/>
  <member type="way" ref="1262801206" role=""/>
  <member type="way" ref="1262801207" role=""/>
  <member type="way" ref="711054201" role=""/>
  <member type="way" ref="1100987652" role=""/>
  <member type="way" ref="711052049" role=""/>
  <member type="way" ref="711062849" role=""/>
  <member type="way" ref="711062848" role=""/>
  <member type="way" ref="600057058" role=""/>
  <member type="way" ref="1297901086" role=""/>
  <member type="way" ref="709289097" role=""/>
  <member type="way" ref="711062839" role=""/>
  <member type="way" ref="711062840" role=""/>
  <member type="way" ref="1304444843" role=""/>
  <member type="way" ref="688080590" role=""/>
  <member type="way" ref="600057057" role=""/>
  <member type="way" ref="709292815" role=""/>
  <member type="way" ref="974572930" role=""/>
  <member type="way" ref="1148706374" role=""/>
  <member type="way" ref="709295486" role=""/>
  <member type="way" ref="709295484" role=""/>
  <member type="way" ref="709295488" role=""/>
  <member type="way" ref="1148706375" role=""/>
  <member type="way" ref="458067173" role=""/>
  <member type="way" ref="600584096" role=""/>
  <member type="way" ref="974572933" role=""/>
  <member type="way" ref="1064227954" role=""/>
  <member type="way" ref="974572932" role=""/>
  <member type="way" ref="1373000265" role=""/>
  <member type="way" ref="1374431423" role=""/>
  <member type="way" ref="1374431422" role=""/>
  <member type="way" ref="684898287" role=""/>
  <member type="way" ref="1475686333" role=""/>
  <member type="way" ref="37871554" role=""/>
  <member type="way" ref="974572935" role=""/>
  <member type="way" ref="1242183437" role=""/>
  <member type="way" ref="693652773" role=""/>
  <member type="way" ref="1305064571" role=""/>
  <member type="way" ref="1109636292" role=""/>
  <member type="way" ref="600126493" role=""/>
  <member type="way" ref="38020420" role=""/>
  <member type="way" ref="1318958371" role=""/>
  <member type="way" ref="1305064572" role=""/>
  <member type="way" ref="708941780" role=""/>
  <member type="way" ref="1109636290" role=""/>
  <member type="way" ref="708932477" role=""/>
  <member type="way" ref="1241605205" role=""/>
  <member type="way" ref="708932480" role=""/>
  <member type="way" ref="599606604" role=""/>
  <member type="way" ref="1258539392" role=""/>
  <member type="way" ref="399841613" role=""/>
  <member type="way" ref="1258535762" role=""/>
  <member type="way" ref="1258535761" role=""/>
  <member type="way" ref="1146186228" role=""/>
  <member type="way" ref="708635248" role=""/>
  <member type="way" ref="600487189" role=""/>
  <member type="way" ref="220005740" role=""/>
  <member type="way" ref="208808780" role=""/>
  <member type="way" ref="1109636263" role=""/>
  <member type="way" ref="1109636269" role=""/>
  <member type="way" ref="1109636272" role=""/>
  <member type="way" ref="1109636273" role=""/>
  <member type="way" ref="1359074558" role=""/>
  <member type="way" ref="1344947452" role=""/>
  <member type="way" ref="1109636267" role=""/>
  <member type="way" ref="965548427" role=""/>
  <member type="way" ref="1241605212" role=""/>
  <member type="way" ref="208808754" role=""/>
  <member type="way" ref="599233508" role=""/>
  <member type="way" ref="1109636279" role=""/>
  <member type="way" ref="1204837534" role=""/>
  <member type="way" ref="251931717" role=""/>
  <member type="way" ref="251931715" role=""/>
  <member type="way" ref="251931711" role=""/>
  <member type="way" ref="1241605210" role=""/>
  <member type="way" ref="595927441" role=""/>
  <member type="way" ref="598763578" role=""/>
  <tag k="charge" v="10000 VND"/>
  <tag k="colour" v="#76c04d"/>
  <tag k="fee" v="yes"/>
  <tag k="from" v="Công viên Nghĩa Đô"/>
  <tag k="interval" v="00:20-00:30"/>
  <tag k="name" v="Công viên Nghĩa Đô - Khu đô thị Thanh Hà"/>
  <tag k="name:en" v="Nghia Do Park - Thanh Ha Urban Area"/>
  <tag k="network" v="Hanoibus"/>
  <tag k="opening_hours" v="Mo-Su 05:15-21:10"/>
  <tag k="operator" v="Xí nghiệp Xe buýt Cầu Bươu"/>
  <tag k="ref" v="85"/>
  <tag k="route" v="bus"/>
  <tag k="to" v="Khu đô thị Thanh Hà"/>
  <tag k="type" v="route"/>
 </relation>
 <relation id="17059213" visible="true" version="31" changeset="180704615" timestamp="2026-04-01T07:09:15Z" user="edumiz624" uid="20881381">
  <member type="node" ref="11536511322" role="platform_entry_only"/>
  <member type="node" ref="11536511323" role="platform"/>
  <member type="node" ref="11536511324" role="platform"/>
  <member type="node" ref="11536511325" role="platform"/>
  <member type="node" ref="8930987737" role="platform"/>
  <member type="node" ref="10024786182" role="platform"/>
  <member type="node" ref="10024786183" role="platform"/>
  <member type="node" ref="10024786184" role="platform"/>
  <member type="node" ref="11536511326" role="platform"/>
  <member type="node" ref="11536511327" role="platform"/>
  <member type="node" ref="9019312713" role="platform"/>
  <member type="node" ref="9019312711" role="platform"/>
  <member type="node" ref="9019312709" role="platform"/>
  <member type="node" ref="9019312707" role="platform"/>
  <member type="node" ref="9019312705" role="platform"/>
  <member type="node" ref="11536511328" role="platform"/>
  <member type="node" ref="11536511329" role="platform"/>
  <member type="node" ref="8236289502" role="platform"/>
  <member type="node" ref="11536511330" role="platform"/>
  <member type="node" ref="11536511331" role="platform"/>
  <member type="node" ref="8865361295" role="platform"/>
  <member type="node" ref="11522073217" role="platform"/>
  <member type="node" ref="8856191317" role="platform_exit_only"/>
  <member type="node" ref="8770739154" role="platform"/>
  <member type="node" ref="9019312618" role="platform"/>
  <member type="node" ref="9019290615" role="platform"/>
  <member type="node" ref="9019290568" role="platform"/>
  <member type="node" ref="11150870824" role="platform"/>
  <member type="node" ref="9019312717" role="platform"/>
  <member type="node" ref="9019312715" role="platform"/>
  <member type="node" ref="738814284" role="platform"/>
  <member type="node" ref="7617390947" role="platform"/>
  <member type="node" ref="7617390955" role="platform"/>
  <member type="node" ref="7617390956" role="platform"/>
  <member type="node" ref="12083496440" role="platform"/>
  <member type="way" ref="598763578" role=""/>
  <member type="way" ref="595927441" role=""/>
  <member type="way" ref="707832293" role=""/>
  <member type="way" ref="1157592664" role=""/>
  <member type="way" ref="251931714" role=""/>
  <member type="way" ref="707850141" role=""/>
  <member type="way" ref="974572941" role=""/>
  <member type="way" ref="1202853362" role=""/>
  <member type="way" ref="1202853363" role=""/>
  <member type="way" ref="208808786" role=""/>
  <member type="way" ref="208808754" role=""/>
  <member type="way" ref="37926693" role=""/>
  <member type="way" ref="965548428" role=""/>
  <member type="way" ref="965408113" role=""/>
  <member type="way" ref="1344947452" role=""/>
  <member type="way" ref="1109636264" role=""/>
  <member type="way" ref="37926685" role=""/>
  <member type="way" ref="1094319615" role=""/>
  <member type="way" ref="208808780" role=""/>
  <member type="way" ref="220005740" role=""/>
  <member type="way" ref="600487189" role=""/>
  <member type="way" ref="708635248" role=""/>
  <member type="way" ref="1146186228" role=""/>
  <member type="way" ref="1258535761" role=""/>
  <member type="way" ref="1258535762" role=""/>
  <member type="way" ref="399841613" role=""/>
  <member type="way" ref="1258539392" role=""/>
  <member type="way" ref="599606604" role=""/>
  <member type="way" ref="708932476" role=""/>
  <member type="way" ref="1242183425" role=""/>
  <member type="way" ref="708932475" role=""/>
  <member type="way" ref="1242183435" role=""/>
  <member type="way" ref="1241605204" role=""/>
  <member type="way" ref="37871586" role=""/>
  <member type="way" ref="1242183436" role=""/>
  <member type="way" ref="1109636297" role=""/>
  <member type="way" ref="710270798" role=""/>
  <member type="way" ref="250707370" role=""/>
  <member type="way" ref="37871554" role=""/>
  <member type="way" ref="1475686333" role=""/>
  <member type="way" ref="684898287" role=""/>
  <member type="way" ref="1374431425" role=""/>
  <member type="way" ref="1374431428" role=""/>
  <member type="way" ref="1374431416" role=""/>
  <member type="way" ref="1064227953" role=""/>
  <member type="way" ref="974572934" role=""/>
  <member type="way" ref="600584099" role=""/>
  <member type="way" ref="600584098" role=""/>
  <member type="way" ref="709292814" role=""/>
  <member type="way" ref="600057056" role=""/>
  <member type="way" ref="1309201478" role=""/>
  <member type="way" ref="600057055" role=""/>
  <member type="way" ref="709289096" role=""/>
  <member type="way" ref="1240199930" role=""/>
  <member type="way" ref="688080591" role=""/>
  <member type="way" ref="1214746625" role=""/>
  <member type="way" ref="711052048" role=""/>
  <member type="way" ref="711052047" role=""/>
  <member type="way" ref="630092757" role=""/>
  <member type="way" ref="1054590950" role=""/>
  <member type="way" ref="1215294414" role=""/>
  <member type="way" ref="974572938" role=""/>
  <member type="way" ref="1100995756" role=""/>
  <member type="way" ref="1304254919" role=""/>
  <member type="way" ref="1100987654" role=""/>
  <member type="way" ref="710360128" role=""/>
  <member type="way" ref="1139127115" role=""/>
  <member type="way" ref="1139127117" role=""/>
  <member type="way" ref="1130829742" role=""/>
  <member type="way" ref="408828309" role=""/>
  <member type="way" ref="815619170" role=""/>
  <member type="way" ref="464488487" role=""/>
  <member type="way" ref="702572999" role=""/>
  <member type="way" ref="702572990" role=""/>
  <member type="way" ref="702572991" role=""/>
  <member type="way" ref="464488489" role=""/>
  <member type="way" ref="816842160" role=""/>
  <member type="way" ref="1102812591" role=""/>
  <member type="way" ref="1102812590" role=""/>
  <member type="way" ref="1242935515" role=""/>
  <member type="way" ref="1205381231" role=""/>
  <member type="way" ref="600518175" role=""/>
  <member type="way" ref="945783759" role=""/>
  <member type="way" ref="705487703" role=""/>
  <member type="way" ref="344953759" role=""/>
  <member type="way" ref="1455949134" role=""/>
  <member type="way" ref="705529722" role=""/>
  <member type="way" ref="1241605215" role=""/>
  <member type="way" ref="397016904" role=""/>
  <member type="way" ref="706496931" role=""/>
  <member type="way" ref="705792970" role=""/>
  <member type="way" ref="1012665670" role=""/>
  <member type="way" ref="1012665685" role=""/>
  <member type="way" ref="116436710" role=""/>
  <member type="way" ref="1115710779" role=""/>
  <member type="way" ref="709788186" role=""/>
  <member type="way" ref="709788193" role=""/>
  <member type="way" ref="1390613355" role=""/>
  <member type="way" ref="1467790157" role=""/>
  <member type="way" ref="157031808" role=""/>
  <member type="way" ref="1110149612" role=""/>
  <member type="way" ref="106049739" role=""/>
  <member type="way" ref="1205146902" role=""/>
  <member type="way" ref="1241122650" role=""/>
  <member type="way" ref="1205147387" role=""/>
  <member type="way" ref="156898469" role=""/>
  <member type="way" ref="157394824" role=""/>
  <member type="way" ref="776703518" role=""/>
  <member type="way" ref="712065731" role=""/>
  <member type="way" ref="615426398" role=""/>
  <member type="way" ref="37447734" role=""/>
  <member type="way" ref="967878672" role=""/>
  <member type="way" ref="184919488" role=""/>
  <member type="way" ref="38030916" role=""/>
  <member type="way" ref="967878673" role=""/>
  <member type="way" ref="420754266" role=""/>
  <member type="way" ref="1240365577" role=""/>
  <member type="way" ref="1240365578" role=""/>
  <member type="way" ref="957062227" role=""/>
  <member type="way" ref="957062226" role=""/>
  <member type="way" ref="956690100" role=""/>
  <tag k="charge" v="10000 VND"/>
  <tag k="colour" v="#76c04d"/>
  <tag k="fee" v="yes"/>
  <tag k="from" v="Khu đô thị Thanh Hà"/>
  <tag k="interval" v="00:20-00:30"/>
  <tag k="name" v="Khu đô thị Thanh Hà - Công viện Nghĩa Đô"/>
  <tag k="name:en" v="Thanh Ha Urban Area - Nghia Do Park"/>
  <tag k="network" v="Hanoibus"/>
  <tag k="opening_hours" v="Mo-Su 05:00-21:05"/>
  <tag k="operator" v="Xí nghiệp xe buýt Cầu Bươu"/>
  <tag k="ref" v="85"/>
  <tag k="route" v="bus"/>
  <tag k="to" v="Công viên Nghĩa Đô"/>
  <tag k="type" v="route"/>
 </relation>
 <relation id="17059214" visible="true" version="2" changeset="148274894" timestamp="2024-03-06T03:52:58Z" user="edumiz624" uid="20881381">
  <member type="relation" ref="17058838" role=""/>
  <member type="relation" ref="17059213" role=""/>
  <tag k="name" v="Công viên Nghĩa Đô - Khu đô thị Thanh Hà"/>
  <tag k="name:en" v="Nghia Do Park - Thanh Ha Urban Area"/>
  <tag k="network" v="Hanoibus"/>
  <tag k="operator" v="Xí nghiệp xe buýt Cầu Bươu"/>
  <tag k="ref" v="85"/>
  <tag k="route_master" v="bus"/>
  <tag k="type" v="route_master"/>
 </relation>
 <relation id="17083649" visible="true" version="2" changeset="148381528" timestamp="2024-03-08T12:14:50Z" user="edumiz624" uid="20881381">
  <member type="relation" ref="14587157" role=""/>
  <member type="relation" ref="14587158" role=""/>
  <tag k="name" v="Khu đô thị Smart City - Vincom Long Biên"/>
  <tag k="name:en" v="Smart City Urban Area - Vincom Long Bien Commercial Center"/>
  <tag k="network" v="Hanoibus"/>
  <tag k="operator" v="VinBus"/>
  <tag k="ref" v="E04"/>
  <tag k="route_master" v="bus"/>
  <tag k="type" v="route_master"/>
 </relation>
 <relation id="17320935" visible="true" version="1" changeset="148381528" timestamp="2024-03-08T12:14:50Z" user="edumiz624" uid="20881381">
  <member type="relation" ref="13088554" role=""/>
  <member type="relation" ref="13091438" role=""/>
  <tag k="name" v="Đô Nghĩa - Cầu Giấy"/>
  <tag k="name:en" v="Do Nghia Urban Area - Cau Giay Bus Interchange"/>
  <tag k="network" v="Hanoibus"/>
  <tag k="operator" v="Xí nghiệp xe buýt nhanh BRT Hà Nội"/>
  <tag k="ref" v="105"/>
  <tag k="route_master" v="bus"/>
  <tag k="type" v="route_master"/>
 </relation>
 <relation id="18179671" visible="true" version="13" changeset="182542406" timestamp="2026-05-12T08:06:45Z" user="GrabVN_HHanh" uid="21825758">
  <member type="node" ref="6695986187" role="platform_entry_only"/>
  <member type="node" ref="8808907343" role="platform"/>
  <member type="node" ref="7622858413" role="platform"/>
  <member type="node" ref="8829926853" role="platform"/>
  <member type="node" ref="8829926854" role="platform"/>
  <member type="node" ref="8829926855" role="platform"/>
  <member type="node" ref="8939177170" role="platform"/>
  <member type="node" ref="8939177171" role="platform"/>
  <member type="node" ref="8939177172" role="platform"/>
  <member type="node" ref="444394994" role="platform"/>
  <member type="node" ref="444394979" role="platform"/>
  <member type="node" ref="8770675677" role="platform"/>
  <member type="node" ref="444394956" role="platform"/>
  <member type="node" ref="444394950" role="platform"/>
  <member type="node" ref="8770675678" role="platform"/>
  <member type="node" ref="8770675679" role="platform"/>
  <member type="node" ref="8770675680" role="platform"/>
  <member type="node" ref="8770675681" role="platform"/>
  <member type="node" ref="8770675682" role="platform"/>
  <member type="node" ref="8770675683" role="platform"/>
  <member type="node" ref="8770675684" role="platform"/>
  <member type="node" ref="8770675685" role="platform"/>
  <member type="node" ref="8770739141" role="platform"/>
  <member type="node" ref="9007633027" role="platform"/>
  <member type="node" ref="9007633029" role="platform"/>
  <member type="node" ref="9007633049" role="platform"/>
  <member type="node" ref="9007633051" role="platform"/>
  <member type="node" ref="9007633053" role="platform"/>
  <member type="node" ref="9007633055" role="platform"/>
  <member type="node" ref="9007633057" role="platform"/>
  <member type="node" ref="9007633059" role="platform"/>
  <member type="node" ref="9007633061" role="platform"/>
  <member type="node" ref="9007633063" role="platform"/>
  <member type="node" ref="9007633065" role="platform"/>
  <member type="node" ref="9007633067" role="platform"/>
  <member type="node" ref="9007633069" role="platform"/>
  <member type="node" ref="9007633071" role="platform"/>
  <member type="node" ref="9007633114" role="platform"/>
  <member type="node" ref="9007633116" role="platform"/>
  <member type="node" ref="9007641818" role="platform"/>
  <member type="node" ref="9007641820" role="platform"/>
  <member type="node" ref="9007641822" role="platform"/>
  <member type="node" ref="9007641824" role="platform"/>
  <member type="node" ref="9007641826" role="platform"/>
  <member type="node" ref="9007641828" role="platform"/>
  <member type="node" ref="9007641830" role="platform"/>
  <member type="node" ref="9006046627" role="platform"/>
  <member type="node" ref="9006046625" role="platform"/>
  <member type="node" ref="9006046623" role="platform"/>
  <member type="node" ref="9006046621" role="platform"/>
  <member type="node" ref="9006046619" role="platform"/>
  <member type="node" ref="9006046617" role="platform"/>
  <member type="node" ref="9005978415" role="platform"/>
  <member type="node" ref="9005978413" role="platform"/>
  <member type="node" ref="9005978411" role="platform"/>
  <member type="node" ref="9005978409" role="platform"/>
  <member type="node" ref="9005978407" role="platform"/>
  <member type="node" ref="9005978405" role="platform"/>
  <member type="node" ref="9019312644" role="platform"/>
  <member type="node" ref="9019312647" role="platform"/>
  <member type="node" ref="9019312648" role="platform"/>
  <member type="node" ref="9019312651" role="platform"/>
  <member type="node" ref="9019312652" role="platform"/>
  <member type="node" ref="9019312654" role="platform"/>
  <member type="node" ref="9019312656" role="platform"/>
  <member type="node" ref="9019312658" role="platform"/>
  <member type="node" ref="9019312660" role="platform"/>
  <member type="node" ref="9019312662" role="platform"/>
  <member type="node" ref="11549841008" role="platform_exit_only"/>
  <member type="way" ref="601529647" role=""/>
  <member type="way" ref="816197481" role=""/>
  <member type="way" ref="704959984" role=""/>
  <member type="way" ref="703986437" role=""/>
  <member type="way" ref="704964051" role=""/>
  <member type="way" ref="898262239" role=""/>
  <member type="way" ref="1240663517" role=""/>
  <member type="way" ref="951694405" role=""/>
  <member type="way" ref="1000435074" role=""/>
  <member type="way" ref="962493746" role=""/>
  <member type="way" ref="948123041" role=""/>
  <member type="way" ref="703986436" role=""/>
  <member type="way" ref="704984905" role=""/>
  <member type="way" ref="704984904" role=""/>
  <member type="way" ref="704984906" role=""/>
  <member type="way" ref="704990515" role=""/>
  <member type="way" ref="704990516" role=""/>
  <member type="way" ref="704031049" role=""/>
  <member type="way" ref="704990514" role=""/>
  <member type="way" ref="704031050" role=""/>
  <member type="way" ref="704031047" role=""/>
  <member type="way" ref="1010846168" role=""/>
  <member type="way" ref="704031048" role=""/>
  <member type="way" ref="675481681" role=""/>
  <member type="way" ref="704994516" role=""/>
  <member type="way" ref="705485362" role=""/>
  <member type="way" ref="705487902" role=""/>
  <member type="way" ref="705487901" role=""/>
  <member type="way" ref="1313180244" role=""/>
  <member type="way" ref="705487900" role=""/>
  <member type="way" ref="705487899" role=""/>
  <member type="way" ref="709368694" role=""/>
  <member type="way" ref="974572936" role=""/>
  <member type="way" ref="898229727" role=""/>
  <member type="way" ref="974572939" role=""/>
  <member type="way" ref="709368692" role=""/>
  <member type="way" ref="1442409291" role=""/>
  <member type="way" ref="709368691" role=""/>
  <member type="way" ref="106053505" role=""/>
  <member type="way" ref="709368690" role=""/>
  <member type="way" ref="457741982" role=""/>
  <member type="way" ref="711700503" role=""/>
  <member type="way" ref="457757021" role=""/>
  <member type="way" ref="1290144946" role=""/>
  <member type="way" ref="1466411476" role=""/>
  <member type="way" ref="239370942" role=""/>
  <member type="way" ref="974572935" role=""/>
  <member type="way" ref="1242183437" role=""/>
  <member type="way" ref="693652773" role=""/>
  <member type="way" ref="1305064571" role=""/>
  <member type="way" ref="1109636292" role=""/>
  <member type="way" ref="1335957666" role=""/>
  <member type="way" ref="1326204766" role=""/>
  <member type="way" ref="220005738" role=""/>
  <member type="way" ref="616826560" role=""/>
  <member type="way" ref="344413424" role=""/>
  <member type="way" ref="972911787" role=""/>
  <member type="way" ref="1266442397" role=""/>
  <member type="way" ref="1343935603" role=""/>
  <member type="way" ref="344413423" role=""/>
  <member type="way" ref="965548423" role=""/>
  <member type="way" ref="974551794" role=""/>
  <member type="way" ref="1204837531" role=""/>
  <member type="way" ref="885892457" role=""/>
  <member type="way" ref="1242168118" role=""/>
  <member type="way" ref="973215969" role=""/>
  <member type="way" ref="973215955" role=""/>
  <member type="way" ref="973215958" role=""/>
  <member type="way" ref="1265033263" role=""/>
  <member type="way" ref="1191707968" role=""/>
  <member type="way" ref="1240199927" role=""/>
  <member type="way" ref="62058625" role=""/>
  <member type="way" ref="251931725" role=""/>
  <member type="way" ref="1477379072" role=""/>
  <member type="way" ref="600072623" role=""/>
  <member type="way" ref="1477379074" role=""/>
  <member type="way" ref="1286465362" role=""/>
  <member type="way" ref="1286465360" role=""/>
  <member type="way" ref="1301457525" role=""/>
  <member type="way" ref="1301457524" role=""/>
  <member type="way" ref="1286464199" role=""/>
  <member type="way" ref="973215961" role=""/>
  <member type="way" ref="1292635498" role=""/>
  <member type="way" ref="973215963" role=""/>
  <member type="way" ref="1301457559" role=""/>
  <member type="way" ref="1292662273" role=""/>
  <member type="way" ref="1286464200" role=""/>
  <member type="way" ref="1242757298" role=""/>
  <member type="way" ref="1301457613" role=""/>
  <member type="way" ref="1301457612" role=""/>
  <member type="way" ref="596039080" role=""/>
  <member type="way" ref="1301457611" role=""/>
  <member type="way" ref="1301457610" role=""/>
  <member type="way" ref="1010472261" role=""/>
  <member type="way" ref="973215967" role=""/>
  <member type="way" ref="973023154" role=""/>
  <member type="way" ref="974572927" role=""/>
  <member type="way" ref="973023153" role=""/>
  <member type="way" ref="1212166138" role=""/>
  <member type="way" ref="1212166137" role=""/>
  <member type="way" ref="596039079" role=""/>
  <member type="way" ref="251931726" role=""/>
  <member type="way" ref="830463640" role=""/>
  <member type="way" ref="830218986" role=""/>
  <member type="way" ref="242429125" role=""/>
  <member type="way" ref="741271257" role=""/>
  <member type="way" ref="768696772" role=""/>
  <member type="way" ref="768696757" role=""/>
  <member type="way" ref="974572949" role=""/>
  <member type="way" ref="1242816815" role=""/>
  <member type="way" ref="768696769" role=""/>
  <tag k="charge" v="20000 VND"/>
  <tag k="fee" v="yes"/>
  <tag k="from" v="Bến xe Mỹ Đình"/>
  <tag k="interval" v="00:20-00:30"/>
  <tag k="name" v="Bến xe Mỹ Đình - Tế Tiêu"/>
  <tag k="name:en" v="My Dinh Bus Station - Te Tieu (My Duc District)"/>
  <tag k="network" v="Hanoibus"/>
  <tag k="opening_hours" v="Mo-Su 05:00-18:00"/>
  <tag k="operator" v="Công ty Cổ phần Dịch vụ và Vận tải Bảo Châu"/>
  <tag k="ref" v="78"/>
  <tag k="route" v="bus"/>
  <tag k="to" v="Tế Tiêu"/>
  <tag k="type" v="route"/>
 </relation>
 <relation id="18179672" visible="true" version="10" changeset="182542406" timestamp="2026-05-12T08:06:45Z" user="GrabVN_HHanh" uid="21825758">
  <member type="node" ref="11549841008" role="platform_entry_only"/>
  <member type="node" ref="9019312663" role="platform"/>
  <member type="node" ref="9019312661" role="platform"/>
  <member type="node" ref="9019312659" role="platform"/>
  <member type="node" ref="9019312657" role="platform"/>
  <member type="node" ref="9019312655" role="platform"/>
  <member type="node" ref="9019312653" role="platform"/>
  <member type="node" ref="9019312650" role="platform"/>
  <member type="node" ref="9019312649" role="platform"/>
  <member type="node" ref="9019312646" role="platform"/>
  <member type="node" ref="9019312645" role="platform"/>
  <member type="node" ref="9005978404" role="platform"/>
  <member type="node" ref="9005978406" role="platform"/>
  <member type="node" ref="9005978408" role="platform"/>
  <member type="node" ref="9005978410" role="platform"/>
  <member type="node" ref="9005978412" role="platform"/>
  <member type="node" ref="9005978414" role="platform"/>
  <member type="node" ref="9005978416" role="platform"/>
  <member type="node" ref="9006046618" role="platform"/>
  <member type="node" ref="9006046620" role="platform"/>
  <member type="node" ref="9006046622" role="platform"/>
  <member type="node" ref="9006046624" role="platform"/>
  <member type="node" ref="9006046626" role="platform"/>
  <member type="node" ref="9007641831" role="platform"/>
  <member type="node" ref="9007641829" role="platform"/>
  <member type="node" ref="9007641827" role="platform"/>
  <member type="node" ref="9007641825" role="platform"/>
  <member type="node" ref="9007641823" role="platform"/>
  <member type="node" ref="9007641821" role="platform"/>
  <member type="node" ref="9007641819" role="platform"/>
  <member type="node" ref="9007641817" role="platform"/>
  <member type="node" ref="9007633115" role="platform"/>
  <member type="node" ref="9007633072" role="platform"/>
  <member type="node" ref="9007633070" role="platform"/>
  <member type="node" ref="9007633068" role="platform"/>
  <member type="node" ref="11542412973" role="platform"/>
  <member type="node" ref="9007633066" role="platform"/>
  <member type="node" ref="9007633064" role="platform"/>
  <member type="node" ref="9007633062" role="platform"/>
  <member type="node" ref="9007633060" role="platform"/>
  <member type="node" ref="9007633058" role="platform"/>
  <member type="node" ref="9007633056" role="platform"/>
  <member type="node" ref="9007633054" role="platform"/>
  <member type="node" ref="9007633052" role="platform"/>
  <member type="node" ref="9007633050" role="platform"/>
  <member type="node" ref="9007633048" role="platform"/>
  <member type="node" ref="9007633028" role="platform"/>
  <member type="node" ref="8770739146" role="platform"/>
  <member type="node" ref="8770739147" role="platform"/>
  <member type="node" ref="8770739148" role="platform"/>
  <member type="node" ref="8770739149" role="platform"/>
  <member type="node" ref="8770739150" role="platform"/>
  <member type="node" ref="8770739151" role="platform"/>
  <member type="node" ref="8770739152" role="platform"/>
  <member type="node" ref="8770739153" role="platform"/>
  <member type="node" ref="8846358794" role="platform"/>
  <member type="node" ref="8770739154" role="platform"/>
  <member type="node" ref="444394880" role="platform"/>
  <member type="node" ref="8770739155" role="platform"/>
  <member type="node" ref="8939177164" role="platform"/>
  <member type="node" ref="8770739156" role="platform"/>
  <member type="node" ref="738814455" role="platform"/>
  <member type="node" ref="444394809" role="platform"/>
  <member type="node" ref="8939177168" role="platform"/>
  <member type="node" ref="8939177169" role="platform"/>
  <member type="node" ref="4504060143" role="platform"/>
  <member type="node" ref="8821681976" role="platform"/>
  <member type="node" ref="8821681977" role="platform"/>
  <member type="node" ref="8821681978" role="platform"/>
  <member type="node" ref="7617390958" role="platform"/>
  <member type="node" ref="7617390959" role="platform"/>
  <member type="node" ref="7617390960" role="platform"/>
  <member type="node" ref="6695986187" role="platform_exit_only"/>
  <member type="way" ref="1242816814" role=""/>
  <member type="way" ref="974572948" role=""/>
  <member type="way" ref="974572928" role=""/>
  <member type="way" ref="768696772" role=""/>
  <member type="way" ref="741271257" role=""/>
  <member type="way" ref="242429125" role=""/>
  <member type="way" ref="830218986" role=""/>
  <member type="way" ref="830463640" role=""/>
  <member type="way" ref="251931726" role=""/>
  <member type="way" ref="596039079" role=""/>
  <member type="way" ref="1212166137" role=""/>
  <member type="way" ref="1212166138" role=""/>
  <member type="way" ref="973023153" role=""/>
  <member type="way" ref="974572927" role=""/>
  <member type="way" ref="973023154" role=""/>
  <member type="way" ref="973215967" role=""/>
  <member type="way" ref="1010472261" role=""/>
  <member type="way" ref="1301457610" role=""/>
  <member type="way" ref="1301457611" role=""/>
  <member type="way" ref="596039080" role=""/>
  <member type="way" ref="1301457612" role=""/>
  <member type="way" ref="1301457613" role=""/>
  <member type="way" ref="1242757298" role=""/>
  <member type="way" ref="1286464200" role=""/>
  <member type="way" ref="1292662272" role=""/>
  <member type="way" ref="1301457558" role=""/>
  <member type="way" ref="896903200" role=""/>
  <member type="way" ref="973215964" role=""/>
  <member type="way" ref="1286464199" role=""/>
  <member type="way" ref="1301457523" role=""/>
  <member type="way" ref="1301457522" role=""/>
  <member type="way" ref="1286465361" role=""/>
  <member type="way" ref="1286465362" role=""/>
  <member type="way" ref="1477379074" role=""/>
  <member type="way" ref="600072623" role=""/>
  <member type="way" ref="1477379072" role=""/>
  <member type="way" ref="251931725" role=""/>
  <member type="way" ref="62058625" role=""/>
  <member type="way" ref="1240199927" role=""/>
  <member type="way" ref="1191707968" role=""/>
  <member type="way" ref="1265033263" role=""/>
  <member type="way" ref="973215958" role=""/>
  <member type="way" ref="973215955" role=""/>
  <member type="way" ref="1390285680" role=""/>
  <member type="way" ref="885892449" role=""/>
  <member type="way" ref="1204837532" role=""/>
  <member type="way" ref="973485814" role=""/>
  <member type="way" ref="1327438661" role=""/>
  <member type="way" ref="208657329" role=""/>
  <member type="way" ref="973485815" role=""/>
  <member type="way" ref="965408116" role=""/>
  <member type="way" ref="940397011" role=""/>
  <member type="way" ref="1266442395" role=""/>
  <member type="way" ref="1266442398" role=""/>
  <member type="way" ref="940397010" role=""/>
  <member type="way" ref="955882982" role=""/>
  <member type="way" ref="344413426" role=""/>
  <member type="way" ref="220005742" role=""/>
  <member type="way" ref="616826561" role=""/>
  <member type="way" ref="955842629" role=""/>
  <member type="way" ref="1151248817" role=""/>
  <member type="way" ref="1307455571" role=""/>
  <member type="way" ref="1307455573" role=""/>
  <member type="way" ref="38020420" role=""/>
  <member type="way" ref="1318958371" role=""/>
  <member type="way" ref="1305064572" role=""/>
  <member type="way" ref="708941780" role=""/>
  <member type="way" ref="1109636291" role=""/>
  <member type="way" ref="1242183436" role=""/>
  <member type="way" ref="1109636297" role=""/>
  <member type="way" ref="710270798" role=""/>
  <member type="way" ref="710270797" role=""/>
  <member type="way" ref="1466411477" role=""/>
  <member type="way" ref="239370934" role=""/>
  <member type="way" ref="710332807" role=""/>
  <member type="way" ref="955882983" role=""/>
  <member type="way" ref="1198858980" role=""/>
  <member type="way" ref="709354466" role=""/>
  <member type="way" ref="702880303" role=""/>
  <member type="way" ref="702880301" role=""/>
  <member type="way" ref="709767944" role=""/>
  <member type="way" ref="1442409289" role=""/>
  <member type="way" ref="1442409290" role=""/>
  <member type="way" ref="397241050" role=""/>
  <member type="way" ref="1267006258" role=""/>
  <member type="way" ref="974572940" role=""/>
  <member type="way" ref="844948730" role=""/>
  <member type="way" ref="773083570" role=""/>
  <member type="way" ref="773083571" role=""/>
  <member type="way" ref="705501038" role=""/>
  <member type="way" ref="705501037" role=""/>
  <member type="way" ref="705501036" role=""/>
  <member type="way" ref="705501039" role=""/>
  <member type="way" ref="704994517" role=""/>
  <member type="way" ref="675481682" role=""/>
  <member type="way" ref="705508334" role=""/>
  <member type="way" ref="705508333" role=""/>
  <member type="way" ref="705508332" role=""/>
  <member type="way" ref="704024160" role=""/>
  <member type="way" ref="962493734" role=""/>
  <member type="way" ref="37562784" role=""/>
  <member type="way" ref="704024159" role=""/>
  <member type="way" ref="706403447" role=""/>
  <member type="way" ref="704015766" role=""/>
  <member type="way" ref="704015767" role=""/>
  <member type="way" ref="704013518" role=""/>
  <member type="way" ref="703992425" role=""/>
  <member type="way" ref="705790144" role=""/>
  <member type="way" ref="705790143" role=""/>
  <member type="way" ref="703992426" role=""/>
  <member type="way" ref="703997645" role=""/>
  <member type="way" ref="703997646" role=""/>
  <member type="way" ref="815619172" role=""/>
  <member type="way" ref="705564896" role=""/>
  <member type="way" ref="703992427" role=""/>
  <member type="way" ref="1458914359" role=""/>
  <member type="way" ref="703521534" role=""/>
  <member type="way" ref="703521533" role=""/>
  <member type="way" ref="1337871557" role=""/>
  <member type="way" ref="704705860" role=""/>
  <member type="way" ref="704705861" role=""/>
  <member type="way" ref="703519573" role=""/>
  <member type="way" ref="704942289" role=""/>
  <member type="way" ref="1163312635" role=""/>
  <member type="way" ref="704942290" role=""/>
  <member type="way" ref="952211058" role=""/>
  <tag k="charge" v="20000 VND"/>
  <tag k="fee" v="yes"/>
  <tag k="from" v="Tế Tiêu"/>
  <tag k="interval" v="00:20-00:30"/>
  <tag k="name" v="Tế Tiêu - Bến xe Mỹ Đình"/>
  <tag k="name:en" v="Te Tieu (My Duc District) - My Dinh Bus Station"/>
  <tag k="network" v="Hanoibus"/>
  <tag k="opening_hours" v="Mo-Su 05:00-18:00"/>
  <tag k="operator" v="Công ty Cổ phần Dịch vụ và Vận tải Bảo Châu"/>
  <tag k="ref" v="78"/>
  <tag k="route" v="bus"/>
  <tag k="to" v="Bến xe Mỹ Đình"/>
  <tag k="type" v="route"/>
 </relation>
 <relation id="18179673" visible="true" version="1" changeset="158074974" timestamp="2024-10-19T05:01:59Z" user="edumiz624" uid="20881381">
  <member type="relation" ref="18179671" role=""/>
  <member type="relation" ref="18179672" role=""/>
  <tag k="name" v="Bến xe Mỹ Đình - Tế Tiêu"/>
  <tag k="name:en" v="My Dinh Bus Station - Te Tieu (My Duc District)"/>
  <tag k="network" v="Hanoibus"/>
  <tag k="operator" v="Công ty Cổ phần Dịch vụ và Vận tải Bảo Châu"/>
  <tag k="ref" v="78"/>
  <tag k="route_master" v="bus"/>
  <tag k="type" v="route_master"/>
 </relation>
 <relation id="18587946" visible="true" version="2" changeset="167126911" timestamp="2025-06-03T09:57:42Z" user="phoenixsaigon1698" uid="3323343">
  <member type="way" ref="208657298" role="from"/>
  <member type="node" ref="2189337043" role="via"/>
  <member type="way" ref="1353314673" role="to"/>
  <tag k="except" v="bicycle;motorcycle"/>
  <tag k="restriction:conditional" v="no_right_turn @ (06:00-09:00; 16:00-19:30)"/>
  <tag k="type" v="restriction"/>
 </relation>
 <relation id="19166353" visible="true" version="1" changeset="166661729" timestamp="2025-05-23T15:15:19Z" user="Hung Tran 9x0" uid="20910140">
  <member type="way" ref="755115316" role="outer"/>
  <member type="way" ref="755111015" role="outer"/>
  <tag k="addr:street" v="Khu Đô Thị Mỗ Lao"/>
  <tag k="building" v="yes"/>
  <tag k="name" v="Chung cư TSQ Euroland"/>
  <tag k="type" v="multipolygon"/>
 </relation>
 <relation id="19206845" visible="true" version="1" changeset="167126911" timestamp="2025-06-03T09:57:42Z" user="phoenixsaigon1698" uid="3323343">
  <member type="way" ref="250706169" role="from"/>
  <member type="node" ref="2189337043" role="via"/>
  <member type="way" ref="1353314673" role="to"/>
  <tag k="except" v="bicycle;motorcycle"/>
  <tag k="restriction:conditional" v="no_straight_on @ (06:00-09:00; 16:00-19:30)"/>
  <tag k="type" v="restriction"/>
 </relation>
 <relation id="19206846" visible="true" version="1" changeset="167126911" timestamp="2025-06-03T09:57:42Z" user="phoenixsaigon1698" uid="3323343">
  <member type="node" ref="2189337095" role="via"/>
  <member type="way" ref="1373293487" role="from"/>
  <member type="way" ref="1353314798" role="to"/>
  <tag k="except" v="bicycle;motorcyle"/>
  <tag k="restriction:conditional" v="no_right_turn @ (06:00-09:00; 16:00-19:30)"/>
  <tag k="type" v="restriction"/>
 </relation>
 <relation id="19261106" visible="true" version="28" changeset="171228959" timestamp="2025-08-30T13:50:00Z" user="Kiharu1410" uid="10610073">
  <member type="way" ref="1357798440" role="outer"/>
  <member type="way" ref="1359056474" role="outer"/>
  <member type="way" ref="1418877640" role="outer"/>
  <member type="way" ref="1360322821" role="outer"/>
  <member type="way" ref="1360322823" role="outer"/>
  <member type="way" ref="1425977540" role="outer"/>
  <member type="way" ref="1425977539" role="outer"/>
  <member type="way" ref="483226558" role="outer"/>
  <member type="way" ref="1425977538" role="outer"/>
  <member type="way" ref="1425977537" role="outer"/>
  <member type="way" ref="1360322820" role="outer"/>
  <member type="way" ref="1360322830" role="outer"/>
  <member type="way" ref="484464066" role="outer"/>
  <member type="way" ref="1311443022" role="outer"/>
  <member type="way" ref="1420761668" role="outer"/>
  <member type="way" ref="1420761666" role="outer"/>
  <member type="way" ref="1420761665" role="outer"/>
  <member type="way" ref="1420761663" role="outer"/>
  <member type="way" ref="1420761661" role="outer"/>
  <member type="way" ref="1420761660" role="outer"/>
  <member type="way" ref="1420761659" role="outer"/>
  <member type="way" ref="1311443025" role="outer"/>
  <member type="way" ref="1360322828" role="outer"/>
  <member type="way" ref="1420761669" role="outer"/>
  <member type="way" ref="1420761656" role="outer"/>
  <member type="way" ref="483226559" role="outer"/>
  <member type="way" ref="1360322845" role="outer"/>
  <member type="way" ref="1361660788" role="outer"/>
  <member type="way" ref="1311443017" role="outer"/>
  <member type="way" ref="1361660787" role="outer"/>
  <member type="way" ref="1361660789" role="outer"/>
  <member type="way" ref="1311443016" role="outer"/>
  <member type="way" ref="1268977625" role="outer"/>
  <member type="way" ref="1361665003" role="outer"/>
  <member type="way" ref="483232113" role="outer"/>
  <member type="way" ref="1268977337" role="outer"/>
  <member type="way" ref="1420437475" role="outer"/>
  <member type="way" ref="1098119895" role="outer"/>
  <member type="way" ref="1268982566" role="outer"/>
  <member type="way" ref="1420686181" role="outer"/>
  <member type="way" ref="1268972693" role="outer"/>
  <member type="way" ref="1098119919" role="outer"/>
  <member type="way" ref="678539329" role="outer"/>
  <member type="way" ref="1420696898" role="outer"/>
  <member type="way" ref="1420696897" role="outer"/>
  <member type="way" ref="1420696900" role="outer"/>
  <member type="way" ref="1420696901" role="outer"/>
  <member type="way" ref="1000116845" role="outer"/>
  <member type="way" ref="1173008192" role="outer"/>
  <member type="way" ref="1420696895" role="outer"/>
  <member type="way" ref="1420696894" role="outer"/>
  <member type="way" ref="832454937" role="outer"/>
  <member type="way" ref="1420696893" role="outer"/>
  <member type="way" ref="1420696892" role="outer"/>
  <member type="way" ref="1098119914" role="outer"/>
  <member type="way" ref="1420437478" role="outer"/>
  <member type="way" ref="925499500" role="outer"/>
  <member type="way" ref="1098119874" role="outer"/>
  <member type="way" ref="1413836639" role="outer"/>
  <member type="way" ref="1414615897" role="outer"/>
  <member type="way" ref="1098119869" role="outer"/>
  <member type="way" ref="1414615899" role="outer"/>
  <member type="way" ref="1414615898" role="outer"/>
  <member type="way" ref="832454936" role="outer"/>
  <member type="way" ref="1000425980" role="outer"/>
  <member type="way" ref="1414036534" role="outer"/>
  <member type="way" ref="1414036535" role="outer"/>
  <member type="way" ref="1413922755" role="outer"/>
  <member type="way" ref="1000425979" role="outer"/>
  <member type="way" ref="1413836630" role="outer"/>
  <member type="way" ref="1098119870" role="outer"/>
  <member type="way" ref="1413836641" role="outer"/>
  <member type="way" ref="1420700240" role="outer"/>
  <member type="way" ref="832454922" role="outer"/>
  <member type="way" ref="483236495" role="outer"/>
  <member type="way" ref="1352838536" role="outer"/>
  <member type="way" ref="1352854198" role="outer"/>
  <member type="way" ref="1352856242" role="outer"/>
  <member type="way" ref="1395681382" role="outer"/>
  <member type="way" ref="483192213" role="outer"/>
  <member type="way" ref="1395681377" role="outer"/>
  <member type="way" ref="1352862688" role="outer"/>
  <member type="way" ref="1339202537" role="outer"/>
  <member type="way" ref="1339202536" role="outer"/>
  <member type="way" ref="1352866552" role="outer"/>
  <member type="way" ref="1426035510" role="outer"/>
  <member type="way" ref="1426035511" role="outer"/>
  <member type="way" ref="483192219" role="outer"/>
  <member type="way" ref="1352870163" role="outer"/>
  <member type="way" ref="1353288737" role="outer"/>
  <member type="way" ref="1353291327" role="outer"/>
  <member type="way" ref="1352870162" role="outer"/>
  <member type="way" ref="764373558" role="outer"/>
  <member type="way" ref="762882413" role="outer"/>
  <member type="way" ref="1426035508" role="outer"/>
  <member type="way" ref="1426035509" role="outer"/>
  <member type="way" ref="903384225" role="outer"/>
  <member type="way" ref="1424383804" role="outer"/>
  <member type="way" ref="1424383805" role="outer"/>
  <member type="way" ref="483632310" role="outer"/>
  <member type="way" ref="140210317" role="outer"/>
  <member type="way" ref="1424383798" role="outer"/>
  <member type="way" ref="1424383799" role="outer"/>
  <member type="way" ref="1425805903" role="outer"/>
  <member type="way" ref="1425805902" role="outer"/>
  <member type="way" ref="140210320" role="outer"/>
  <member type="way" ref="483196192" role="outer"/>
  <member type="way" ref="1418877648" role="outer"/>
  <member type="way" ref="1425805901" role="outer"/>
  <member type="way" ref="1425805900" role="outer"/>
  <member type="way" ref="483720005" role="outer"/>
  <member type="way" ref="1358115413" role="outer"/>
  <member type="way" ref="1425805899" role="outer"/>
  <member type="way" ref="1425805898" role="outer"/>
  <member type="way" ref="1358115402" role="outer"/>
  <member type="way" ref="1358115404" role="outer"/>
  <member type="way" ref="1359332218" role="outer"/>
  <member type="way" ref="1425805897" role="outer"/>
  <member type="way" ref="1425805896" role="outer"/>
  <member type="way" ref="483220090" role="outer"/>
  <member type="way" ref="1358115398" role="outer"/>
  <member type="way" ref="1425977545" role="outer"/>
  <member type="way" ref="1358115400" role="outer"/>
  <member type="way" ref="140210321" role="outer"/>
  <member type="way" ref="1358115393" role="outer"/>
  <member type="way" ref="1425977544" role="outer"/>
  <member type="way" ref="1425977543" role="outer"/>
  <member type="way" ref="1358115387" role="outer"/>
  <member type="way" ref="1425977542" role="outer"/>
  <member type="way" ref="1425977541" role="outer"/>
  <member type="way" ref="484461490" role="outer"/>
  <member type="relation" ref="7115367" role="subarea"/>
  <member type="relation" ref="7115398" role="subarea"/>
  <member type="relation" ref="7115580" role="subarea"/>
  <member type="relation" ref="7115635" role="subarea"/>
  <member type="relation" ref="7115593" role="subarea"/>
  <member type="relation" ref="7115632" role="subarea"/>
  <member type="relation" ref="9424587" role="subarea"/>
  <tag k="name" v="Tỉnh Hà Đông"/>
  <tag k="name:de" v="Provinz Ha Dong"/>
  <tag k="note" v="This was a province before merging with Sơn Tây province to form the old Hà Tây province"/>
  <tag k="type" v="boundary"/>
 </relation>
 <relation id="19267328" visible="true" version="22" changeset="177124538" timestamp="2026-01-12T07:20:22Z" user="goldmelodyvn" uid="8591028">
  <member type="way" ref="1414071046" role="outer"/>
  <member type="way" ref="484561938" role="outer"/>
  <member type="way" ref="1285926708" role="outer"/>
  <member type="way" ref="483150861" role="outer"/>
  <member type="way" ref="1285926710" role="outer"/>
  <member type="way" ref="660919764" role="outer"/>
  <member type="way" ref="1336799424" role="outer"/>
  <member type="way" ref="484563275" role="outer"/>
  <member type="way" ref="1067561904" role="outer"/>
  <member type="way" ref="1033198076" role="outer"/>
  <member type="way" ref="484551783" role="outer"/>
  <member type="way" ref="140210322" role="outer"/>
  <member type="way" ref="1296971657" role="outer"/>
  <member type="way" ref="1033198073" role="outer"/>
  <member type="way" ref="1033173766" role="outer"/>
  <member type="way" ref="1425977531" role="outer"/>
  <member type="way" ref="1425977532" role="outer"/>
  <member type="way" ref="484463626" role="outer"/>
  <member type="way" ref="1033173768" role="outer"/>
  <member type="way" ref="1033173759" role="outer"/>
  <member type="way" ref="483232111" role="outer"/>
  <member type="way" ref="1033173760" role="outer"/>
  <member type="way" ref="1032879040" role="outer"/>
  <member type="way" ref="1032879037" role="outer"/>
  <member type="way" ref="1032879034" role="outer"/>
  <member type="way" ref="1425977533" role="outer"/>
  <member type="way" ref="1425977534" role="outer"/>
  <member type="way" ref="1425977535" role="outer"/>
  <member type="way" ref="1425977536" role="outer"/>
  <member type="way" ref="483226562" role="outer"/>
  <member type="way" ref="1311443022" role="outer"/>
  <member type="way" ref="1420761668" role="outer"/>
  <member type="way" ref="1420761666" role="outer"/>
  <member type="way" ref="1420761665" role="outer"/>
  <member type="way" ref="1420761663" role="outer"/>
  <member type="way" ref="1420761661" role="outer"/>
  <member type="way" ref="1420761660" role="outer"/>
  <member type="way" ref="1420761659" role="outer"/>
  <member type="way" ref="1311443025" role="outer"/>
  <member type="way" ref="1360322828" role="outer"/>
  <member type="way" ref="1420761669" role="outer"/>
  <member type="way" ref="1420761656" role="outer"/>
  <member type="way" ref="483226559" role="outer"/>
  <member type="way" ref="1360322845" role="outer"/>
  <member type="way" ref="1361660788" role="outer"/>
  <member type="way" ref="1311443017" role="outer"/>
  <member type="way" ref="1361660787" role="outer"/>
  <member type="way" ref="1361660789" role="outer"/>
  <member type="way" ref="1311443016" role="outer"/>
  <member type="way" ref="1268977625" role="outer"/>
  <member type="way" ref="1361665003" role="outer"/>
  <member type="way" ref="483232113" role="outer"/>
  <member type="way" ref="1268977337" role="outer"/>
  <member type="way" ref="1420437475" role="outer"/>
  <member type="way" ref="1098119895" role="outer"/>
  <member type="way" ref="1268982566" role="outer"/>
  <member type="way" ref="1420686181" role="outer"/>
  <member type="way" ref="1268972693" role="outer"/>
  <member type="way" ref="1098119919" role="outer"/>
  <member type="way" ref="678539329" role="outer"/>
  <member type="way" ref="1420696898" role="outer"/>
  <member type="way" ref="1420696897" role="outer"/>
  <member type="way" ref="1420696900" role="outer"/>
  <member type="way" ref="1420696901" role="outer"/>
  <member type="way" ref="1000116845" role="outer"/>
  <member type="way" ref="1173008192" role="outer"/>
  <member type="way" ref="1420696895" role="outer"/>
  <member type="way" ref="1420696894" role="outer"/>
  <member type="way" ref="832454937" role="outer"/>
  <member type="way" ref="1420696893" role="outer"/>
  <member type="way" ref="1420696892" role="outer"/>
  <member type="way" ref="1098119914" role="outer"/>
  <member type="way" ref="1420437478" role="outer"/>
  <member type="way" ref="925499500" role="outer"/>
  <member type="way" ref="1098119874" role="outer"/>
  <member type="way" ref="1413836639" role="outer"/>
  <member type="way" ref="1414615897" role="outer"/>
  <member type="way" ref="1098119869" role="outer"/>
  <member type="way" ref="1414615899" role="outer"/>
  <member type="way" ref="1414615898" role="outer"/>
  <member type="way" ref="832454936" role="outer"/>
  <member type="way" ref="832454916" role="outer"/>
  <member type="way" ref="678799138" role="outer"/>
  <member type="way" ref="1420682853" role="outer"/>
  <member type="way" ref="1420682855" role="outer"/>
  <member type="way" ref="1420682854" role="outer"/>
  <member type="way" ref="832454935" role="outer"/>
  <member type="way" ref="1420682851" role="outer"/>
  <member type="way" ref="1420682852" role="outer"/>
  <member type="way" ref="1420682850" role="outer"/>
  <member type="way" ref="832454944" role="outer"/>
  <member type="way" ref="678799141" role="outer"/>
  <member type="way" ref="678774579" role="outer"/>
  <member type="way" ref="678774174" role="outer"/>
  <member type="way" ref="1324046567" role="outer"/>
  <member type="way" ref="678418321" role="outer"/>
  <member type="way" ref="1311931116" role="outer"/>
  <member type="way" ref="1420669513" role="outer"/>
  <member type="way" ref="1420669512" role="outer"/>
  <member type="way" ref="705491702" role="outer"/>
  <member type="way" ref="1413274999" role="outer"/>
  <member type="way" ref="483235220" role="outer"/>
  <member type="way" ref="1311284909" role="outer"/>
  <member type="way" ref="1412300290" role="outer"/>
  <member type="way" ref="1328090700" role="outer"/>
  <member type="way" ref="1412300291" role="outer"/>
  <member type="way" ref="1311284910" role="outer"/>
  <member type="way" ref="483151238" role="outer"/>
  <member type="way" ref="1413275000" role="outer"/>
  <member type="way" ref="1354361330" role="outer"/>
  <member type="way" ref="1311284923" role="outer"/>
  <member type="way" ref="1270602563" role="outer"/>
  <member type="way" ref="1286771826" role="outer"/>
  <member type="way" ref="1270602558" role="outer"/>
  <member type="way" ref="1286471123" role="outer"/>
  <member type="way" ref="1412300281" role="outer"/>
  <member type="way" ref="1270602562" role="outer"/>
  <member type="way" ref="1270602568" role="outer"/>
  <member type="way" ref="1270602572" role="outer"/>
  <member type="way" ref="1285926709" role="outer"/>
  <member type="way" ref="483150859" role="outer"/>
  <member type="way" ref="1349140136" role="outer"/>
  <member type="relation" ref="7115759" role="subarea"/>
  <member type="relation" ref="7114815" role="subarea"/>
  <member type="relation" ref="9421138" role="subarea"/>
  <member type="relation" ref="9421137" role="subarea"/>
  <member type="relation" ref="9421130" role="subarea"/>
  <member type="relation" ref="9421133" role="subarea"/>
  <member type="relation" ref="7115709" role="subarea"/>
  <member type="relation" ref="7115863" role="subarea"/>
  <member type="relation" ref="9421134" role="subarea"/>
  <member type="relation" ref="9421135" role="subarea"/>
  <member type="relation" ref="9421132" role="subarea"/>
  <member type="relation" ref="9421139" role="subarea"/>
  <member type="relation" ref="9421136" role="subarea"/>
  <member type="relation" ref="9421131" role="subarea"/>
  <tag k="boundary" v="administrative"/>
  <tag k="name" v="Trung tâm Hà Nội"/>
  <tag k="note" v="This is not a historical boundary, but rather an subtraction of the defunct Hà Tây province and Mê Linh, Sóc Sơn districts (formerly in Vĩnh Phúc province) from Hà Nội"/>
  <tag k="type" v="boundary"/>
 </relation>
 <relation id="19338314" visible="true" version="15" changeset="180920713" timestamp="2026-04-06T01:42:27Z" user="inserteunnombreaqui" uid="22579655">
  <member type="way" ref="1420696893" role="outer"/>
  <member type="way" ref="1413922752" role="outer"/>
  <member type="way" ref="1420696894" role="outer"/>
  <member type="way" ref="1413520764" role="outer"/>
  <member type="way" ref="1413520765" role="outer"/>
  <member type="way" ref="1420696896" role="outer"/>
  <member type="way" ref="1173008192" role="outer"/>
  <member type="way" ref="1182556847" role="outer"/>
  <member type="way" ref="1413266871" role="outer"/>
  <member type="way" ref="1413266870" role="outer"/>
  <member type="way" ref="1413266869" role="outer"/>
  <member type="way" ref="1413266868" role="outer"/>
  <member type="way" ref="1413266875" role="outer"/>
  <member type="way" ref="1413266874" role="outer"/>
  <member type="way" ref="1413520751" role="outer"/>
  <member type="way" ref="1413520750" role="outer"/>
  <member type="way" ref="832454975" role="outer"/>
  <member type="way" ref="1413520753" role="outer"/>
  <member type="way" ref="1413520754" role="outer"/>
  <member type="way" ref="1413520755" role="outer"/>
  <member type="way" ref="1413520756" role="outer"/>
  <member type="way" ref="1413836639" role="outer"/>
  <member type="way" ref="1098119874" role="outer"/>
  <member type="way" ref="925499500" role="outer"/>
  <member type="way" ref="1413520758" role="outer"/>
  <member type="node" ref="13710014147" role="label"/>
  <tag k="admin_level" v="6"/>
  <tag k="boundary" v="administrative"/>
  <tag k="name" v="Phường Đại Mỗ"/>
  <tag k="name:en" v="Dai Mo Ward"/>
  <tag k="population" v="80462"/>
  <tag k="population:date" v="2025-07-01"/>
  <tag k="source:population" v="gis.vn"/>
  <tag k="type" v="boundary"/>
  <tag k="wikidata" v="Q10841119"/>
  <tag k="wikipedia" v="vi:Đại Mỗ"/>
 </relation>
 <relation id="19338315" visible="true" version="16" changeset="180921829" timestamp="2026-04-06T02:54:14Z" user="inserteunnombreaqui" uid="22579655">
  <member type="way" ref="1420696897" role="outer"/>
  <member type="way" ref="1420696891" role="outer"/>
  <member type="way" ref="1413922746" role="outer"/>
  <member type="way" ref="1413922745" role="outer"/>
  <member type="way" ref="1268972693" role="outer"/>
  <member type="way" ref="1420686181" role="outer"/>
  <member type="way" ref="1413520778" role="outer"/>
  <member type="way" ref="1420677841" role="outer"/>
  <member type="way" ref="1413520779" role="outer"/>
  <member type="way" ref="1420677843" role="outer"/>
  <member type="way" ref="1268977627" role="outer"/>
  <member type="way" ref="1420677845" role="outer"/>
  <member type="way" ref="1420677844" role="outer"/>
  <member type="way" ref="1420675634" role="outer"/>
  <member type="way" ref="1413520786" role="outer"/>
  <member type="way" ref="1413520787" role="outer"/>
  <member type="way" ref="1420675633" role="outer"/>
  <member type="way" ref="1413240434" role="outer"/>
  <member type="way" ref="1413240435" role="outer"/>
  <member type="way" ref="1413240436" role="outer"/>
  <member type="way" ref="1413240437" role="outer"/>
  <member type="way" ref="1413240438" role="outer"/>
  <member type="way" ref="1413240441" role="outer"/>
  <member type="way" ref="1413240440" role="outer"/>
  <member type="way" ref="1413240443" role="outer"/>
  <member type="way" ref="1413240442" role="outer"/>
  <member type="way" ref="1413240444" role="outer"/>
  <member type="way" ref="1413240445" role="outer"/>
  <member type="way" ref="1413240447" role="outer"/>
  <member type="way" ref="1413240457" role="outer"/>
  <member type="way" ref="1413240458" role="outer"/>
  <member type="way" ref="1413240459" role="outer"/>
  <member type="way" ref="1182556853" role="outer"/>
  <member type="way" ref="1182556848" role="outer"/>
  <member type="way" ref="1420679235" role="outer"/>
  <member type="way" ref="1182556847" role="outer"/>
  <member type="way" ref="1173008192" role="outer"/>
  <member type="way" ref="1420696896" role="outer"/>
  <member type="way" ref="1413922748" role="outer"/>
  <member type="way" ref="1420696900" role="outer"/>
  <member type="way" ref="1420696898" role="outer"/>
  <member type="way" ref="1420696899" role="outer"/>
  <member type="node" ref="13710038879" role="label"/>
  <tag k="admin_level" v="6"/>
  <tag k="boundary" v="administrative"/>
  <tag k="name" v="Phường Thanh Liệt"/>
  <tag k="name:en" v="Thanh Liet Ward"/>
  <tag k="population" v="76238"/>
  <tag k="population:date" v="2025-07-01"/>
  <tag k="source:population" v="gis.vn"/>
  <tag k="type" v="boundary"/>
  <tag k="wikipedia" v="vi:Thanh Liệt, Hà Nội"/>
 </relation>
 <relation id="19341924" visible="true" version="13" changeset="181212835" timestamp="2026-04-12T02:22:14Z" user="inserteunnombreaqui" uid="22579655">
  <member type="way" ref="1414615893" role="outer"/>
  <member type="way" ref="1420700237" role="outer"/>
  <member type="way" ref="1098119874" role="outer"/>
  <member type="way" ref="925499500" role="outer"/>
  <member type="way" ref="1413922753" role="outer"/>
  <member type="way" ref="1420696892" role="outer"/>
  <member type="way" ref="1420696893" role="outer"/>
  <member type="way" ref="1413922752" role="outer"/>
  <member type="way" ref="1420696894" role="outer"/>
  <member type="way" ref="1413520764" role="outer"/>
  <member type="way" ref="1413520765" role="outer"/>
  <member type="way" ref="1413922748" role="outer"/>
  <member type="way" ref="1420696900" role="outer"/>
  <member type="way" ref="1420696897" role="outer"/>
  <member type="way" ref="1420696898" role="outer"/>
  <member type="way" ref="678539329" role="outer"/>
  <member type="way" ref="1413922746" role="outer"/>
  <member type="way" ref="1413922745" role="outer"/>
  <member type="way" ref="1098119896" role="outer"/>
  <member type="way" ref="1098119897" role="outer"/>
  <member type="way" ref="1098119899" role="outer"/>
  <member type="way" ref="1413922744" role="outer"/>
  <member type="way" ref="1413922759" role="outer"/>
  <member type="way" ref="1413922743" role="outer"/>
  <member type="node" ref="13709983624" role="label"/>
  <tag k="admin_level" v="6"/>
  <tag k="boundary" v="administrative"/>
  <tag k="name" v="Phường Hà Đông"/>
  <tag k="name:en" v="Ha Dong Ward"/>
  <tag k="population" v="185205"/>
  <tag k="population:date" v="2025-07-01"/>
  <tag k="source:population" v="gis.vn"/>
  <tag k="type" v="boundary"/>
 </relation>
 <relation id="19352279" visible="true" version="7" changeset="170094117" timestamp="2025-08-07T08:40:18Z" user="AndjelaS" uid="8951082">
  <member type="way" ref="705491711" role="outer"/>
  <member type="way" ref="1413274999" role="outer"/>
  <member type="way" ref="705491702" role="outer"/>
  <member type="way" ref="1420669512" role="outer"/>
  <member type="way" ref="1420669513" role="outer"/>
  <member type="way" ref="1311931116" role="outer"/>
  <member type="way" ref="678418321" role="outer"/>
  <member type="way" ref="1324046567" role="outer"/>
  <member type="way" ref="678774174" role="outer"/>
  <member type="way" ref="678774579" role="outer"/>
  <member type="way" ref="678799141" role="outer"/>
  <member type="way" ref="832454944" role="outer"/>
  <member type="way" ref="1420682850" role="outer"/>
  <member type="way" ref="1420682852" role="outer"/>
  <member type="way" ref="1420682851" role="outer"/>
  <member type="way" ref="832454935" role="outer"/>
  <member type="way" ref="1420682854" role="outer"/>
  <member type="way" ref="1420682855" role="outer"/>
  <member type="way" ref="1420682853" role="outer"/>
  <member type="way" ref="678799138" role="outer"/>
  <member type="way" ref="832454916" role="outer"/>
  <member type="way" ref="832454936" role="outer"/>
  <member type="way" ref="1414615898" role="outer"/>
  <member type="way" ref="1414615899" role="outer"/>
  <member type="way" ref="1098119869" role="outer"/>
  <member type="way" ref="1414615897" role="outer"/>
  <member type="way" ref="1413836639" role="outer"/>
  <member type="way" ref="1098119874" role="outer"/>
  <member type="way" ref="925499500" role="outer"/>
  <member type="way" ref="1420437478" role="outer"/>
  <member type="way" ref="1098119914" role="outer"/>
  <member type="way" ref="1420696892" role="outer"/>
  <member type="way" ref="1420696893" role="outer"/>
  <member type="way" ref="832454937" role="outer"/>
  <member type="way" ref="1420696894" role="outer"/>
  <member type="way" ref="1420696895" role="outer"/>
  <member type="way" ref="1173008192" role="outer"/>
  <member type="way" ref="1182556847" role="outer"/>
  <member type="way" ref="1420679235" role="outer"/>
  <member type="way" ref="678539325" role="outer"/>
  <member type="way" ref="1182556844" role="outer"/>
  <member type="way" ref="1000188132" role="outer"/>
  <member type="way" ref="832454940" role="outer"/>
  <member type="way" ref="1195438775" role="outer"/>
  <member type="way" ref="832454939" role="outer"/>
  <member type="way" ref="1195438774" role="outer"/>
  <member type="way" ref="1195448656" role="outer"/>
  <member type="way" ref="678539333" role="outer"/>
  <member type="way" ref="896794950" role="outer"/>
  <member type="way" ref="832454941" role="outer"/>
  <member type="way" ref="1195448657" role="outer"/>
  <member type="way" ref="1418571387" role="outer"/>
  <member type="way" ref="1242747180" role="outer"/>
  <member type="way" ref="678539334" role="outer"/>
  <member type="way" ref="1195523876" role="outer"/>
  <member type="way" ref="705212244" role="outer"/>
  <member type="way" ref="1418571381" role="outer"/>
  <member type="way" ref="705212239" role="outer"/>
  <member type="way" ref="705212238" role="outer"/>
  <member type="way" ref="1418571365" role="outer"/>
  <member type="way" ref="705491685" role="outer"/>
  <member type="way" ref="897378389" role="outer"/>
  <member type="way" ref="1286797363" role="outer"/>
  <member type="way" ref="1418571367" role="outer"/>
  <member type="way" ref="705491709" role="outer"/>
  <member type="way" ref="705491710" role="outer"/>
  <member type="way" ref="678539316" role="outer"/>
  <member type="way" ref="1286797362" role="outer"/>
  <tag k="name" v="Huyện Từ Liêm xưa"/>
  <tag k="type" v="boundary"/>
 </relation>
 <relation id="19356221" visible="true" version="18" changeset="179306258" timestamp="2026-03-03T14:58:11Z" user="Ducminhduongcb" uid="20524909">
  <member type="relation" ref="7133707" role="member"/>
  <member type="relation" ref="7133870" role="member"/>
  <member type="relation" ref="7134112" role="member"/>
  <member type="relation" ref="6913068" role="member"/>
  <member type="relation" ref="7133835" role="member"/>
  <member type="relation" ref="7134111" role="member"/>
  <member type="relation" ref="6913418" role="member"/>
  <member type="relation" ref="6912155" role="member"/>
  <member type="relation" ref="6911714" role="member"/>
  <member type="relation" ref="6912913" role="member"/>
  <member type="relation" ref="7133693" role="member"/>
  <member type="relation" ref="6908463" role="member"/>
  <member type="relation" ref="7133660" role="member"/>
  <member type="relation" ref="6913804" role="member"/>
  <member type="relation" ref="7106558" role="member"/>
  <member type="relation" ref="7106046" role="member"/>
  <member type="relation" ref="7106214" role="member"/>
  <member type="relation" ref="7106070" role="member"/>
  <member type="relation" ref="7106060" role="member"/>
  <member type="relation" ref="6881349" role="member"/>
  <member type="relation" ref="6882024" role="member"/>
  <member type="relation" ref="6881753" role="member"/>
  <member type="relation" ref="6882617" role="member"/>
  <member type="relation" ref="6883035" role="member"/>
  <member type="relation" ref="7102797" role="member"/>
  <member type="relation" ref="7115759" role="member"/>
  <member type="relation" ref="9421133" role="member"/>
  <member type="relation" ref="9421130" role="member"/>
  <member type="relation" ref="9421135" role="member"/>
  <member type="relation" ref="9421134" role="member"/>
  <member type="relation" ref="9421131" role="member"/>
  <member type="relation" ref="7115863" role="member"/>
  <member type="relation" ref="9421136" role="member"/>
  <member type="relation" ref="9421139" role="member"/>
  <member type="relation" ref="9421138" role="member"/>
  <member type="relation" ref="9421137" role="member"/>
  <member type="relation" ref="9424587" role="member"/>
  <member type="relation" ref="7115709" role="member"/>
  <member type="relation" ref="7114815" role="member"/>
  <member type="relation" ref="7114806" role="member"/>
  <member type="relation" ref="7114823" role="member"/>
  <member type="relation" ref="7115780" role="member"/>
  <member type="relation" ref="7115795" role="member"/>
  <member type="relation" ref="7115194" role="member"/>
  <member type="relation" ref="7115367" role="member"/>
  <member type="relation" ref="7114829" role="member"/>
  <member type="relation" ref="7115008" role="member"/>
  <member type="relation" ref="7115003" role="member"/>
  <member type="relation" ref="7114847" role="member"/>
  <member type="relation" ref="6925458" role="member"/>
  <member type="relation" ref="7120939" role="member"/>
  <member type="relation" ref="7120760" role="member"/>
  <member type="relation" ref="7120763" role="member"/>
  <member type="relation" ref="7120751" role="member"/>
  <member type="relation" ref="7120938" role="member"/>
  <member type="relation" ref="6932096" role="member"/>
  <member type="relation" ref="6931773" role="member"/>
  <member type="relation" ref="6932207" role="member"/>
  <member type="relation" ref="7120726" role="member"/>
  <member type="relation" ref="7120730" role="member"/>
  <member type="relation" ref="6932323" role="member"/>
  <member type="relation" ref="7094614" role="member"/>
  <member type="relation" ref="7094597" role="member"/>
  <member type="relation" ref="7094347" role="member"/>
  <member type="relation" ref="6929157" role="member"/>
  <member type="relation" ref="6929170" role="member"/>
  <member type="relation" ref="7094543" role="member"/>
  <member type="relation" ref="6300358" role="member"/>
  <member type="relation" ref="7094297" role="member"/>
  <member type="relation" ref="6300521" role="member"/>
  <member type="relation" ref="7094823" role="member"/>
  <member type="relation" ref="7095004" role="member"/>
  <member type="relation" ref="7094991" role="member"/>
  <member type="relation" ref="7094946" role="member"/>
  <member type="relation" ref="7094992" role="member"/>
  <member type="relation" ref="7094929" role="member"/>
  <member type="relation" ref="6932557" role="member"/>
  <member type="relation" ref="6932525" role="member"/>
  <member type="relation" ref="6932526" role="member"/>
  <member type="relation" ref="7125737" role="member"/>
  <member type="relation" ref="7125712" role="member"/>
  <member type="relation" ref="7125704" role="member"/>
  <member type="relation" ref="7125608" role="member"/>
  <member type="relation" ref="7125588" role="member"/>
  <member type="relation" ref="6939707" role="member"/>
  <member type="relation" ref="6938785" role="member"/>
  <member type="relation" ref="6938983" role="member"/>
  <member type="relation" ref="7018411" role="member"/>
  <member type="relation" ref="7018178" role="member"/>
  <member type="relation" ref="7021430" role="member"/>
  <member type="relation" ref="7022471" role="member"/>
  <member type="relation" ref="7022867" role="member"/>
  <member type="relation" ref="7025174" role="member"/>
  <member type="relation" ref="7027190" role="member"/>
  <member type="relation" ref="7125467" role="member"/>
  <member type="relation" ref="7125494" role="member"/>
  <member type="relation" ref="7125491" role="member"/>
  <member type="relation" ref="7125487" role="member"/>
  <member type="relation" ref="7125468" role="member"/>
  <member type="relation" ref="7124623" role="member"/>
  <member type="relation" ref="7124564" role="member"/>
  <member type="relation" ref="7124433" role="member"/>
  <member type="relation" ref="7026159" role="member"/>
  <member type="relation" ref="7026071" role="member"/>
  <member type="relation" ref="7124593" role="member"/>
  <member type="relation" ref="9421132" role="member"/>
  <member type="relation" ref="7115593" role="member"/>
  <member type="relation" ref="7115632" role="member"/>
  <member type="relation" ref="7115580" role="member"/>
  <member type="relation" ref="7115398" role="member"/>
  <member type="relation" ref="7115635" role="member"/>
  <member type="relation" ref="7031744" role="member"/>
  <member type="relation" ref="7031745" role="member"/>
  <member type="relation" ref="7031638" role="member"/>
  <member type="relation" ref="7031698" role="member"/>
  <member type="relation" ref="7016510" role="member"/>
  <member type="relation" ref="7016300" role="member"/>
  <member type="relation" ref="7017020" role="member"/>
  <member type="relation" ref="7014438" role="member"/>
  <member type="relation" ref="6942988" role="member"/>
  <member type="relation" ref="7031576" role="member"/>
  <member type="relation" ref="7033529" role="member"/>
  <member type="relation" ref="7031602" role="member"/>
  <member type="relation" ref="7033530" role="member"/>
  <member type="relation" ref="7032033" role="member"/>
  <member type="relation" ref="7031883" role="member"/>
  <member type="relation" ref="7033033" role="member"/>
  <member type="relation" ref="7033219" role="member"/>
  <member type="relation" ref="7033420" role="member"/>
  <member type="relation" ref="7033334" role="member"/>
  <member type="relation" ref="7033300" role="member"/>
  <member type="relation" ref="7033665" role="member"/>
  <member type="relation" ref="7036466" role="member"/>
  <member type="relation" ref="7036443" role="member"/>
  <member type="relation" ref="7036501" role="member"/>
  <member type="relation" ref="7033755" role="member"/>
  <member type="relation" ref="7034070" role="member"/>
  <member type="relation" ref="7035243" role="member"/>
  <member type="relation" ref="7035199" role="member"/>
  <member type="relation" ref="7036577" role="member"/>
  <member type="relation" ref="7036318" role="member"/>
  <member type="relation" ref="7036057" role="member"/>
  <member type="relation" ref="7035939" role="member"/>
  <member type="relation" ref="7051224" role="member"/>
  <member type="relation" ref="7051220" role="member"/>
  <member type="relation" ref="7051225" role="member"/>
  <member type="relation" ref="7051221" role="member"/>
  <member type="relation" ref="7051227" role="member"/>
  <member type="relation" ref="7051222" role="member"/>
  <member type="relation" ref="7051226" role="member"/>
  <member type="relation" ref="18356281" role="member"/>
  <member type="relation" ref="18356280" role="member"/>
  <member type="relation" ref="7104282" role="member"/>
  <member type="relation" ref="7103106" role="member"/>
  <member type="relation" ref="7100875" role="member"/>
  <member type="relation" ref="7100559" role="member"/>
  <member type="relation" ref="7102525" role="member"/>
  <member type="relation" ref="7103193" role="member"/>
  <tag k="name" v="Old district-level divisions of retained Vietnamese provinces"/>
  <tag k="type" v="collection"/>
 </relation>
</osm>
