<?xml version="1.0" encoding="UTF-8"?>
<osm version="0.6" generator="openstreetmap-cgimap 2.1.0 (1316 spike-08.openstreetmap.org)" copyright="OpenStreetMap and contributors" attribution="http://www.openstreetmap.org/copyright" license="http://opendatacommons.org/licenses/odbl/1-0/">
 <bounds minlat="20.9843810" minlon="105.7816060" maxlat="20.9875760" maxlon="105.7874130"/>
 <node id="2189336870" visible="true" version="1" changeset="15278495" timestamp="2013-03-07T06:49:28Z" user="samgrahk" uid="294689" lat="20.9850469" lon="105.7847347"/>
 <node id="2189336871" visible="true" version="1" changeset="15278495" timestamp="2013-03-07T06:49:28Z" user="samgrahk" uid="294689" lat="20.9839492" lon="105.7864761"/>
 <node id="2189336874" visible="true" version="2" changeset="60061136" timestamp="2018-06-22T03:28:10Z" user="Kolla6" uid="7671615" lat="20.9832140" lon="105.7859187"/>
 <node id="2189336876" visible="true" version="1" changeset="15278495" timestamp="2013-03-07T06:49:28Z" user="samgrahk" uid="294689" lat="20.9846755" lon="105.7847166"/>
 <node id="2189336878" visible="true" version="1" changeset="15278495" timestamp="2013-03-07T06:49:28Z" user="samgrahk" uid="294689" lat="20.9843650" lon="105.7843142"/>
 <node id="2189336881" visible="true" version="1" changeset="15278495" timestamp="2013-03-07T06:49:28Z" user="samgrahk" uid="294689" lat="20.9841205" lon="105.7855245"/>
 <node id="2189336883" visible="true" version="3" changeset="128395616" timestamp="2022-11-02T14:23:59Z" user="Hoàng Tuấn Việt" uid="13707170" lat="20.9836489" lon="105.7822046"/>
 <node id="2189336888" visible="true" version="1" changeset="15278495" timestamp="2013-03-07T06:49:28Z" user="samgrahk" uid="294689" lat="20.9860358" lon="105.7852866"/>
 <node id="2189336890" visible="true" version="1" changeset="15278495" timestamp="2013-03-07T06:49:28Z" user="samgrahk" uid="294689" lat="20.9858435" lon="105.7857659"/>
 <node id="2189336895" visible="true" version="3" changeset="153105689" timestamp="2024-06-24T10:37:33Z" user="openmap-vn" uid="21213273" lat="20.9865307" lon="105.7840363"/>
 <node id="2189336902" visible="true" version="2" changeset="110278194" timestamp="2021-08-26T10:15:35Z" user="vietnam321" uid="11196308" lat="20.9843679" lon="105.7831357"/>
 <node id="2189336916" visible="true" version="1" changeset="15278495" timestamp="2013-03-07T06:49:28Z" user="samgrahk" uid="294689" lat="20.9868978" lon="105.7843844"/>
 <node id="2189336923" visible="true" version="1" changeset="15278495" timestamp="2013-03-07T06:49:28Z" user="samgrahk" uid="294689" lat="20.9856056" lon="105.7864229"/>
 <node id="2189336926" visible="true" version="3" changeset="153105689" timestamp="2024-06-24T10:37:33Z" user="openmap-vn" uid="21213273" lat="20.9838603" lon="105.7880305"/>
 <node id="2189336927" visible="true" version="1" changeset="15278495" timestamp="2013-03-07T06:49:29Z" user="samgrahk" uid="294689" lat="20.9843449" lon="105.7874632"/>
 <node id="2189336928" visible="true" version="1" changeset="15278495" timestamp="2013-03-07T06:49:29Z" user="samgrahk" uid="294689" lat="20.9849520" lon="105.7863828"/>
 <node id="2189336929" visible="true" version="2" changeset="154092337" timestamp="2024-07-18T09:42:31Z" user="phoenixsaigon1698" uid="3323343" lat="20.9853995" lon="105.7851257"/>
 <node id="2189336930" visible="true" version="2" changeset="154092337" timestamp="2024-07-18T09:42:31Z" user="phoenixsaigon1698" uid="3323343" lat="20.9855483" lon="105.7846556"/>
 <node id="2189336932" visible="true" version="3" changeset="153105689" timestamp="2024-06-24T10:37:33Z" user="openmap-vn" uid="21213273" lat="20.9856953" lon="105.7836548"/>
 <node id="2189336936" visible="true" version="7" changeset="167515746" timestamp="2025-06-12T04:16:12Z" user="phoenixsaigon1698" uid="3323343" lat="20.9854514" lon="105.7821182"/>
 <node id="2189336938" visible="true" version="4" changeset="164466222" timestamp="2025-04-03T13:46:31Z" user="ZioDragon" uid="13799024" lat="20.9848271" lon="105.7811874"/>
 <node id="2189336974" visible="true" version="3" changeset="154092022" timestamp="2024-07-18T09:34:47Z" user="phoenixsaigon1698" uid="3323343" lat="20.9870048" lon="105.7828965"/>
 <node id="2189337097" visible="true" version="1" changeset="15278495" timestamp="2013-03-07T06:49:30Z" user="samgrahk" uid="294689" lat="20.9854879" lon="105.7869566"/>
 <node id="2189337102" visible="true" version="2" changeset="153105689" timestamp="2024-06-24T10:37:33Z" user="openmap-vn" uid="21213273" lat="20.9854253" lon="105.7875024"/>
 <node id="2189337104" visible="true" version="3" changeset="154092022" timestamp="2024-07-18T09:34:47Z" user="phoenixsaigon1698" uid="3323343" lat="20.9875457" lon="105.7819590"/>
 <node id="2189337108" visible="true" version="3" changeset="154092022" timestamp="2024-07-18T09:34:47Z" user="phoenixsaigon1698" uid="3323343" lat="20.9872494" lon="105.7824693"/>
 <node id="2189337133" visible="true" version="3" changeset="153105689" timestamp="2024-06-24T10:37:33Z" user="openmap-vn" uid="21213273" lat="20.9861976" lon="105.7848782"/>
 <node id="2189337136" visible="true" version="3" changeset="153105689" timestamp="2024-06-24T10:37:33Z" user="openmap-vn" uid="21213273" lat="20.9856402" lon="105.7841792"/>
 <node id="2189337138" visible="true" version="3" changeset="153105689" timestamp="2024-06-24T10:37:33Z" user="openmap-vn" uid="21213273" lat="20.9863569" lon="105.7844848"/>
 <node id="2189337141" visible="true" version="4" changeset="154092022" timestamp="2024-07-18T09:34:47Z" user="phoenixsaigon1698" uid="3323343" lat="20.9856974" lon="105.7830284"/>
 <node id="2189337143" visible="true" version="1" changeset="15278495" timestamp="2013-03-07T06:49:31Z" user="samgrahk" uid="294689" lat="20.9840394" lon="105.7871735"/>
 <node id="2189337149" visible="true" version="2" changeset="178325826" timestamp="2026-02-09T18:48:23Z" user="HoangQuanHDFPV" uid="22644759" lat="20.9841081" lon="105.7850918"/>
 <node id="2189337150" visible="true" version="1" changeset="15278495" timestamp="2013-03-07T06:49:31Z" user="samgrahk" uid="294689" lat="20.9843599" lon="105.7851994"/>
 <node id="2189337151" visible="true" version="1" changeset="15278495" timestamp="2013-03-07T06:49:31Z" user="samgrahk" uid="294689" lat="20.9845102" lon="105.7852906"/>
 <node id="2189337152" visible="true" version="2" changeset="153105689" timestamp="2024-06-24T10:37:33Z" user="openmap-vn" uid="21213273" lat="20.9848208" lon="105.7854193"/>
 <node id="2189337158" visible="true" version="1" changeset="15278495" timestamp="2013-03-07T06:49:31Z" user="samgrahk" uid="294689" lat="20.9844000" lon="105.7864493"/>
 <node id="2189337159" visible="true" version="1" changeset="15278495" timestamp="2013-03-07T06:49:31Z" user="samgrahk" uid="294689" lat="20.9861014" lon="105.7853741"/>
 <node id="2189337163" visible="true" version="1" changeset="15278495" timestamp="2013-03-07T06:49:31Z" user="samgrahk" uid="294689" lat="20.9865747" lon="105.7841618"/>
 <node id="2189337165" visible="true" version="2" changeset="46875245" timestamp="2017-03-15T17:20:07Z" user="vietld" uid="5490700" lat="20.9867028" lon="105.7835528"/>
 <node id="2189337174" visible="true" version="4" changeset="167378730" timestamp="2025-06-09T05:24:51Z" user="Hung Tran 9x0" uid="20910140" lat="20.9860045" lon="105.7826447"/>
 <node id="2189337183" visible="true" version="4" changeset="154092337" timestamp="2024-07-18T09:42:31Z" user="phoenixsaigon1698" uid="3323343" lat="20.9860294" lon="105.7809308"/>
 <node id="2189337185" visible="true" version="1" changeset="15278495" timestamp="2013-03-07T06:49:32Z" user="samgrahk" uid="294689" lat="20.9844050" lon="105.7849258"/>
 <node id="2189337189" visible="true" version="4" changeset="150436362" timestamp="2024-04-24T10:01:03Z" user="Grab_Cong" uid="18820325" lat="20.9881858" lon="105.7864112"/>
 <node id="2189337193" visible="true" version="1" changeset="15278495" timestamp="2013-03-07T06:49:32Z" user="samgrahk" uid="294689" lat="20.9864245" lon="105.7854090"/>
 <node id="2189337194" visible="true" version="3" changeset="154092022" timestamp="2024-07-18T09:34:47Z" user="phoenixsaigon1698" uid="3323343" lat="20.9864614" lon="105.7876851">
  <tag k="highway" v="turning_circle"/>
 </node>
 <node id="2189337199" visible="true" version="4" changeset="154092022" timestamp="2024-07-18T09:34:47Z" user="phoenixsaigon1698" uid="3323343" lat="20.9876217" lon="105.7847325"/>
 <node id="2189337200" visible="true" version="5" changeset="154092022" timestamp="2024-07-18T09:34:47Z" user="phoenixsaigon1698" uid="3323343" lat="20.9871547" lon="105.7858037"/>
 <node id="3809778688" visible="true" version="1" changeset="34969656" timestamp="2015-10-30T10:53:29Z" user="Yevgeny Pi" uid="440914" lat="20.9890350" lon="105.7825223"/>
 <node id="3809778689" visible="true" version="1" changeset="34969656" timestamp="2015-10-30T10:53:29Z" user="Yevgeny Pi" uid="440914" lat="20.9890091" lon="105.7825520"/>
 <node id="3809778690" visible="true" version="1" changeset="34969656" timestamp="2015-10-30T10:53:29Z" user="Yevgeny Pi" uid="440914" lat="20.9888707" lon="105.7826588"/>
 <node id="3809778691" visible="true" version="1" changeset="34969656" timestamp="2015-10-30T10:53:29Z" user="Yevgeny Pi" uid="440914" lat="20.9888264" lon="105.7827220"/>
 <node id="3809778692" visible="true" version="1" changeset="34969656" timestamp="2015-10-30T10:53:29Z" user="Yevgeny Pi" uid="440914" lat="20.9887451" lon="105.7829138"/>
 <node id="3809778693" visible="true" version="1" changeset="34969656" timestamp="2015-10-30T10:53:29Z" user="Yevgeny Pi" uid="440914" lat="20.9887008" lon="105.7829850"/>
 <node id="3809778694" visible="true" version="1" changeset="34969656" timestamp="2015-10-30T10:53:29Z" user="Yevgeny Pi" uid="440914" lat="20.9885642" lon="105.7831096"/>
 <node id="3809778695" visible="true" version="1" changeset="34969656" timestamp="2015-10-30T10:53:29Z" user="Yevgeny Pi" uid="440914" lat="20.9884756" lon="105.7832302"/>
 <node id="3809778696" visible="true" version="1" changeset="34969656" timestamp="2015-10-30T10:53:29Z" user="Yevgeny Pi" uid="440914" lat="20.9884203" lon="105.7833824"/>
 <node id="3809778697" visible="true" version="1" changeset="34969656" timestamp="2015-10-30T10:53:29Z" user="Yevgeny Pi" uid="440914" lat="20.9884166" lon="105.7836355"/>
 <node id="3809778698" visible="true" version="1" changeset="34969656" timestamp="2015-10-30T10:53:29Z" user="Yevgeny Pi" uid="440914" lat="20.9882264" lon="105.7841258"/>
 <node id="3809778699" visible="true" version="1" changeset="34969656" timestamp="2015-10-30T10:53:29Z" user="Yevgeny Pi" uid="440914" lat="20.9881249" lon="105.7842029"/>
 <node id="3809778700" visible="true" version="1" changeset="34969656" timestamp="2015-10-30T10:53:29Z" user="Yevgeny Pi" uid="440914" lat="20.9880178" lon="105.7842168"/>
 <node id="3809778701" visible="true" version="1" changeset="34969656" timestamp="2015-10-30T10:53:29Z" user="Yevgeny Pi" uid="440914" lat="20.9872813" lon="105.7838668"/>
 <node id="3809778702" visible="true" version="1" changeset="34969656" timestamp="2015-10-30T10:53:29Z" user="Yevgeny Pi" uid="440914" lat="20.9872241" lon="105.7838075"/>
 <node id="3809778703" visible="true" version="1" changeset="34969656" timestamp="2015-10-30T10:53:29Z" user="Yevgeny Pi" uid="440914" lat="20.9871927" lon="105.7837343"/>
 <node id="3809778704" visible="true" version="1" changeset="34969656" timestamp="2015-10-30T10:53:29Z" user="Yevgeny Pi" uid="440914" lat="20.9871908" lon="105.7836375"/>
 <node id="3809778705" visible="true" version="1" changeset="34969656" timestamp="2015-10-30T10:53:29Z" user="Yevgeny Pi" uid="440914" lat="20.9873662" lon="105.7831471"/>
 <node id="3809778706" visible="true" version="1" changeset="34969656" timestamp="2015-10-30T10:53:30Z" user="Yevgeny Pi" uid="440914" lat="20.9874234" lon="105.7830542"/>
 <node id="3809778707" visible="true" version="1" changeset="34969656" timestamp="2015-10-30T10:53:30Z" user="Yevgeny Pi" uid="440914" lat="20.9875582" lon="105.7829178"/>
 <node id="3809778708" visible="true" version="1" changeset="34969656" timestamp="2015-10-30T10:53:30Z" user="Yevgeny Pi" uid="440914" lat="20.9876339" lon="105.7828248"/>
 <node id="3809778709" visible="true" version="1" changeset="34969656" timestamp="2015-10-30T10:53:30Z" user="Yevgeny Pi" uid="440914" lat="20.9877114" lon="105.7827102"/>
 <node id="3809778710" visible="true" version="1" changeset="34969656" timestamp="2015-10-30T10:53:30Z" user="Yevgeny Pi" uid="440914" lat="20.9877963" lon="105.7825540"/>
 <node id="3809778711" visible="true" version="1" changeset="34969656" timestamp="2015-10-30T10:53:30Z" user="Yevgeny Pi" uid="440914" lat="20.9878314" lon="105.7824274"/>
 <node id="3809778712" visible="true" version="1" changeset="34969656" timestamp="2015-10-30T10:53:30Z" user="Yevgeny Pi" uid="440914" lat="20.9879181" lon="105.7823266"/>
 <node id="3809778713" visible="true" version="1" changeset="34969656" timestamp="2015-10-30T10:53:30Z" user="Yevgeny Pi" uid="440914" lat="20.9880012" lon="105.7823068"/>
 <node id="3809778714" visible="true" version="1" changeset="34969656" timestamp="2015-10-30T10:53:30Z" user="Yevgeny Pi" uid="440914" lat="20.9881101" lon="105.7823226"/>
 <node id="3809778715" visible="true" version="1" changeset="34969656" timestamp="2015-10-30T10:53:30Z" user="Yevgeny Pi" uid="440914" lat="20.9881821" lon="105.7824057"/>
 <node id="3809778716" visible="true" version="1" changeset="34969656" timestamp="2015-10-30T10:53:30Z" user="Yevgeny Pi" uid="440914" lat="20.9882190" lon="105.7825421"/>
 <node id="3809778717" visible="true" version="1" changeset="34969656" timestamp="2015-10-30T10:53:30Z" user="Yevgeny Pi" uid="440914" lat="20.9883243" lon="105.7826252"/>
 <node id="3809778718" visible="true" version="1" changeset="34969656" timestamp="2015-10-30T10:53:30Z" user="Yevgeny Pi" uid="440914" lat="20.9884129" lon="105.7826390"/>
 <node id="3809778719" visible="true" version="1" changeset="34969656" timestamp="2015-10-30T10:53:30Z" user="Yevgeny Pi" uid="440914" lat="20.9885162" lon="105.7825817"/>
 <node id="3809778720" visible="true" version="1" changeset="34969656" timestamp="2015-10-30T10:53:30Z" user="Yevgeny Pi" uid="440914" lat="20.9886067" lon="105.7824966"/>
 <node id="3809778721" visible="true" version="1" changeset="34969656" timestamp="2015-10-30T10:53:30Z" user="Yevgeny Pi" uid="440914" lat="20.9886085" lon="105.7823839"/>
 <node id="3809778722" visible="true" version="1" changeset="34969656" timestamp="2015-10-30T10:53:30Z" user="Yevgeny Pi" uid="440914" lat="20.9886067" lon="105.7823167"/>
 <node id="3809778723" visible="true" version="1" changeset="34969656" timestamp="2015-10-30T10:53:30Z" user="Yevgeny Pi" uid="440914" lat="20.9886381" lon="105.7822416"/>
 <node id="3809778724" visible="true" version="1" changeset="34969656" timestamp="2015-10-30T10:53:30Z" user="Yevgeny Pi" uid="440914" lat="20.9887027" lon="105.7821981"/>
 <node id="3809778725" visible="true" version="1" changeset="34969656" timestamp="2015-10-30T10:53:30Z" user="Yevgeny Pi" uid="440914" lat="20.9887728" lon="105.7821763"/>
 <node id="3809778726" visible="true" version="1" changeset="34969656" timestamp="2015-10-30T10:53:30Z" user="Yevgeny Pi" uid="440914" lat="20.9888614" lon="105.7821981"/>
 <node id="3809778727" visible="true" version="1" changeset="34969656" timestamp="2015-10-30T10:53:30Z" user="Yevgeny Pi" uid="440914" lat="20.9890423" lon="105.7824551"/>
 <node id="3815208322" visible="true" version="1" changeset="35051216" timestamp="2015-11-03T08:55:15Z" user="Yevgeny Pi" uid="440914" lat="20.9862035" lon="105.7860306"/>
 <node id="3815208323" visible="true" version="1" changeset="35051216" timestamp="2015-11-03T08:55:15Z" user="Yevgeny Pi" uid="440914" lat="20.9859298" lon="105.7858970"/>
 <node id="3815208324" visible="true" version="1" changeset="35051216" timestamp="2015-11-03T08:55:15Z" user="Yevgeny Pi" uid="440914" lat="20.9859846" lon="105.7857537"/>
 <node id="3815208325" visible="true" version="1" changeset="35051216" timestamp="2015-11-03T08:55:15Z" user="Yevgeny Pi" uid="440914" lat="20.9861214" lon="105.7856658"/>
 <node id="3815208326" visible="true" version="1" changeset="35051216" timestamp="2015-11-03T08:55:15Z" user="Yevgeny Pi" uid="440914" lat="20.9860758" lon="105.7854769"/>
 <node id="3815208327" visible="true" version="1" changeset="35051216" timestamp="2015-11-03T08:55:15Z" user="Yevgeny Pi" uid="440914" lat="20.9862810" lon="105.7854337"/>
 <node id="3815208473" visible="true" version="2" changeset="130535343" timestamp="2022-12-27T00:17:33Z" user="Haris IRM-ED" uid="12027858" lat="20.9857533" lon="105.7862967"/>
 <node id="3815208474" visible="true" version="2" changeset="130535343" timestamp="2022-12-27T00:17:33Z" user="Haris IRM-ED" uid="12027858" lat="20.9860194" lon="105.7863584"/>
 <node id="3815208475" visible="true" version="2" changeset="130535343" timestamp="2022-12-27T00:17:33Z" user="Haris IRM-ED" uid="12027858" lat="20.9859236" lon="105.7873669"/>
 <node id="3815208476" visible="true" version="2" changeset="130535343" timestamp="2022-12-27T00:17:33Z" user="Haris IRM-ED" uid="12027858" lat="20.9858735" lon="105.7876351"/>
 <node id="3815208477" visible="true" version="2" changeset="130535343" timestamp="2022-12-27T00:17:33Z" user="Haris IRM-ED" uid="12027858" lat="20.9857333" lon="105.7883821"/>
 <node id="3815208478" visible="true" version="2" changeset="130535343" timestamp="2022-12-27T00:17:33Z" user="Haris IRM-ED" uid="12027858" lat="20.9856970" lon="105.7885297"/>
 <node id="3815208479" visible="true" version="2" changeset="130535343" timestamp="2022-12-27T00:17:33Z" user="Haris IRM-ED" uid="12027858" lat="20.9856519" lon="105.7887885"/>
 <node id="3815208480" visible="true" version="2" changeset="130535343" timestamp="2022-12-27T00:17:33Z" user="Haris IRM-ED" uid="12027858" lat="20.9855667" lon="105.7893947"/>
 <node id="3815208481" visible="true" version="2" changeset="130535343" timestamp="2022-12-27T00:17:33Z" user="Haris IRM-ED" uid="12027858" lat="20.9855091" lon="105.7894443"/>
 <node id="3815208482" visible="true" version="2" changeset="130535343" timestamp="2022-12-27T00:17:33Z" user="Haris IRM-ED" uid="12027858" lat="20.9854015" lon="105.7894215"/>
 <node id="3815208483" visible="true" version="2" changeset="130535343" timestamp="2022-12-27T00:17:33Z" user="Haris IRM-ED" uid="12027858" lat="20.9853752" lon="105.7893772"/>
 <node id="3815208484" visible="true" version="1" changeset="35051239" timestamp="2015-11-03T08:56:55Z" user="Yevgeny Pi" uid="440914" lat="20.9855710" lon="105.7874472"/>
 <node id="3815208485" visible="true" version="2" changeset="130535343" timestamp="2022-12-27T00:17:33Z" user="Haris IRM-ED" uid="12027858" lat="20.9856118" lon="105.7869391"/>
 <node id="3815208486" visible="true" version="1" changeset="35051239" timestamp="2015-11-03T08:56:55Z" user="Yevgeny Pi" uid="440914" lat="20.9856562" lon="105.7866917"/>
 <node id="3821178987" visible="true" version="2" changeset="153105689" timestamp="2024-06-24T10:37:33Z" user="openmap-vn" uid="21213273" lat="20.9839026" lon="105.7879898"/>
 <node id="3821178988" visible="true" version="4" changeset="153105689" timestamp="2024-06-24T10:37:33Z" user="openmap-vn" uid="21213273" lat="20.9848496" lon="105.7888969"/>
 <node id="3821180082" visible="true" version="2" changeset="153105689" timestamp="2024-06-24T10:37:33Z" user="openmap-vn" uid="21213273" lat="20.9846421" lon="105.7869501"/>
 <node id="4736515098" visible="true" version="2" changeset="153105689" timestamp="2024-06-24T10:37:33Z" user="openmap-vn" uid="21213273" lat="20.9850406" lon="105.7872311"/>
 <node id="4736515100" visible="true" version="3" changeset="153105689" timestamp="2024-06-24T10:37:33Z" user="openmap-vn" uid="21213273" lat="20.9844673" lon="105.7879472"/>
 <node id="4740642391" visible="true" version="2" changeset="153105689" timestamp="2024-06-24T10:37:33Z" user="openmap-vn" uid="21213273" lat="20.9849095" lon="105.7884031"/>
 <node id="4740642392" visible="true" version="2" changeset="153105689" timestamp="2024-06-24T10:37:33Z" user="openmap-vn" uid="21213273" lat="20.9849370" lon="105.7871705"/>
 <node id="5707271718" visible="true" version="1" changeset="60030762" timestamp="2018-06-21T05:47:04Z" user="Kolla6" uid="7671615" lat="20.9868983" lon="105.7838142"/>
 <node id="5707271719" visible="true" version="1" changeset="60030762" timestamp="2018-06-21T05:47:04Z" user="Kolla6" uid="7671615" lat="20.9870180" lon="105.7837164"/>
 <node id="5707271720" visible="true" version="1" changeset="60030762" timestamp="2018-06-21T05:47:04Z" user="Kolla6" uid="7671615" lat="20.9870530" lon="105.7836494"/>
 <node id="5707272821" visible="true" version="1" changeset="60030762" timestamp="2018-06-21T05:47:04Z" user="Kolla6" uid="7671615" lat="20.9870681" lon="105.7835770"/>
 <node id="5707272822" visible="true" version="1" changeset="60030762" timestamp="2018-06-21T05:47:04Z" user="Kolla6" uid="7671615" lat="20.9871757" lon="105.7832149"/>
 <node id="5707272823" visible="true" version="1" changeset="60030762" timestamp="2018-06-21T05:47:04Z" user="Kolla6" uid="7671615" lat="20.9873135" lon="105.7829574"/>
 <node id="5707272824" visible="true" version="1" changeset="60030762" timestamp="2018-06-21T05:47:04Z" user="Kolla6" uid="7671615" lat="20.9879045" lon="105.7820803"/>
 <node id="5707272826" visible="true" version="1" changeset="60030762" timestamp="2018-06-21T05:47:04Z" user="Kolla6" uid="7671615" lat="20.9875201" lon="105.7826355"/>
 <node id="5707272828" visible="true" version="1" changeset="60030762" timestamp="2018-06-21T05:47:04Z" user="Kolla6" uid="7671615" lat="20.9868164" lon="105.7822627"/>
 <node id="5707272829" visible="true" version="1" changeset="60030762" timestamp="2018-06-21T05:47:04Z" user="Kolla6" uid="7671615" lat="20.9864645" lon="105.7821769"/>
 <node id="5707272830" visible="true" version="2" changeset="153847313" timestamp="2024-07-12T09:40:28Z" user="phoenixsaigon1698" uid="3323343" lat="20.9860271" lon="105.7821342"/>
 <node id="5710056500" visible="true" version="1" changeset="60061136" timestamp="2018-06-22T03:28:08Z" user="Kolla6" uid="7671615" lat="20.9843029" lon="105.7837718"/>
 <node id="5710056502" visible="true" version="1" changeset="60061136" timestamp="2018-06-22T03:28:08Z" user="Kolla6" uid="7671615" lat="20.9872362" lon="105.7842660"/>
 <node id="5710058438" visible="true" version="2" changeset="154092337" timestamp="2024-07-18T09:42:31Z" user="phoenixsaigon1698" uid="3323343" lat="20.9851471" lon="105.7869870">
  <tag k="highway" v="turning_circle"/>
 </node>
 <node id="5710058449" visible="true" version="2" changeset="114904395" timestamp="2021-12-14T03:50:42Z" user="Quyen Hoang Bui" uid="14629289" lat="20.9851220" lon="105.7841080"/>
 <node id="6352370461" visible="true" version="2" changeset="139569418" timestamp="2023-08-07T14:52:11Z" user="phoenixsaigon1698" uid="3323343" lat="20.9865921" lon="105.7840789"/>
 <node id="6352370470" visible="true" version="4" changeset="154092337" timestamp="2024-07-18T09:42:31Z" user="phoenixsaigon1698" uid="3323343" lat="20.9890349" lon="105.7841529"/>
 <node id="6352370484" visible="true" version="3" changeset="139569418" timestamp="2023-08-07T14:52:11Z" user="phoenixsaigon1698" uid="3323343" lat="20.9864940" lon="105.7880557"/>
 <node id="6352370494" visible="true" version="2" changeset="139520326" timestamp="2023-08-06T15:18:38Z" user="Hoàng Tuấn Việt" uid="13707170" lat="20.9871055" lon="105.7838197"/>
 <node id="6352370510" visible="true" version="3" changeset="139569418" timestamp="2023-08-07T14:52:11Z" user="phoenixsaigon1698" uid="3323343" lat="20.9855189" lon="105.7869418"/>
 <node id="6352370518" visible="true" version="3" changeset="139569418" timestamp="2023-08-07T14:52:11Z" user="phoenixsaigon1698" uid="3323343" lat="20.9885820" lon="105.7857654"/>
 <node id="6352370529" visible="true" version="4" changeset="154092337" timestamp="2024-07-18T09:42:31Z" user="phoenixsaigon1698" uid="3323343" lat="20.9881802" lon="105.7864437"/>
 <node id="6352370554" visible="true" version="2" changeset="139569418" timestamp="2023-08-07T14:52:11Z" user="phoenixsaigon1698" uid="3323343" lat="20.9868821" lon="105.7882976"/>
 <node id="6352370575" visible="true" version="3" changeset="139569418" timestamp="2023-08-07T14:52:11Z" user="phoenixsaigon1698" uid="3323343" lat="20.9877465" lon="105.7861041"/>
 <node id="6417228446" visible="true" version="3" changeset="167126911" timestamp="2025-06-03T09:57:42Z" user="phoenixsaigon1698" uid="3323343" lat="20.9876804" lon="105.7809237"/>
 <node id="6417228448" visible="true" version="2" changeset="155495613" timestamp="2024-08-20T08:16:12Z" user="phoenixsaigon1698" uid="3323343" lat="20.9873885" lon="105.7816417"/>
 <node id="6417235193" visible="true" version="2" changeset="179208517" timestamp="2026-03-01T13:28:06Z" user="Hung Tran 9x0" uid="20910140" lat="20.9836765" lon="105.7882318"/>
 <node id="7053856966" visible="true" version="2" changeset="137375133" timestamp="2023-06-15T14:50:13Z" user="vietnam321" uid="11196308" lat="20.9858621" lon="105.7809692"/>
 <node id="7053856967" visible="true" version="2" changeset="137375133" timestamp="2023-06-15T14:50:13Z" user="vietnam321" uid="11196308" lat="20.9858333" lon="105.7810714"/>
 <node id="7053856968" visible="true" version="2" changeset="137375133" timestamp="2023-06-15T14:50:13Z" user="vietnam321" uid="11196308" lat="20.9858326" lon="105.7817039"/>
 <node id="7053856969" visible="true" version="2" changeset="137375133" timestamp="2023-06-15T14:50:13Z" user="vietnam321" uid="11196308" lat="20.9859900" lon="105.7817041"/>
 <node id="7053856970" visible="true" version="2" changeset="137375133" timestamp="2023-06-15T14:50:13Z" user="vietnam321" uid="11196308" lat="20.9859909" lon="105.7810449"/>
 <node id="7053856971" visible="true" version="2" changeset="137375133" timestamp="2023-06-15T14:50:13Z" user="vietnam321" uid="11196308" lat="20.9859555" lon="105.7809994"/>
 <node id="7053856980" visible="true" version="2" changeset="137375133" timestamp="2023-06-15T14:50:13Z" user="vietnam321" uid="11196308" lat="20.9858523" lon="105.7817720"/>
 <node id="7053856981" visible="true" version="2" changeset="137375133" timestamp="2023-06-15T14:50:13Z" user="vietnam321" uid="11196308" lat="20.9859782" lon="105.7817724"/>
 <node id="7053856982" visible="true" version="2" changeset="137375133" timestamp="2023-06-15T14:50:13Z" user="vietnam321" uid="11196308" lat="20.9859775" lon="105.7820351"/>
 <node id="7053856983" visible="true" version="2" changeset="137375133" timestamp="2023-06-15T14:50:13Z" user="vietnam321" uid="11196308" lat="20.9859562" lon="105.7821034"/>
 <node id="7053856984" visible="true" version="2" changeset="137375133" timestamp="2023-06-15T14:50:13Z" user="vietnam321" uid="11196308" lat="20.9858287" lon="105.7821660"/>
 <node id="7053882785" visible="true" version="2" changeset="137375133" timestamp="2023-06-15T14:50:13Z" user="vietnam321" uid="11196308" lat="20.9857508" lon="105.7821489"/>
 <node id="7053882786" visible="true" version="2" changeset="137375133" timestamp="2023-06-15T14:50:13Z" user="vietnam321" uid="11196308" lat="20.9851204" lon="105.7813297"/>
 <node id="7053882787" visible="true" version="2" changeset="137375133" timestamp="2023-06-15T14:50:13Z" user="vietnam321" uid="11196308" lat="20.9852467" lon="105.7812182"/>
 <node id="7053882788" visible="true" version="2" changeset="137375133" timestamp="2023-06-15T14:50:13Z" user="vietnam321" uid="11196308" lat="20.9857898" lon="105.7819238"/>
 <node id="7053882789" visible="true" version="2" changeset="137375133" timestamp="2023-06-15T14:50:13Z" user="vietnam321" uid="11196308" lat="20.9857732" lon="105.7819385"/>
 <node id="7053882790" visible="true" version="2" changeset="137375133" timestamp="2023-06-15T14:50:13Z" user="vietnam321" uid="11196308" lat="20.9858344" lon="105.7820181"/>
 <node id="7053882791" visible="true" version="2" changeset="137375133" timestamp="2023-06-15T14:50:13Z" user="vietnam321" uid="11196308" lat="20.9858517" lon="105.7820029"/>
 <node id="7053882792" visible="true" version="1" changeset="78357641" timestamp="2019-12-13T07:51:18Z" user="Le Duong" uid="6531908" lat="20.9859908" lon="105.7823703"/>
 <node id="7053882793" visible="true" version="1" changeset="78357641" timestamp="2019-12-13T07:51:18Z" user="Le Duong" uid="6531908" lat="20.9864477" lon="105.7829601"/>
 <node id="7053882794" visible="true" version="1" changeset="78357641" timestamp="2019-12-13T07:51:18Z" user="Le Duong" uid="6531908" lat="20.9864884" lon="105.7828387"/>
 <node id="7053882795" visible="true" version="1" changeset="78357641" timestamp="2019-12-13T07:51:18Z" user="Le Duong" uid="6531908" lat="20.9864795" lon="105.7828160"/>
 <node id="7053882796" visible="true" version="1" changeset="78357641" timestamp="2019-12-13T07:51:18Z" user="Le Duong" uid="6531908" lat="20.9865362" lon="105.7827610"/>
 <node id="7053882797" visible="true" version="1" changeset="78357641" timestamp="2019-12-13T07:51:18Z" user="Le Duong" uid="6531908" lat="20.9865149" lon="105.7827325"/>
 <node id="7053882798" visible="true" version="1" changeset="78357641" timestamp="2019-12-13T07:51:18Z" user="Le Duong" uid="6531908" lat="20.9865415" lon="105.7826965"/>
 <node id="7053882799" visible="true" version="1" changeset="78357641" timestamp="2019-12-13T07:51:18Z" user="Le Duong" uid="6531908" lat="20.9864406" lon="105.7825561"/>
 <node id="7053882800" visible="true" version="1" changeset="78357641" timestamp="2019-12-13T07:51:18Z" user="Le Duong" uid="6531908" lat="20.9863981" lon="105.7825884"/>
 <node id="7053882801" visible="true" version="1" changeset="78357641" timestamp="2019-12-13T07:51:18Z" user="Le Duong" uid="6531908" lat="20.9863219" lon="105.7824917"/>
 <node id="7053882802" visible="true" version="1" changeset="78357641" timestamp="2019-12-13T07:51:18Z" user="Le Duong" uid="6531908" lat="20.9863627" lon="105.7824556"/>
 <node id="7053882803" visible="true" version="1" changeset="78357641" timestamp="2019-12-13T07:51:18Z" user="Le Duong" uid="6531908" lat="20.9862476" lon="105.7823210"/>
 <node id="7053882804" visible="true" version="1" changeset="78357641" timestamp="2019-12-13T07:51:18Z" user="Le Duong" uid="6531908" lat="20.9862157" lon="105.7823437"/>
 <node id="7053882805" visible="true" version="1" changeset="78357641" timestamp="2019-12-13T07:51:18Z" user="Le Duong" uid="6531908" lat="20.9861891" lon="105.7823210"/>
 <node id="7053882806" visible="true" version="1" changeset="78357641" timestamp="2019-12-13T07:51:18Z" user="Le Duong" uid="6531908" lat="20.9861342" lon="105.7823760"/>
 <node id="7053882807" visible="true" version="1" changeset="78357641" timestamp="2019-12-13T07:51:18Z" user="Le Duong" uid="6531908" lat="20.9861006" lon="105.7823475"/>
 <node id="7053915268" visible="true" version="1" changeset="78358894" timestamp="2019-12-13T08:15:55Z" user="Le Duong" uid="6531908" lat="20.9862425" lon="105.7867315"/>
 <node id="7053915269" visible="true" version="1" changeset="78358894" timestamp="2019-12-13T08:15:55Z" user="Le Duong" uid="6531908" lat="20.9862488" lon="105.7869063"/>
 <node id="7053915270" visible="true" version="1" changeset="78358894" timestamp="2019-12-13T08:15:55Z" user="Le Duong" uid="6531908" lat="20.9863510" lon="105.7868961"/>
 <node id="7053915271" visible="true" version="1" changeset="78358894" timestamp="2019-12-13T08:15:55Z" user="Le Duong" uid="6531908" lat="20.9863447" lon="105.7867642"/>
 <node id="7053915272" visible="true" version="1" changeset="78358894" timestamp="2019-12-13T08:15:55Z" user="Le Duong" uid="6531908" lat="20.9863973" lon="105.7867676"/>
 <node id="7053915273" visible="true" version="1" changeset="78358894" timestamp="2019-12-13T08:15:55Z" user="Le Duong" uid="6531908" lat="20.9864584" lon="105.7867822"/>
 <node id="7053915274" visible="true" version="1" changeset="78358894" timestamp="2019-12-13T08:15:55Z" user="Le Duong" uid="6531908" lat="20.9864710" lon="105.7868849"/>
 <node id="7053915275" visible="true" version="1" changeset="78358894" timestamp="2019-12-13T08:15:55Z" user="Le Duong" uid="6531908" lat="20.9864363" lon="105.7868882"/>
 <node id="7053915276" visible="true" version="1" changeset="78358894" timestamp="2019-12-13T08:15:55Z" user="Le Duong" uid="6531908" lat="20.9864436" lon="105.7869435"/>
 <node id="7053915277" visible="true" version="1" changeset="78358894" timestamp="2019-12-13T08:15:55Z" user="Le Duong" uid="6531908" lat="20.9864689" lon="105.7869390"/>
 <node id="7053915278" visible="true" version="1" changeset="78358894" timestamp="2019-12-13T08:15:55Z" user="Le Duong" uid="6531908" lat="20.9864794" lon="105.7870506"/>
 <node id="7053915279" visible="true" version="1" changeset="78358894" timestamp="2019-12-13T08:15:55Z" user="Le Duong" uid="6531908" lat="20.9864594" lon="105.7870574"/>
 <node id="7053915280" visible="true" version="1" changeset="78358894" timestamp="2019-12-13T08:15:55Z" user="Le Duong" uid="6531908" lat="20.9864657" lon="105.7871228"/>
 <node id="7053915281" visible="true" version="1" changeset="78358894" timestamp="2019-12-13T08:15:55Z" user="Le Duong" uid="6531908" lat="20.9864900" lon="105.7871160"/>
 <node id="7053915282" visible="true" version="1" changeset="78358894" timestamp="2019-12-13T08:15:55Z" user="Le Duong" uid="6531908" lat="20.9865026" lon="105.7872243"/>
 <node id="7053915283" visible="true" version="1" changeset="78358894" timestamp="2019-12-13T08:15:55Z" user="Le Duong" uid="6531908" lat="20.9863889" lon="105.7872570"/>
 <node id="7053915284" visible="true" version="1" changeset="78358894" timestamp="2019-12-13T08:15:55Z" user="Le Duong" uid="6531908" lat="20.9863784" lon="105.7871160"/>
 <node id="7053920034" visible="true" version="1" changeset="78359031" timestamp="2019-12-13T08:18:18Z" user="Le Duong" uid="6531908" lat="20.9865820" lon="105.7830502"/>
 <node id="7053920035" visible="true" version="1" changeset="78359031" timestamp="2019-12-13T08:18:18Z" user="Le Duong" uid="6531908" lat="20.9866559" lon="105.7828289"/>
 <node id="7053920036" visible="true" version="1" changeset="78359031" timestamp="2019-12-13T08:18:18Z" user="Le Duong" uid="6531908" lat="20.9867360" lon="105.7826546"/>
 <node id="7053920037" visible="true" version="1" changeset="78359031" timestamp="2019-12-13T08:18:18Z" user="Le Duong" uid="6531908" lat="20.9868638" lon="105.7824400"/>
 <node id="7053920038" visible="true" version="1" changeset="78359031" timestamp="2019-12-13T08:18:18Z" user="Le Duong" uid="6531908" lat="20.9870528" lon="105.7825379"/>
 <node id="7053920039" visible="true" version="1" changeset="78359031" timestamp="2019-12-13T08:18:18Z" user="Le Duong" uid="6531908" lat="20.9870315" lon="105.7825701"/>
 <node id="7053920040" visible="true" version="1" changeset="78359031" timestamp="2019-12-13T08:18:18Z" user="Le Duong" uid="6531908" lat="20.9870666" lon="105.7825942"/>
 <node id="7053920041" visible="true" version="1" changeset="78359031" timestamp="2019-12-13T08:18:18Z" user="Le Duong" uid="6531908" lat="20.9869264" lon="105.7828423"/>
 <node id="7053920042" visible="true" version="1" changeset="78359031" timestamp="2019-12-13T08:18:18Z" user="Le Duong" uid="6531908" lat="20.9869013" lon="105.7828329"/>
 <node id="7053920043" visible="true" version="1" changeset="78359031" timestamp="2019-12-13T08:18:18Z" user="Le Duong" uid="6531908" lat="20.9868550" lon="105.7829510"/>
 <node id="7053920044" visible="true" version="1" changeset="78359031" timestamp="2019-12-13T08:18:18Z" user="Le Duong" uid="6531908" lat="20.9868700" lon="105.7829617"/>
 <node id="7053920045" visible="true" version="1" changeset="78359031" timestamp="2019-12-13T08:18:18Z" user="Le Duong" uid="6531908" lat="20.9867536" lon="105.7832286"/>
 <node id="7053920046" visible="true" version="1" changeset="78359031" timestamp="2019-12-13T08:18:18Z" user="Le Duong" uid="6531908" lat="20.9867248" lon="105.7831521"/>
 <node id="7053920047" visible="true" version="3" changeset="152477693" timestamp="2024-06-10T04:18:06Z" user="vietnam321" uid="11196308" lat="20.9850960" lon="105.7827206"/>
 <node id="7053920048" visible="true" version="3" changeset="152477693" timestamp="2024-06-10T04:18:06Z" user="vietnam321" uid="11196308" lat="20.9854406" lon="105.7831513"/>
 <node id="7053920049" visible="true" version="3" changeset="152477693" timestamp="2024-06-10T04:18:06Z" user="vietnam321" uid="11196308" lat="20.9849989" lon="105.7835565"/>
 <node id="7053920051" visible="true" version="3" changeset="152477693" timestamp="2024-06-10T04:18:06Z" user="vietnam321" uid="11196308" lat="20.9848784" lon="105.7835260"/>
 <node id="7053920052" visible="true" version="3" changeset="152477693" timestamp="2024-06-10T04:18:06Z" user="vietnam321" uid="11196308" lat="20.9848684" lon="105.7834539"/>
 <node id="7053920053" visible="true" version="3" changeset="152477693" timestamp="2024-06-10T04:18:06Z" user="vietnam321" uid="11196308" lat="20.9848164" lon="105.7835004"/>
 <node id="7053920054" visible="true" version="3" changeset="152477693" timestamp="2024-06-10T04:18:06Z" user="vietnam321" uid="11196308" lat="20.9845757" lon="105.7831916"/>
 <node id="7053920055" visible="true" version="3" changeset="152477693" timestamp="2024-06-10T04:18:06Z" user="vietnam321" uid="11196308" lat="20.9846453" lon="105.7831293"/>
 <node id="7053920056" visible="true" version="3" changeset="152477693" timestamp="2024-06-10T04:18:06Z" user="vietnam321" uid="11196308" lat="20.9849283" lon="105.7834919"/>
 <node id="7053920057" visible="true" version="3" changeset="152477693" timestamp="2024-06-10T04:18:06Z" user="vietnam321" uid="11196308" lat="20.9850971" lon="105.7833601"/>
 <node id="7053920058" visible="true" version="3" changeset="152477693" timestamp="2024-06-10T04:18:06Z" user="vietnam321" uid="11196308" lat="20.9850823" lon="105.7833417"/>
 <node id="7053920059" visible="true" version="3" changeset="152477693" timestamp="2024-06-10T04:18:06Z" user="vietnam321" uid="11196308" lat="20.9851539" lon="105.7832760"/>
 <node id="7053920060" visible="true" version="3" changeset="152477693" timestamp="2024-06-10T04:18:06Z" user="vietnam321" uid="11196308" lat="20.9851699" lon="105.7832959"/>
 <node id="7053920061" visible="true" version="3" changeset="152477693" timestamp="2024-06-10T04:18:06Z" user="vietnam321" uid="11196308" lat="20.9853321" lon="105.7831469"/>
 <node id="7053920062" visible="true" version="3" changeset="152477693" timestamp="2024-06-10T04:18:06Z" user="vietnam321" uid="11196308" lat="20.9850355" lon="105.7827762"/>
 <node id="7053920063" visible="true" version="3" changeset="152477693" timestamp="2024-06-10T04:18:06Z" user="vietnam321" uid="11196308" lat="20.9853385" lon="105.7826823"/>
 <node id="7053920064" visible="true" version="3" changeset="152477693" timestamp="2024-06-10T04:18:06Z" user="vietnam321" uid="11196308" lat="20.9854987" lon="105.7828971"/>
 <node id="7053920065" visible="true" version="3" changeset="152477693" timestamp="2024-06-10T04:18:06Z" user="vietnam321" uid="11196308" lat="20.9853952" lon="105.7829857"/>
 <node id="7053920066" visible="true" version="3" changeset="152477693" timestamp="2024-06-10T04:18:06Z" user="vietnam321" uid="11196308" lat="20.9852350" lon="105.7827709"/>
 <node id="7053920067" visible="true" version="2" changeset="110278194" timestamp="2021-08-26T10:15:35Z" user="vietnam321" uid="11196308" lat="20.9853108" lon="105.7834583"/>
 <node id="7053920068" visible="true" version="2" changeset="110278194" timestamp="2021-08-26T10:15:35Z" user="vietnam321" uid="11196308" lat="20.9855205" lon="105.7837223"/>
 <node id="7053920069" visible="true" version="2" changeset="110278194" timestamp="2021-08-26T10:15:35Z" user="vietnam321" uid="11196308" lat="20.9854225" lon="105.7838117"/>
 <node id="7053920070" visible="true" version="2" changeset="110278194" timestamp="2021-08-26T10:15:35Z" user="vietnam321" uid="11196308" lat="20.9852127" lon="105.7835477"/>
 <node id="7053920071" visible="true" version="2" changeset="110278194" timestamp="2021-08-26T10:15:35Z" user="vietnam321" uid="11196308" lat="20.9853338" lon="105.7838090"/>
 <node id="7053920072" visible="true" version="2" changeset="110278194" timestamp="2021-08-26T10:15:35Z" user="vietnam321" uid="11196308" lat="20.9855043" lon="105.7840215"/>
 <node id="7053920073" visible="true" version="2" changeset="110278194" timestamp="2021-08-26T10:15:35Z" user="vietnam321" uid="11196308" lat="20.9853995" lon="105.7841180"/>
 <node id="7053920074" visible="true" version="2" changeset="110278194" timestamp="2021-08-26T10:15:35Z" user="vietnam321" uid="11196308" lat="20.9852290" lon="105.7839055"/>
 <node id="7053920075" visible="true" version="2" changeset="110278194" timestamp="2021-08-26T10:15:35Z" user="vietnam321" uid="11196308" lat="20.9851107" lon="105.7835659"/>
 <node id="7053920076" visible="true" version="2" changeset="110278194" timestamp="2021-08-26T10:15:35Z" user="vietnam321" uid="11196308" lat="20.9852628" lon="105.7837523"/>
 <node id="7053920077" visible="true" version="2" changeset="110278194" timestamp="2021-08-26T10:15:35Z" user="vietnam321" uid="11196308" lat="20.9852024" lon="105.7838088"/>
 <node id="7053920078" visible="true" version="2" changeset="110278194" timestamp="2021-08-26T10:15:35Z" user="vietnam321" uid="11196308" lat="20.9851019" lon="105.7836856"/>
 <node id="7053921385" visible="true" version="1" changeset="78358894" timestamp="2019-12-13T08:15:55Z" user="Le Duong" uid="6531908" lat="20.9862762" lon="105.7871352"/>
 <node id="7053921386" visible="true" version="1" changeset="78358894" timestamp="2019-12-13T08:15:55Z" user="Le Duong" uid="6531908" lat="20.9862815" lon="105.7872886"/>
 <node id="7053921387" visible="true" version="1" changeset="78358894" timestamp="2019-12-13T08:15:55Z" user="Le Duong" uid="6531908" lat="20.9861899" lon="105.7873111"/>
 <node id="7053921388" visible="true" version="1" changeset="78358894" timestamp="2019-12-13T08:15:55Z" user="Le Duong" uid="6531908" lat="20.9861688" lon="105.7870833"/>
 <node id="7053921389" visible="true" version="1" changeset="78358894" timestamp="2019-12-13T08:15:55Z" user="Le Duong" uid="6531908" lat="20.9861351" lon="105.7870901"/>
 <node id="7053921390" visible="true" version="1" changeset="78358894" timestamp="2019-12-13T08:15:55Z" user="Le Duong" uid="6531908" lat="20.9861246" lon="105.7869751"/>
 <node id="7053921391" visible="true" version="1" changeset="78358894" timestamp="2019-12-13T08:15:55Z" user="Le Duong" uid="6531908" lat="20.9861562" lon="105.7869683"/>
 <node id="7053921392" visible="true" version="1" changeset="78358894" timestamp="2019-12-13T08:15:55Z" user="Le Duong" uid="6531908" lat="20.9861414" lon="105.7867382"/>
 <node id="7053921393" visible="true" version="1" changeset="78358894" timestamp="2019-12-13T08:15:55Z" user="Le Duong" uid="6531908" lat="20.9867814" lon="105.7862622"/>
 <node id="7053921394" visible="true" version="1" changeset="78358894" timestamp="2019-12-13T08:15:55Z" user="Le Duong" uid="6531908" lat="20.9867326" lon="105.7864259"/>
 <node id="7053921395" visible="true" version="1" changeset="78358894" timestamp="2019-12-13T08:15:55Z" user="Le Duong" uid="6531908" lat="20.9866850" lon="105.7864098"/>
 <node id="7053921396" visible="true" version="1" changeset="78358894" timestamp="2019-12-13T08:15:55Z" user="Le Duong" uid="6531908" lat="20.9866462" lon="105.7865184"/>
 <node id="7053921397" visible="true" version="1" changeset="78358894" timestamp="2019-12-13T08:15:55Z" user="Le Duong" uid="6531908" lat="20.9866912" lon="105.7865425"/>
 <node id="7053921398" visible="true" version="1" changeset="78358894" timestamp="2019-12-13T08:15:55Z" user="Le Duong" uid="6531908" lat="20.9866349" lon="105.7866968"/>
 <node id="7053921399" visible="true" version="1" changeset="78358894" timestamp="2019-12-13T08:15:55Z" user="Le Duong" uid="6531908" lat="20.9865260" lon="105.7866552"/>
 <node id="7053921400" visible="true" version="1" changeset="78358894" timestamp="2019-12-13T08:15:55Z" user="Le Duong" uid="6531908" lat="20.9865610" lon="105.7865466"/>
 <node id="7053921401" visible="true" version="1" changeset="78358894" timestamp="2019-12-13T08:15:55Z" user="Le Duong" uid="6531908" lat="20.9865335" lon="105.7865318"/>
 <node id="7053921402" visible="true" version="1" changeset="78358894" timestamp="2019-12-13T08:15:55Z" user="Le Duong" uid="6531908" lat="20.9865022" lon="105.7865935"/>
 <node id="7053921403" visible="true" version="1" changeset="78358894" timestamp="2019-12-13T08:15:55Z" user="Le Duong" uid="6531908" lat="20.9864333" lon="105.7865626"/>
 <node id="7053921404" visible="true" version="1" changeset="78358894" timestamp="2019-12-13T08:15:55Z" user="Le Duong" uid="6531908" lat="20.9864408" lon="105.7865305"/>
 <node id="7053921405" visible="true" version="1" changeset="78358894" timestamp="2019-12-13T08:15:55Z" user="Le Duong" uid="6531908" lat="20.9863795" lon="105.7865077"/>
 <node id="7053921406" visible="true" version="1" changeset="78358894" timestamp="2019-12-13T08:15:55Z" user="Le Duong" uid="6531908" lat="20.9863820" lon="105.7864889"/>
 <node id="7053921407" visible="true" version="1" changeset="78358894" timestamp="2019-12-13T08:15:55Z" user="Le Duong" uid="6531908" lat="20.9862830" lon="105.7864513"/>
 <node id="7053921408" visible="true" version="1" changeset="78358894" timestamp="2019-12-13T08:15:55Z" user="Le Duong" uid="6531908" lat="20.9862918" lon="105.7864245"/>
 <node id="7053921409" visible="true" version="1" changeset="78358894" timestamp="2019-12-13T08:15:55Z" user="Le Duong" uid="6531908" lat="20.9862555" lon="105.7864057"/>
 <node id="7053921410" visible="true" version="1" changeset="78358894" timestamp="2019-12-13T08:15:55Z" user="Le Duong" uid="6531908" lat="20.9862630" lon="105.7863628"/>
 <node id="7053921411" visible="true" version="1" changeset="78358894" timestamp="2019-12-13T08:15:55Z" user="Le Duong" uid="6531908" lat="20.9862467" lon="105.7863534"/>
 <node id="7053921412" visible="true" version="1" changeset="78358894" timestamp="2019-12-13T08:15:55Z" user="Le Duong" uid="6531908" lat="20.9862730" lon="105.7862797"/>
 <node id="7053921413" visible="true" version="1" changeset="78358894" timestamp="2019-12-13T08:15:55Z" user="Le Duong" uid="6531908" lat="20.9862868" lon="105.7862810"/>
 <node id="7053921414" visible="true" version="1" changeset="78358894" timestamp="2019-12-13T08:15:55Z" user="Le Duong" uid="6531908" lat="20.9863031" lon="105.7862327"/>
 <node id="7053921415" visible="true" version="1" changeset="78358894" timestamp="2019-12-13T08:15:55Z" user="Le Duong" uid="6531908" lat="20.9863419" lon="105.7862502"/>
 <node id="7053921416" visible="true" version="1" changeset="78358894" timestamp="2019-12-13T08:15:55Z" user="Le Duong" uid="6531908" lat="20.9863544" lon="105.7862260"/>
 <node id="7053921417" visible="true" version="1" changeset="78358894" timestamp="2019-12-13T08:15:55Z" user="Le Duong" uid="6531908" lat="20.9865172" lon="105.7862917"/>
 <node id="7053921418" visible="true" version="1" changeset="78358894" timestamp="2019-12-13T08:15:55Z" user="Le Duong" uid="6531908" lat="20.9865297" lon="105.7862488"/>
 <node id="7053921419" visible="true" version="1" changeset="78358894" timestamp="2019-12-13T08:15:55Z" user="Le Duong" uid="6531908" lat="20.9865986" lon="105.7862783"/>
 <node id="7053921420" visible="true" version="1" changeset="78358894" timestamp="2019-12-13T08:15:55Z" user="Le Duong" uid="6531908" lat="20.9865848" lon="105.7863481"/>
 <node id="7053921421" visible="true" version="1" changeset="78358894" timestamp="2019-12-13T08:15:55Z" user="Le Duong" uid="6531908" lat="20.9866161" lon="105.7863588"/>
 <node id="7053921422" visible="true" version="1" changeset="78358894" timestamp="2019-12-13T08:15:55Z" user="Le Duong" uid="6531908" lat="20.9866649" lon="105.7862193"/>
 <node id="7053921423" visible="true" version="1" changeset="78358894" timestamp="2019-12-13T08:15:55Z" user="Le Duong" uid="6531908" lat="20.9869849" lon="105.7856990"/>
 <node id="7053921424" visible="true" version="1" changeset="78358894" timestamp="2019-12-13T08:15:55Z" user="Le Duong" uid="6531908" lat="20.9869360" lon="105.7858626"/>
 <node id="7053921425" visible="true" version="1" changeset="78358894" timestamp="2019-12-13T08:15:55Z" user="Le Duong" uid="6531908" lat="20.9868885" lon="105.7858465"/>
 <node id="7053921426" visible="true" version="1" changeset="78358894" timestamp="2019-12-13T08:15:55Z" user="Le Duong" uid="6531908" lat="20.9868496" lon="105.7859551"/>
 <node id="7053921427" visible="true" version="1" changeset="78358894" timestamp="2019-12-13T08:15:55Z" user="Le Duong" uid="6531908" lat="20.9868947" lon="105.7859793"/>
 <node id="7053921428" visible="true" version="1" changeset="78358894" timestamp="2019-12-13T08:15:55Z" user="Le Duong" uid="6531908" lat="20.9868384" lon="105.7861335"/>
 <node id="7053921429" visible="true" version="1" changeset="78358894" timestamp="2019-12-13T08:15:55Z" user="Le Duong" uid="6531908" lat="20.9867294" lon="105.7860919"/>
 <node id="7053921430" visible="true" version="1" changeset="78358894" timestamp="2019-12-13T08:15:55Z" user="Le Duong" uid="6531908" lat="20.9867645" lon="105.7859833"/>
 <node id="7053921431" visible="true" version="1" changeset="78358894" timestamp="2019-12-13T08:15:55Z" user="Le Duong" uid="6531908" lat="20.9867369" lon="105.7859685"/>
 <node id="7053921432" visible="true" version="1" changeset="78358894" timestamp="2019-12-13T08:15:55Z" user="Le Duong" uid="6531908" lat="20.9867056" lon="105.7860302"/>
 <node id="7053921433" visible="true" version="1" changeset="78358894" timestamp="2019-12-13T08:15:55Z" user="Le Duong" uid="6531908" lat="20.9866368" lon="105.7859994"/>
 <node id="7053921434" visible="true" version="1" changeset="78358894" timestamp="2019-12-13T08:15:55Z" user="Le Duong" uid="6531908" lat="20.9866443" lon="105.7859672"/>
 <node id="7053921435" visible="true" version="1" changeset="78358894" timestamp="2019-12-13T08:15:55Z" user="Le Duong" uid="6531908" lat="20.9865829" lon="105.7859444"/>
 <node id="7053921436" visible="true" version="1" changeset="78358894" timestamp="2019-12-13T08:15:55Z" user="Le Duong" uid="6531908" lat="20.9865854" lon="105.7859256"/>
 <node id="7053921437" visible="true" version="1" changeset="78358894" timestamp="2019-12-13T08:15:55Z" user="Le Duong" uid="6531908" lat="20.9864865" lon="105.7858881"/>
 <node id="7053921438" visible="true" version="1" changeset="78358894" timestamp="2019-12-13T08:15:55Z" user="Le Duong" uid="6531908" lat="20.9864953" lon="105.7858613"/>
 <node id="7053921439" visible="true" version="1" changeset="78358894" timestamp="2019-12-13T08:15:55Z" user="Le Duong" uid="6531908" lat="20.9864590" lon="105.7858425"/>
 <node id="7053921440" visible="true" version="1" changeset="78358894" timestamp="2019-12-13T08:15:55Z" user="Le Duong" uid="6531908" lat="20.9864665" lon="105.7857996"/>
 <node id="7053921441" visible="true" version="1" changeset="78358894" timestamp="2019-12-13T08:15:55Z" user="Le Duong" uid="6531908" lat="20.9864502" lon="105.7857902"/>
 <node id="7053921442" visible="true" version="1" changeset="78358894" timestamp="2019-12-13T08:15:55Z" user="Le Duong" uid="6531908" lat="20.9864765" lon="105.7857164"/>
 <node id="7053921443" visible="true" version="1" changeset="78358894" timestamp="2019-12-13T08:15:55Z" user="Le Duong" uid="6531908" lat="20.9864903" lon="105.7857178"/>
 <node id="7053921444" visible="true" version="1" changeset="78358894" timestamp="2019-12-13T08:15:55Z" user="Le Duong" uid="6531908" lat="20.9865066" lon="105.7856695"/>
 <node id="7053921445" visible="true" version="1" changeset="78358894" timestamp="2019-12-13T08:15:55Z" user="Le Duong" uid="6531908" lat="20.9865454" lon="105.7856869"/>
 <node id="7053921446" visible="true" version="1" changeset="78358894" timestamp="2019-12-13T08:15:55Z" user="Le Duong" uid="6531908" lat="20.9865579" lon="105.7856628"/>
 <node id="7053921447" visible="true" version="1" changeset="78358894" timestamp="2019-12-13T08:15:55Z" user="Le Duong" uid="6531908" lat="20.9867207" lon="105.7857285"/>
 <node id="7053921448" visible="true" version="1" changeset="78358894" timestamp="2019-12-13T08:15:55Z" user="Le Duong" uid="6531908" lat="20.9867332" lon="105.7856856"/>
 <node id="7053921449" visible="true" version="1" changeset="78358894" timestamp="2019-12-13T08:15:55Z" user="Le Duong" uid="6531908" lat="20.9868021" lon="105.7857151"/>
 <node id="7053921450" visible="true" version="1" changeset="78358894" timestamp="2019-12-13T08:15:55Z" user="Le Duong" uid="6531908" lat="20.9867883" lon="105.7857848"/>
 <node id="7053921451" visible="true" version="1" changeset="78358894" timestamp="2019-12-13T08:15:55Z" user="Le Duong" uid="6531908" lat="20.9868196" lon="105.7857955"/>
 <node id="7053921452" visible="true" version="1" changeset="78358894" timestamp="2019-12-13T08:15:55Z" user="Le Duong" uid="6531908" lat="20.9868684" lon="105.7856561"/>
 <node id="7053921453" visible="true" version="1" changeset="78358894" timestamp="2019-12-13T08:15:55Z" user="Le Duong" uid="6531908" lat="20.9871777" lon="105.7851236"/>
 <node id="7053921454" visible="true" version="1" changeset="78358894" timestamp="2019-12-13T08:15:55Z" user="Le Duong" uid="6531908" lat="20.9871289" lon="105.7852873"/>
 <node id="7053921455" visible="true" version="1" changeset="78358894" timestamp="2019-12-13T08:15:55Z" user="Le Duong" uid="6531908" lat="20.9870813" lon="105.7852712"/>
 <node id="7053921456" visible="true" version="1" changeset="78358894" timestamp="2019-12-13T08:15:55Z" user="Le Duong" uid="6531908" lat="20.9870425" lon="105.7853798"/>
 <node id="7053921457" visible="true" version="1" changeset="78358894" timestamp="2019-12-13T08:15:55Z" user="Le Duong" uid="6531908" lat="20.9870875" lon="105.7854039"/>
 <node id="7053921458" visible="true" version="1" changeset="78358894" timestamp="2019-12-13T08:15:55Z" user="Le Duong" uid="6531908" lat="20.9870312" lon="105.7855582"/>
 <node id="7053921459" visible="true" version="1" changeset="78358894" timestamp="2019-12-13T08:15:55Z" user="Le Duong" uid="6531908" lat="20.9869223" lon="105.7855166"/>
 <node id="7053921460" visible="true" version="1" changeset="78358894" timestamp="2019-12-13T08:15:55Z" user="Le Duong" uid="6531908" lat="20.9869573" lon="105.7854080"/>
 <node id="7053921461" visible="true" version="1" changeset="78358894" timestamp="2019-12-13T08:15:55Z" user="Le Duong" uid="6531908" lat="20.9869298" lon="105.7853932"/>
 <node id="7053921462" visible="true" version="1" changeset="78358894" timestamp="2019-12-13T08:15:55Z" user="Le Duong" uid="6531908" lat="20.9868985" lon="105.7854549"/>
 <node id="7053921463" visible="true" version="1" changeset="78358894" timestamp="2019-12-13T08:15:55Z" user="Le Duong" uid="6531908" lat="20.9868296" lon="105.7854241"/>
 <node id="7053921464" visible="true" version="1" changeset="78358894" timestamp="2019-12-13T08:15:55Z" user="Le Duong" uid="6531908" lat="20.9868371" lon="105.7853919"/>
 <node id="7053921465" visible="true" version="1" changeset="78358894" timestamp="2019-12-13T08:15:55Z" user="Le Duong" uid="6531908" lat="20.9867758" lon="105.7853691"/>
 <node id="7053921466" visible="true" version="1" changeset="78358894" timestamp="2019-12-13T08:15:55Z" user="Le Duong" uid="6531908" lat="20.9867783" lon="105.7853503"/>
 <node id="7053921467" visible="true" version="1" changeset="78358894" timestamp="2019-12-13T08:15:55Z" user="Le Duong" uid="6531908" lat="20.9866793" lon="105.7853127"/>
 <node id="7053921468" visible="true" version="1" changeset="78358894" timestamp="2019-12-13T08:15:55Z" user="Le Duong" uid="6531908" lat="20.9866881" lon="105.7852859"/>
 <node id="7053921469" visible="true" version="1" changeset="78358894" timestamp="2019-12-13T08:15:55Z" user="Le Duong" uid="6531908" lat="20.9866518" lon="105.7852671"/>
 <node id="7053921470" visible="true" version="1" changeset="78358894" timestamp="2019-12-13T08:15:55Z" user="Le Duong" uid="6531908" lat="20.9866593" lon="105.7852242"/>
 <node id="7053921471" visible="true" version="1" changeset="78358894" timestamp="2019-12-13T08:15:55Z" user="Le Duong" uid="6531908" lat="20.9866430" lon="105.7852148"/>
 <node id="7053921472" visible="true" version="1" changeset="78358894" timestamp="2019-12-13T08:15:55Z" user="Le Duong" uid="6531908" lat="20.9866693" lon="105.7851411"/>
 <node id="7053921473" visible="true" version="1" changeset="78358894" timestamp="2019-12-13T08:15:55Z" user="Le Duong" uid="6531908" lat="20.9866831" lon="105.7851424"/>
 <node id="7053921474" visible="true" version="1" changeset="78358894" timestamp="2019-12-13T08:15:55Z" user="Le Duong" uid="6531908" lat="20.9866994" lon="105.7850941"/>
 <node id="7053921475" visible="true" version="1" changeset="78358894" timestamp="2019-12-13T08:15:55Z" user="Le Duong" uid="6531908" lat="20.9867382" lon="105.7851116"/>
 <node id="7053921476" visible="true" version="1" changeset="78358894" timestamp="2019-12-13T08:15:55Z" user="Le Duong" uid="6531908" lat="20.9867507" lon="105.7850874"/>
 <node id="7053921477" visible="true" version="1" changeset="78358894" timestamp="2019-12-13T08:15:55Z" user="Le Duong" uid="6531908" lat="20.9869135" lon="105.7851531"/>
 <node id="7053921478" visible="true" version="1" changeset="78358894" timestamp="2019-12-13T08:15:55Z" user="Le Duong" uid="6531908" lat="20.9869260" lon="105.7851102"/>
 <node id="7053921479" visible="true" version="1" changeset="78358894" timestamp="2019-12-13T08:15:55Z" user="Le Duong" uid="6531908" lat="20.9869949" lon="105.7851397"/>
 <node id="7053921480" visible="true" version="1" changeset="78358894" timestamp="2019-12-13T08:15:55Z" user="Le Duong" uid="6531908" lat="20.9869811" lon="105.7852095"/>
 <node id="7053921481" visible="true" version="1" changeset="78358894" timestamp="2019-12-13T08:15:55Z" user="Le Duong" uid="6531908" lat="20.9870124" lon="105.7852202"/>
 <node id="7053921482" visible="true" version="1" changeset="78358894" timestamp="2019-12-13T08:15:55Z" user="Le Duong" uid="6531908" lat="20.9870612" lon="105.7850807"/>
 <node id="7053921483" visible="true" version="1" changeset="78358894" timestamp="2019-12-13T08:15:55Z" user="Le Duong" uid="6531908" lat="20.9867784" lon="105.7848540"/>
 <node id="7053921484" visible="true" version="1" changeset="78358894" timestamp="2019-12-13T08:15:55Z" user="Le Duong" uid="6531908" lat="20.9868357" lon="105.7848915"/>
 <node id="7053921485" visible="true" version="1" changeset="78358894" timestamp="2019-12-13T08:15:55Z" user="Le Duong" uid="6531908" lat="20.9868670" lon="105.7848237"/>
 <node id="7053921486" visible="true" version="1" changeset="78358894" timestamp="2019-12-13T08:15:55Z" user="Le Duong" uid="6531908" lat="20.9868841" lon="105.7848325"/>
 <node id="7053921487" visible="true" version="1" changeset="78358894" timestamp="2019-12-13T08:15:55Z" user="Le Duong" uid="6531908" lat="20.9869176" lon="105.7847639"/>
 <node id="7053921488" visible="true" version="1" changeset="78358894" timestamp="2019-12-13T08:15:55Z" user="Le Duong" uid="6531908" lat="20.9869578" lon="105.7847910"/>
 <node id="7053921489" visible="true" version="1" changeset="78358894" timestamp="2019-12-13T08:15:55Z" user="Le Duong" uid="6531908" lat="20.9869504" lon="105.7848069"/>
 <node id="7053921490" visible="true" version="1" changeset="78358894" timestamp="2019-12-13T08:15:55Z" user="Le Duong" uid="6531908" lat="20.9869809" lon="105.7848293"/>
 <node id="7053921491" visible="true" version="1" changeset="78358894" timestamp="2019-12-13T08:15:55Z" user="Le Duong" uid="6531908" lat="20.9870077" lon="105.7847750"/>
 <node id="7053921492" visible="true" version="1" changeset="78358894" timestamp="2019-12-13T08:15:55Z" user="Le Duong" uid="6531908" lat="20.9870620" lon="105.7848077"/>
 <node id="7053921493" visible="true" version="1" changeset="78358894" timestamp="2019-12-13T08:15:55Z" user="Le Duong" uid="6531908" lat="20.9870538" lon="105.7848269"/>
 <node id="7053921494" visible="true" version="1" changeset="78358894" timestamp="2019-12-13T08:15:55Z" user="Le Duong" uid="6531908" lat="20.9870978" lon="105.7848564"/>
 <node id="7053921495" visible="true" version="1" changeset="78358894" timestamp="2019-12-13T08:15:55Z" user="Le Duong" uid="6531908" lat="20.9870739" lon="105.7849026"/>
 <node id="7053921496" visible="true" version="1" changeset="78358894" timestamp="2019-12-13T08:15:55Z" user="Le Duong" uid="6531908" lat="20.9870859" lon="105.7849074"/>
 <node id="7053921497" visible="true" version="1" changeset="78358894" timestamp="2019-12-13T08:15:55Z" user="Le Duong" uid="6531908" lat="20.9870568" lon="105.7849656"/>
 <node id="7053921498" visible="true" version="1" changeset="78358894" timestamp="2019-12-13T08:15:55Z" user="Le Duong" uid="6531908" lat="20.9871305" lon="105.7850151"/>
 <node id="7053921499" visible="true" version="1" changeset="78358894" timestamp="2019-12-13T08:15:55Z" user="Le Duong" uid="6531908" lat="20.9873245" lon="105.7846082"/>
 <node id="7053921500" visible="true" version="1" changeset="78358894" timestamp="2019-12-13T08:15:55Z" user="Le Duong" uid="6531908" lat="20.9872705" lon="105.7845627"/>
 <node id="7053921501" visible="true" version="1" changeset="78358894" timestamp="2019-12-13T08:15:55Z" user="Le Duong" uid="6531908" lat="20.9872359" lon="105.7846177"/>
 <node id="7053921502" visible="true" version="1" changeset="78358894" timestamp="2019-12-13T08:15:55Z" user="Le Duong" uid="6531908" lat="20.9872182" lon="105.7846073"/>
 <node id="7053921503" visible="true" version="1" changeset="78358894" timestamp="2019-12-13T08:15:55Z" user="Le Duong" uid="6531908" lat="20.9871917" lon="105.7846651"/>
 <node id="7053921504" visible="true" version="1" changeset="78358894" timestamp="2019-12-13T08:15:55Z" user="Le Duong" uid="6531908" lat="20.9871500" lon="105.7846338"/>
 <node id="7053921505" visible="true" version="1" changeset="78358894" timestamp="2019-12-13T08:15:55Z" user="Le Duong" uid="6531908" lat="20.9871394" lon="105.7846547"/>
 <node id="7053921506" visible="true" version="1" changeset="78358894" timestamp="2019-12-13T08:15:55Z" user="Le Duong" uid="6531908" lat="20.9870916" lon="105.7846234"/>
 <node id="7053921507" visible="true" version="1" changeset="78358894" timestamp="2019-12-13T08:15:55Z" user="Le Duong" uid="6531908" lat="20.9871129" lon="105.7845779"/>
 <node id="7053921508" visible="true" version="1" changeset="78358894" timestamp="2019-12-13T08:15:55Z" user="Le Duong" uid="6531908" lat="20.9870704" lon="105.7845456"/>
 <node id="7053921509" visible="true" version="1" changeset="78358894" timestamp="2019-12-13T08:15:55Z" user="Le Duong" uid="6531908" lat="20.9870562" lon="105.7845627"/>
 <node id="7053921510" visible="true" version="1" changeset="78358894" timestamp="2019-12-13T08:15:55Z" user="Le Duong" uid="6531908" lat="20.9870332" lon="105.7845456"/>
 <node id="7053921511" visible="true" version="1" changeset="78358894" timestamp="2019-12-13T08:15:55Z" user="Le Duong" uid="6531908" lat="20.9870898" lon="105.7844356"/>
 <node id="7053921512" visible="true" version="1" changeset="78358894" timestamp="2019-12-13T08:15:55Z" user="Le Duong" uid="6531908" lat="20.9870730" lon="105.7844214"/>
 <node id="7053921513" visible="true" version="1" changeset="78358894" timestamp="2019-12-13T08:15:55Z" user="Le Duong" uid="6531908" lat="20.9871102" lon="105.7843531"/>
 <node id="7053921514" visible="true" version="1" changeset="78358894" timestamp="2019-12-13T08:15:55Z" user="Le Duong" uid="6531908" lat="20.9870447" lon="105.7843038"/>
 <node id="7190559214" visible="true" version="1" changeset="80637404" timestamp="2020-02-06T11:09:44Z" user="Hưng Nguyễn Quang" uid="7720755" lat="20.9844659" lon="105.7844450"/>
 <node id="7190559215" visible="true" version="1" changeset="80637404" timestamp="2020-02-06T11:09:44Z" user="Hưng Nguyễn Quang" uid="7720755" lat="20.9844349" lon="105.7844808"/>
 <node id="7190559216" visible="true" version="1" changeset="80637404" timestamp="2020-02-06T11:09:44Z" user="Hưng Nguyễn Quang" uid="7720755" lat="20.9844235" lon="105.7845580"/>
 <node id="7190559217" visible="true" version="1" changeset="80637404" timestamp="2020-02-06T11:09:44Z" user="Hưng Nguyễn Quang" uid="7720755" lat="20.9844425" lon="105.7848060"/>
 <node id="7190559218" visible="true" version="1" changeset="80637404" timestamp="2020-02-06T11:09:44Z" user="Hưng Nguyễn Quang" uid="7720755" lat="20.9844463" lon="105.7849971"/>
 <node id="7190559219" visible="true" version="1" changeset="80637404" timestamp="2020-02-06T11:09:44Z" user="Hưng Nguyễn Quang" uid="7720755" lat="20.9844121" lon="105.7851516"/>
 <node id="7190559220" visible="true" version="1" changeset="80637404" timestamp="2020-02-06T11:09:44Z" user="Hưng Nguyễn Quang" uid="7720755" lat="20.9843286" lon="105.7853183"/>
 <node id="7190559221" visible="true" version="1" changeset="80637404" timestamp="2020-02-06T11:09:44Z" user="Hưng Nguyễn Quang" uid="7720755" lat="20.9842148" lon="105.7854606"/>
 <node id="7190559222" visible="true" version="1" changeset="80637404" timestamp="2020-02-06T11:09:44Z" user="Hưng Nguyễn Quang" uid="7720755" lat="20.9841047" lon="105.7855663"/>
 <node id="7190559223" visible="true" version="1" changeset="80637404" timestamp="2020-02-06T11:09:44Z" user="Hưng Nguyễn Quang" uid="7720755" lat="20.9833659" lon="105.7858527"/>
 <node id="7190559224" visible="true" version="1" changeset="80637404" timestamp="2020-02-06T11:09:44Z" user="Hưng Nguyễn Quang" uid="7720755" lat="20.9833417" lon="105.7859322"/>
 <node id="7190559225" visible="true" version="1" changeset="80637404" timestamp="2020-02-06T11:09:44Z" user="Hưng Nguyễn Quang" uid="7720755" lat="20.9833569" lon="105.7859769"/>
 <node id="7190559226" visible="true" version="1" changeset="80637404" timestamp="2020-02-06T11:09:44Z" user="Hưng Nguyễn Quang" uid="7720755" lat="20.9839452" lon="105.7864281"/>
 <node id="7190559227" visible="true" version="1" changeset="80637404" timestamp="2020-02-06T11:09:44Z" user="Hưng Nguyễn Quang" uid="7720755" lat="20.9846057" lon="105.7848060"/>
 <node id="7190559228" visible="true" version="1" changeset="80637404" timestamp="2020-02-06T11:09:44Z" user="Hưng Nguyễn Quang" uid="7720755" lat="20.9846133" lon="105.7847084"/>
 <node id="7190559229" visible="true" version="1" changeset="80637404" timestamp="2020-02-06T11:09:44Z" user="Hưng Nguyễn Quang" uid="7720755" lat="20.9845830" lon="105.7845967"/>
 <node id="7190559230" visible="true" version="1" changeset="80637404" timestamp="2020-02-06T11:09:44Z" user="Hưng Nguyễn Quang" uid="7720755" lat="20.9844879" lon="105.7844735"/>
 <node id="8336616426" visible="true" version="3" changeset="167039277" timestamp="2025-06-01T08:21:30Z" user="Hung Tran 9x0" uid="20910140" lat="20.9857375" lon="105.7823150"/>
 <node id="8336906298" visible="true" version="2" changeset="154092022" timestamp="2024-07-18T09:34:47Z" user="phoenixsaigon1698" uid="3323343" lat="20.9878549" lon="105.7812767"/>
 <node id="8336906299" visible="true" version="2" changeset="154092022" timestamp="2024-07-18T09:34:47Z" user="phoenixsaigon1698" uid="3323343" lat="20.9879883" lon="105.7819497"/>
 <node id="8336963141" visible="true" version="2" changeset="164280741" timestamp="2025-03-30T10:18:55Z" user="Hoàng Tuấn Việt" uid="13707170" lat="20.9860370" lon="105.7827132"/>
 <node id="8337010367" visible="true" version="2" changeset="154092022" timestamp="2024-07-18T09:34:47Z" user="phoenixsaigon1698" uid="3323343" lat="20.9874990" lon="105.7850105"/>
 <node id="8929646295" visible="true" version="1" changeset="108177552" timestamp="2021-07-18T02:38:52Z" user="AlexLumi" uid="13770895" lat="20.9871934" lon="105.7860587">
  <tag k="addr:city" v="Hà Nội"/>
  <tag k="addr:district" v="Hà Đông"/>
  <tag k="addr:province" v="Hà Nội"/>
  <tag k="addr:subdistrict" v="Mỗ Lao"/>
  <tag k="amenity" v="cafe"/>
  <tag k="brand" v="Starbucks"/>
  <tag k="brand:wikidata" v="Q37158"/>
  <tag k="brand:wikipedia" v="en:Starbucks"/>
  <tag k="cuisine" v="coffee_shop"/>
  <tag k="internet_access" v="yes"/>
  <tag k="internet_access:fee" v="customers"/>
  <tag k="name" v="Starbucks"/>
  <tag k="official_name" v="Starbucks Coffee"/>
  <tag k="outdoor_seating" v="yes"/>
  <tag k="takeaway" v="yes"/>
 </node>
 <node id="8929678459" visible="true" version="1" changeset="108177622" timestamp="2021-07-18T02:45:53Z" user="AlexLumi" uid="13770895" lat="20.9869800" lon="105.7870539"/>
 <node id="8929678460" visible="true" version="1" changeset="108177622" timestamp="2021-07-18T02:45:53Z" user="AlexLumi" uid="13770895" lat="20.9868748" lon="105.7870190"/>
 <node id="8929678461" visible="true" version="1" changeset="108177622" timestamp="2021-07-18T02:45:53Z" user="AlexLumi" uid="13770895" lat="20.9866870" lon="105.7875689"/>
 <node id="8929678462" visible="true" version="1" changeset="108177622" timestamp="2021-07-18T02:45:53Z" user="AlexLumi" uid="13770895" lat="20.9867972" lon="105.7876091"/>
 <node id="8929680113" visible="true" version="2" changeset="108177602" timestamp="2021-07-18T02:43:16Z" user="AlexLumi" uid="13770895" lat="20.9872645" lon="105.7871561"/>
 <node id="8929680114" visible="true" version="2" changeset="108177602" timestamp="2021-07-18T02:43:16Z" user="AlexLumi" uid="13770895" lat="20.9871323" lon="105.7875844"/>
 <node id="8929680115" visible="true" version="2" changeset="108177602" timestamp="2021-07-18T02:43:16Z" user="AlexLumi" uid="13770895" lat="20.9870381" lon="105.7875525"/>
 <node id="8929680116" visible="true" version="2" changeset="108177602" timestamp="2021-07-18T02:43:16Z" user="AlexLumi" uid="13770895" lat="20.9870629" lon="105.7874764"/>
 <node id="8929682663" visible="true" version="2" changeset="108177605" timestamp="2021-07-18T02:43:40Z" user="AlexLumi" uid="13770895" lat="20.9873197" lon="105.7865989"/>
 <node id="8929682664" visible="true" version="2" changeset="108177605" timestamp="2021-07-18T02:43:40Z" user="AlexLumi" uid="13770895" lat="20.9871776" lon="105.7870006"/>
 <node id="8929682665" visible="true" version="2" changeset="108177605" timestamp="2021-07-18T02:43:40Z" user="AlexLumi" uid="13770895" lat="20.9870950" lon="105.7869634"/>
 <node id="8929682666" visible="true" version="2" changeset="108177605" timestamp="2021-07-18T02:43:40Z" user="AlexLumi" uid="13770895" lat="20.9871363" lon="105.7868041"/>
 <node id="8929682667" visible="true" version="2" changeset="108177605" timestamp="2021-07-18T02:43:40Z" user="AlexLumi" uid="13770895" lat="20.9870818" lon="105.7867882"/>
 <node id="8929682668" visible="true" version="2" changeset="108177605" timestamp="2021-07-18T02:43:40Z" user="AlexLumi" uid="13770895" lat="20.9870306" lon="105.7869351"/>
 <node id="8929682669" visible="true" version="2" changeset="108177605" timestamp="2021-07-18T02:43:40Z" user="AlexLumi" uid="13770895" lat="20.9869397" lon="105.7869050"/>
 <node id="8929682670" visible="true" version="2" changeset="108177605" timestamp="2021-07-18T02:43:40Z" user="AlexLumi" uid="13770895" lat="20.9870669" lon="105.7865068"/>
 <node id="8929682671" visible="true" version="2" changeset="108177605" timestamp="2021-07-18T02:43:40Z" user="AlexLumi" uid="13770895" lat="20.9871595" lon="105.7865475"/>
 <node id="8929682672" visible="true" version="2" changeset="108177605" timestamp="2021-07-18T02:43:40Z" user="AlexLumi" uid="13770895" lat="20.9871215" lon="105.7866714"/>
 <node id="8929682673" visible="true" version="2" changeset="108177605" timestamp="2021-07-18T02:43:40Z" user="AlexLumi" uid="13770895" lat="20.9871826" lon="105.7866944"/>
 <node id="8929682674" visible="true" version="2" changeset="108177605" timestamp="2021-07-18T02:43:40Z" user="AlexLumi" uid="13770895" lat="20.9872206" lon="105.7865652"/>
 <node id="8929690473" visible="true" version="2" changeset="108177596" timestamp="2021-07-18T02:42:50Z" user="AlexLumi" uid="13770895" lat="20.9870935" lon="105.7876904"/>
 <node id="8929698517" visible="true" version="2" changeset="108177602" timestamp="2021-07-18T02:43:16Z" user="AlexLumi" uid="13770895" lat="20.9870100" lon="105.7874569"/>
 <node id="8929698518" visible="true" version="2" changeset="108177602" timestamp="2021-07-18T02:43:16Z" user="AlexLumi" uid="13770895" lat="20.9869886" lon="105.7875206"/>
 <node id="8929698519" visible="true" version="2" changeset="108177602" timestamp="2021-07-18T02:43:16Z" user="AlexLumi" uid="13770895" lat="20.9869109" lon="105.7874906"/>
 <node id="8929698520" visible="true" version="2" changeset="108177602" timestamp="2021-07-18T02:43:16Z" user="AlexLumi" uid="13770895" lat="20.9870447" lon="105.7870818"/>
 <node id="8929698521" visible="true" version="2" changeset="108177602" timestamp="2021-07-18T02:43:16Z" user="AlexLumi" uid="13770895" lat="20.9871356" lon="105.7871119"/>
 <node id="8929698522" visible="true" version="2" changeset="108177602" timestamp="2021-07-18T02:43:16Z" user="AlexLumi" uid="13770895" lat="20.9871075" lon="105.7871827"/>
 <node id="8929698523" visible="true" version="2" changeset="108177602" timestamp="2021-07-18T02:43:16Z" user="AlexLumi" uid="13770895" lat="20.9871554" lon="105.7871950"/>
 <node id="8929698524" visible="true" version="2" changeset="108177602" timestamp="2021-07-18T02:43:16Z" user="AlexLumi" uid="13770895" lat="20.9871753" lon="105.7871278"/>
 <node id="8929699714" visible="true" version="2" changeset="108177613" timestamp="2021-07-18T02:44:42Z" user="AlexLumi" uid="13770895" lat="20.9873242" lon="105.7864000"/>
 <node id="8929699715" visible="true" version="2" changeset="108177613" timestamp="2021-07-18T02:44:42Z" user="AlexLumi" uid="13770895" lat="20.9873488" lon="105.7862798"/>
 <node id="8929699716" visible="true" version="2" changeset="108177613" timestamp="2021-07-18T02:44:42Z" user="AlexLumi" uid="13770895" lat="20.9871545" lon="105.7862028"/>
 <node id="8929700617" visible="true" version="2" changeset="108177613" timestamp="2021-07-18T02:44:42Z" user="AlexLumi" uid="13770895" lat="20.9872293" lon="105.7859887"/>
 <node id="8929710417" visible="true" version="1" changeset="108177580" timestamp="2021-07-18T02:41:40Z" user="AlexLumi" uid="13770895" lat="20.9871963" lon="105.7861003">
  <tag k="addr:city" v="Hà Nội"/>
  <tag k="addr:district" v="Hà Đông"/>
  <tag k="addr:province" v="Hà Nội"/>
  <tag k="addr:subdistrict" v="Mỗ Lao"/>
  <tag k="brand" v="K-Market"/>
  <tag k="brand:wikidata" v="Q11868562"/>
  <tag k="brand:wikipedia" v="fi:K-Market"/>
  <tag k="name" v="K-Market"/>
  <tag k="payment:credit_cards" v="yes"/>
  <tag k="payment:visa" v="yes"/>
  <tag k="shop" v="convenience"/>
 </node>
 <node id="8929712878" visible="true" version="1" changeset="108177613" timestamp="2021-07-18T02:44:42Z" user="AlexLumi" uid="13770895" lat="20.9875198" lon="105.7861155"/>
 <node id="8929712879" visible="true" version="1" changeset="108177613" timestamp="2021-07-18T02:44:42Z" user="AlexLumi" uid="13770895" lat="20.9874253" lon="105.7864322"/>
 <node id="9019312714" visible="true" version="3" changeset="157199362" timestamp="2024-09-28T08:40:20Z" user="edumiz624" uid="20881381" lat="20.9856143" lon="105.7838582">
  <tag k="bus" v="yes"/>
  <tag k="highway" v="bus_stop"/>
  <tag k="name" v="UBND Phường Mỗ Lao"/>
  <tag k="public_transport" v="platform"/>
 </node>
 <node id="9019312715" visible="true" version="3" changeset="146507860" timestamp="2024-01-21T10:59:05Z" user="edumiz624" uid="20881381" lat="20.9856964" lon="105.7826748">
  <tag k="bus" v="yes"/>
  <tag k="highway" v="bus_stop"/>
  <tag k="name" v="Đối diện UBND Phường Mỗ Lao"/>
  <tag k="public_transport" v="platform"/>
 </node>
 <node id="9037592387" visible="true" version="2" changeset="152477693" timestamp="2024-06-10T04:18:06Z" user="vietnam321" uid="11196308" lat="20.9849942" lon="105.7835873"/>
 <node id="9037592388" visible="true" version="2" changeset="152477693" timestamp="2024-06-10T04:18:06Z" user="vietnam321" uid="11196308" lat="20.9849774" lon="105.7836127"/>
 <node id="9037592392" visible="true" version="2" changeset="152477693" timestamp="2024-06-10T04:18:06Z" user="vietnam321" uid="11196308" lat="20.9849590" lon="105.7836251"/>
 <node id="9037592393" visible="true" version="2" changeset="152477693" timestamp="2024-06-10T04:18:06Z" user="vietnam321" uid="11196308" lat="20.9848743" lon="105.7835870"/>
 <node id="9037592394" visible="true" version="2" changeset="152477693" timestamp="2024-06-10T04:18:06Z" user="vietnam321" uid="11196308" lat="20.9849510" lon="105.7834940"/>
 <node id="9037592395" visible="true" version="3" changeset="174875352" timestamp="2025-11-19T19:26:38Z" user="Trần Thanh Tuấn" uid="16014056" lat="20.9849120" lon="105.7836942"/>
 <node id="9037592396" visible="true" version="3" changeset="174875352" timestamp="2025-11-19T19:26:38Z" user="Trần Thanh Tuấn" uid="16014056" lat="20.9855902" lon="105.7830562"/>
 <node id="9037592397" visible="true" version="3" changeset="174875352" timestamp="2025-11-19T19:26:38Z" user="Trần Thanh Tuấn" uid="16014056" lat="20.9855619" lon="105.7829088"/>
 <node id="9037592398" visible="true" version="3" changeset="174875352" timestamp="2025-11-19T19:26:38Z" user="Trần Thanh Tuấn" uid="16014056" lat="20.9855186" lon="105.7827513"/>
 <node id="9037592399" visible="true" version="3" changeset="174875352" timestamp="2025-11-19T19:26:38Z" user="Trần Thanh Tuấn" uid="16014056" lat="20.9854658" lon="105.7825535"/>
 <node id="9037592400" visible="true" version="4" changeset="174875352" timestamp="2025-11-19T19:26:38Z" user="Trần Thanh Tuấn" uid="16014056" lat="20.9853918" lon="105.7823752"/>
 <node id="9037592401" visible="true" version="4" changeset="174875352" timestamp="2025-11-19T19:26:38Z" user="Trần Thanh Tuấn" uid="16014056" lat="20.9853184" lon="105.7823515"/>
 <node id="9037592402" visible="true" version="3" changeset="174875352" timestamp="2025-11-19T19:26:38Z" user="Trần Thanh Tuấn" uid="16014056" lat="20.9844914" lon="105.7831026"/>
 <node id="9037592403" visible="true" version="3" changeset="174875352" timestamp="2025-11-19T19:26:38Z" user="Trần Thanh Tuấn" uid="16014056" lat="20.9844725" lon="105.7831733"/>
 <node id="9037592404" visible="true" version="1" changeset="110278194" timestamp="2021-08-26T10:15:35Z" user="vietnam321" uid="11196308" lat="20.9856056" lon="105.7833071"/>
 <node id="9037592405" visible="true" version="1" changeset="110278194" timestamp="2021-08-26T10:15:35Z" user="vietnam321" uid="11196308" lat="20.9856094" lon="105.7835574"/>
 <node id="9037592406" visible="true" version="1" changeset="110278194" timestamp="2021-08-26T10:15:35Z" user="vietnam321" uid="11196308" lat="20.9856004" lon="105.7838057"/>
 <node id="9037592407" visible="true" version="1" changeset="110278194" timestamp="2021-08-26T10:15:35Z" user="vietnam321" uid="11196308" lat="20.9855616" lon="105.7840484"/>
 <node id="9037592408" visible="true" version="3" changeset="174875352" timestamp="2025-11-19T19:26:38Z" user="Trần Thanh Tuấn" uid="16014056" lat="20.9851129" lon="105.7835063"/>
 <node id="9037592409" visible="true" version="1" changeset="110278194" timestamp="2021-08-26T10:15:35Z" user="vietnam321" uid="11196308" lat="20.9849721" lon="105.7836956"/>
 <node id="9037592410" visible="true" version="1" changeset="110278194" timestamp="2021-08-26T10:15:35Z" user="vietnam321" uid="11196308" lat="20.9850236" lon="105.7837588"/>
 <node id="9037592411" visible="true" version="1" changeset="110278194" timestamp="2021-08-26T10:15:35Z" user="vietnam321" uid="11196308" lat="20.9851062" lon="105.7839324"/>
 <node id="9037592412" visible="true" version="1" changeset="110278194" timestamp="2021-08-26T10:15:35Z" user="vietnam321" uid="11196308" lat="20.9853071" lon="105.7837445"/>
 <node id="9037592413" visible="true" version="1" changeset="110278194" timestamp="2021-08-26T10:15:35Z" user="vietnam321" uid="11196308" lat="20.9855804" lon="105.7839345"/>
 <node id="9037592414" visible="true" version="1" changeset="110278194" timestamp="2021-08-26T10:15:35Z" user="vietnam321" uid="11196308" lat="20.9856086" lon="105.7836809"/>
 <node id="9037592415" visible="true" version="1" changeset="110278194" timestamp="2021-08-26T10:15:35Z" user="vietnam321" uid="11196308" lat="20.9855383" lon="105.7841994"/>
 <node id="9037592416" visible="true" version="1" changeset="110278194" timestamp="2021-08-26T10:15:35Z" user="vietnam321" uid="11196308" lat="20.9855133" lon="105.7843214"/>
 <node id="9037592417" visible="true" version="1" changeset="110278194" timestamp="2021-08-26T10:15:35Z" user="vietnam321" uid="11196308" lat="20.9854144" lon="105.7843483"/>
 <node id="9252434641" visible="true" version="1" changeset="113791562" timestamp="2021-11-15T07:33:00Z" user="DucToan2410" uid="7563149" lat="20.9849086" lon="105.7883331"/>
 <node id="9252434642" visible="true" version="1" changeset="113791562" timestamp="2021-11-15T07:33:00Z" user="DucToan2410" uid="7563149" lat="20.9850329" lon="105.7872646"/>
 <node id="9252434643" visible="true" version="1" changeset="113791562" timestamp="2021-11-15T07:33:00Z" user="DucToan2410" uid="7563149" lat="20.9849457" lon="105.7872088"/>
 <node id="9252434644" visible="true" version="1" changeset="113791562" timestamp="2021-11-15T07:33:00Z" user="DucToan2410" uid="7563149" lat="20.9845080" lon="105.7879244"/>
 <node id="9252435129" visible="true" version="1" changeset="113791434" timestamp="2021-11-15T07:30:01Z" user="DucToan2410" uid="7563149" lat="20.9859339" lon="105.7827743"/>
 <node id="9252435130" visible="true" version="1" changeset="113791434" timestamp="2021-11-15T07:30:01Z" user="DucToan2410" uid="7563149" lat="20.9857626" lon="105.7825431"/>
 <node id="9252435131" visible="true" version="1" changeset="113791434" timestamp="2021-11-15T07:30:01Z" user="DucToan2410" uid="7563149" lat="20.9857180" lon="105.7825463"/>
 <node id="9252435132" visible="true" version="1" changeset="113791434" timestamp="2021-11-15T07:30:01Z" user="DucToan2410" uid="7563149" lat="20.9857013" lon="105.7825913"/>
 <node id="9252435133" visible="true" version="1" changeset="113791434" timestamp="2021-11-15T07:30:01Z" user="DucToan2410" uid="7563149" lat="20.9857681" lon="105.7829282"/>
 <node id="9336181519" visible="true" version="2" changeset="153105689" timestamp="2024-06-24T10:37:33Z" user="openmap-vn" uid="21213273" lat="20.9857996" lon="105.7843791"/>
 <node id="9336181520" visible="true" version="2" changeset="153105689" timestamp="2024-06-24T10:37:33Z" user="openmap-vn" uid="21213273" lat="20.9857412" lon="105.7843059">
  <tag k="name" v="Số 6, Liền kề 6B, Nguyễn Văn Lộc, Hà Đông, Hà Nội"/>
  <tag k="source" v="Nhà Ở Ngay Hà Đông"/>
 </node>
 <node id="9336181521" visible="true" version="1" changeset="114904395" timestamp="2021-12-14T03:50:42Z" user="Quyen Hoang Bui" uid="14629289" lat="20.9857616" lon="105.7842254">
  <tag k="addr:city" v="Hà Nội"/>
  <tag k="addr:district" v="Hà Đông"/>
  <tag k="addr:housenumber" v="Số 6, LiềK 6B"/>
  <tag k="addr:postcode" v="100000"/>
  <tag k="addr:province" v="Hà Nội"/>
  <tag k="addr:street" v="Phố Nguyễn Văn Lộc"/>
  <tag k="addr:subdistrict" v="Mỗ Lao"/>
  <tag k="charge" v="VNĐ"/>
  <tag k="fixme" v="Bất Động Sản Nhà Ở Ngay Hà Đông"/>
  <tag k="name" v="Nhà Ở Ngay Hà Đông"/>
 </node>
 <node id="9571079707" visible="true" version="3" changeset="154092337" timestamp="2024-07-18T09:42:31Z" user="phoenixsaigon1698" uid="3323343" lat="20.9877540" lon="105.7860567"/>
 <node id="9571079708" visible="true" version="5" changeset="154092337" timestamp="2024-07-18T09:42:31Z" user="phoenixsaigon1698" uid="3323343" lat="20.9884960" lon="105.7838931"/>
 <node id="9571079709" visible="true" version="3" changeset="154092022" timestamp="2024-07-18T09:34:47Z" user="phoenixsaigon1698" uid="3323343" lat="20.9873853" lon="105.7841348">
  <tag k="highway" v="turning_circle"/>
 </node>
 <node id="9571079710" visible="true" version="3" changeset="154092022" timestamp="2024-07-18T09:34:47Z" user="phoenixsaigon1698" uid="3323343" lat="20.9882823" lon="105.7845314"/>
 <node id="9587375640" visible="true" version="2" changeset="156302063" timestamp="2024-09-07T07:55:32Z" user="Hung Tran 9x0" uid="20910140" lat="20.9869954" lon="105.7870089">
  <tag k="landuse" v="residential"/>
  <tag k="name" v="Chung cư Season Avenue"/>
  <tag k="residential" v="apartments"/>
 </node>
 <node id="10288525285" visible="true" version="1" changeset="130535343" timestamp="2022-12-27T00:17:33Z" user="Haris IRM-ED" uid="12027858" lat="20.9859968" lon="105.7863101"/>
 <node id="10288525286" visible="true" version="1" changeset="130535343" timestamp="2022-12-27T00:17:33Z" user="Haris IRM-ED" uid="12027858" lat="20.9858385" lon="105.7862438"/>
 <node id="10288525287" visible="true" version="1" changeset="130535343" timestamp="2022-12-27T00:17:33Z" user="Haris IRM-ED" uid="12027858" lat="20.9857953" lon="105.7862424"/>
 <node id="10965931530" visible="true" version="1" changeset="137147676" timestamp="2023-06-09T17:49:35Z" user="Trung Vũ" uid="19532183" lat="20.9861129" lon="105.7848904">
  <tag k="addr:city" v="Hà Nội"/>
  <tag k="addr:district" v="Hà Đông"/>
  <tag k="addr:housenumber" v="17"/>
  <tag k="addr:postcode" v="100000"/>
  <tag k="addr:province" v="Hà Nội"/>
  <tag k="addr:street" v="LK6D Làng Việt Kiều Châu Âu"/>
  <tag k="addr:subdistrict" v="Mỗ Lao"/>
  <tag k="amenity" v="cafe"/>
  <tag k="cuisine" v="coffee_shop"/>
  <tag k="internet_access" v="yes"/>
  <tag k="internet_access:fee" v="no"/>
  <tag k="name" v="TÁCH"/>
  <tag k="opening_hours" v="Mo-Su 7:30-22:30"/>
  <tag k="phone" v="+84962207896"/>
  <tag k="website" v="https://www.facebook.com/profile.php?id=100092026644171"/>
 </node>
 <node id="10979075516" visible="true" version="1" changeset="137375133" timestamp="2023-06-15T14:50:13Z" user="vietnam321" uid="11196308" lat="20.9865442" lon="105.7809180"/>
 <node id="10979075517" visible="true" version="1" changeset="137375133" timestamp="2023-06-15T14:50:13Z" user="vietnam321" uid="11196308" lat="20.9866118" lon="105.7809099"/>
 <node id="10979075518" visible="true" version="1" changeset="137375133" timestamp="2023-06-15T14:50:13Z" user="vietnam321" uid="11196308" lat="20.9869899" lon="105.7811111"/>
 <node id="10979075519" visible="true" version="1" changeset="137375133" timestamp="2023-06-15T14:50:13Z" user="vietnam321" uid="11196308" lat="20.9869098" lon="105.7814464"/>
 <node id="10979075520" visible="true" version="1" changeset="137375133" timestamp="2023-06-15T14:50:13Z" user="vietnam321" uid="11196308" lat="20.9875484" lon="105.7817816"/>
 <node id="10979075521" visible="true" version="1" changeset="137375133" timestamp="2023-06-15T14:50:13Z" user="vietnam321" uid="11196308" lat="20.9872954" lon="105.7822966"/>
 <node id="10979075522" visible="true" version="1" changeset="137375133" timestamp="2023-06-15T14:50:13Z" user="vietnam321" uid="11196308" lat="20.9872604" lon="105.7823395"/>
 <node id="10979075523" visible="true" version="1" changeset="137375133" timestamp="2023-06-15T14:50:13Z" user="vietnam321" uid="11196308" lat="20.9872228" lon="105.7823503"/>
 <node id="10979075524" visible="true" version="1" changeset="137375133" timestamp="2023-06-15T14:50:13Z" user="vietnam321" uid="11196308" lat="20.9871652" lon="105.7823422"/>
 <node id="10979075525" visible="true" version="1" changeset="137375133" timestamp="2023-06-15T14:50:13Z" user="vietnam321" uid="11196308" lat="20.9868246" lon="105.7821786"/>
 <node id="10979075526" visible="true" version="1" changeset="137375133" timestamp="2023-06-15T14:50:13Z" user="vietnam321" uid="11196308" lat="20.9867771" lon="105.7821223"/>
 <node id="10979075527" visible="true" version="1" changeset="137375133" timestamp="2023-06-15T14:50:13Z" user="vietnam321" uid="11196308" lat="20.9866894" lon="105.7820713"/>
 <node id="10979075528" visible="true" version="1" changeset="137375133" timestamp="2023-06-15T14:50:13Z" user="vietnam321" uid="11196308" lat="20.9866168" lon="105.7820525"/>
 <node id="10979075529" visible="true" version="1" changeset="137375133" timestamp="2023-06-15T14:50:13Z" user="vietnam321" uid="11196308" lat="20.9866118" lon="105.7820981"/>
 <node id="10979075530" visible="true" version="1" changeset="137375133" timestamp="2023-06-15T14:50:13Z" user="vietnam321" uid="11196308" lat="20.9863964" lon="105.7820525"/>
 <node id="10979075531" visible="true" version="1" changeset="137375133" timestamp="2023-06-15T14:50:13Z" user="vietnam321" uid="11196308" lat="20.9862537" lon="105.7820525"/>
 <node id="10979075532" visible="true" version="1" changeset="137375133" timestamp="2023-06-15T14:50:13Z" user="vietnam321" uid="11196308" lat="20.9861034" lon="105.7820794"/>
 <node id="10979075533" visible="true" version="1" changeset="137375133" timestamp="2023-06-15T14:50:13Z" user="vietnam321" uid="11196308" lat="20.9860633" lon="105.7820472"/>
 <node id="10979075534" visible="true" version="1" changeset="137375133" timestamp="2023-06-15T14:50:13Z" user="vietnam321" uid="11196308" lat="20.9860583" lon="105.7810360"/>
 <node id="10979075535" visible="true" version="1" changeset="137375133" timestamp="2023-06-15T14:50:13Z" user="vietnam321" uid="11196308" lat="20.9860959" lon="105.7809877"/>
 <node id="10979075536" visible="true" version="1" changeset="137375133" timestamp="2023-06-15T14:50:13Z" user="vietnam321" uid="11196308" lat="20.9864290" lon="105.7810011"/>
 <node id="10979075537" visible="true" version="1" changeset="137375133" timestamp="2023-06-15T14:50:13Z" user="vietnam321" uid="11196308" lat="20.9864214" lon="105.7809636"/>
 <node id="11093599122" visible="true" version="2" changeset="139569418" timestamp="2023-08-07T14:52:11Z" user="phoenixsaigon1698" uid="3323343" lat="20.9868325" lon="105.7843063"/>
 <node id="11093599123" visible="true" version="2" changeset="139569418" timestamp="2023-08-07T14:52:11Z" user="phoenixsaigon1698" uid="3323343" lat="20.9860584" lon="105.7863146"/>
 <node id="11093599124" visible="true" version="2" changeset="139569418" timestamp="2023-08-07T14:52:11Z" user="phoenixsaigon1698" uid="3323343" lat="20.9859547" lon="105.7867901"/>
 <node id="11093599125" visible="true" version="1" changeset="139520326" timestamp="2023-08-06T15:18:38Z" user="Hoàng Tuấn Việt" uid="13707170" lat="20.9859762" lon="105.7873100"/>
 <node id="11093599126" visible="true" version="2" changeset="139569418" timestamp="2023-08-07T14:52:11Z" user="phoenixsaigon1698" uid="3323343" lat="20.9864807" lon="105.7881639"/>
 <node id="11093599127" visible="true" version="1" changeset="139520326" timestamp="2023-08-06T15:18:38Z" user="Hoàng Tuấn Việt" uid="13707170" lat="20.9880076" lon="105.7820130"/>
 <node id="11093599128" visible="true" version="1" changeset="139520326" timestamp="2023-08-06T15:18:38Z" user="Hoàng Tuấn Việt" uid="13707170" lat="20.9875166" lon="105.7826911"/>
 <node id="11093599129" visible="true" version="1" changeset="139520326" timestamp="2023-08-06T15:18:38Z" user="Hoàng Tuấn Việt" uid="13707170" lat="20.9871748" lon="105.7832952"/>
 <node id="11093599130" visible="true" version="1" changeset="139520326" timestamp="2023-08-06T15:18:38Z" user="Hoàng Tuấn Việt" uid="13707170" lat="20.9870738" lon="105.7836958"/>
 <node id="11093599131" visible="true" version="1" changeset="139520326" timestamp="2023-08-06T15:18:38Z" user="Hoàng Tuấn Việt" uid="13707170" lat="20.9872760" lon="105.7839731"/>
 <node id="11093599132" visible="true" version="2" changeset="139569418" timestamp="2023-08-07T14:52:11Z" user="phoenixsaigon1698" uid="3323343" lat="20.9881959" lon="105.7844540"/>
 <node id="11093599133" visible="true" version="2" changeset="139569418" timestamp="2023-08-07T14:52:11Z" user="phoenixsaigon1698" uid="3323343" lat="20.9882535" lon="105.7844306"/>
 <node id="11093599135" visible="true" version="3" changeset="154092337" timestamp="2024-07-18T09:42:31Z" user="phoenixsaigon1698" uid="3323343" lat="20.9884380" lon="105.7860339"/>
 <node id="11093599136" visible="true" version="3" changeset="154092337" timestamp="2024-07-18T09:42:31Z" user="phoenixsaigon1698" uid="3323343" lat="20.9888820" lon="105.7852904"/>
 <node id="11093599139" visible="true" version="2" changeset="139569418" timestamp="2023-08-07T14:52:11Z" user="phoenixsaigon1698" uid="3323343" lat="20.9886388" lon="105.7851100"/>
 <node id="11093599147" visible="true" version="2" changeset="139569418" timestamp="2023-08-07T14:52:11Z" user="phoenixsaigon1698" uid="3323343" lat="20.9856433" lon="105.7864091"/>
 <node id="11097232942" visible="true" version="1" changeset="139569418" timestamp="2023-08-07T14:52:11Z" user="phoenixsaigon1698" uid="3323343" lat="20.9886629" lon="105.7814921"/>
 <node id="11097232943" visible="true" version="1" changeset="139569418" timestamp="2023-08-07T14:52:11Z" user="phoenixsaigon1698" uid="3323343" lat="20.9862953" lon="105.7879352"/>
 <node id="11097232944" visible="true" version="1" changeset="139569418" timestamp="2023-08-07T14:52:11Z" user="phoenixsaigon1698" uid="3323343" lat="20.9864116" lon="105.7874252"/>
 <node id="11097232945" visible="true" version="2" changeset="152578294" timestamp="2024-06-12T09:26:11Z" user="phoenixsaigon1698" uid="3323343" lat="20.9852567" lon="105.7897013"/>
 <node id="11097232946" visible="true" version="1" changeset="139569418" timestamp="2023-08-07T14:52:11Z" user="phoenixsaigon1698" uid="3323343" lat="20.9854652" lon="105.7874515"/>
 <node id="11097232947" visible="true" version="1" changeset="139569418" timestamp="2023-08-07T14:52:11Z" user="phoenixsaigon1698" uid="3323343" lat="20.9861411" lon="105.7851020"/>
 <node id="11097232948" visible="true" version="1" changeset="139569418" timestamp="2023-08-07T14:52:11Z" user="phoenixsaigon1698" uid="3323343" lat="20.9852574" lon="105.7910197"/>
 <node id="11238317483" visible="true" version="3" changeset="153507940" timestamp="2024-07-03T15:33:50Z" user="Hung Tran 9x0" uid="20910140" lat="20.9874021" lon="105.7858983"/>
 <node id="11238317484" visible="true" version="2" changeset="150436419" timestamp="2024-04-24T10:02:21Z" user="Grab_Cong" uid="18820325" lat="20.9876788" lon="105.7851122"/>
 <node id="11402515330" visible="true" version="1" changeset="144889286" timestamp="2023-12-08T06:29:14Z" user="ItsLouisAnderson" uid="11691953" lat="20.9851276" lon="105.7837171"/>
 <node id="11402515331" visible="true" version="1" changeset="144889286" timestamp="2023-12-08T06:29:14Z" user="ItsLouisAnderson" uid="11691953" lat="20.9848436" lon="105.7813342"/>
 <node id="11402515332" visible="true" version="1" changeset="144889286" timestamp="2023-12-08T06:29:14Z" user="ItsLouisAnderson" uid="11691953" lat="20.9847853" lon="105.7813303"/>
 <node id="11402515333" visible="true" version="1" changeset="144889286" timestamp="2023-12-08T06:29:14Z" user="ItsLouisAnderson" uid="11691953" lat="20.9837965" lon="105.7822043"/>
 <node id="11402515334" visible="true" version="1" changeset="144889286" timestamp="2023-12-08T06:29:14Z" user="ItsLouisAnderson" uid="11691953" lat="20.9837846" lon="105.7822834"/>
 <node id="11402515335" visible="true" version="1" changeset="144889286" timestamp="2023-12-08T06:29:14Z" user="ItsLouisAnderson" uid="11691953" lat="20.9843600" lon="105.7830132"/>
 <node id="11402515336" visible="true" version="1" changeset="144889286" timestamp="2023-12-08T06:29:14Z" user="ItsLouisAnderson" uid="11691953" lat="20.9844184" lon="105.7830107"/>
 <node id="11402515337" visible="true" version="1" changeset="144889286" timestamp="2023-12-08T06:29:14Z" user="ItsLouisAnderson" uid="11691953" lat="20.9852808" lon="105.7822502"/>
 <node id="11402515338" visible="true" version="1" changeset="144889286" timestamp="2023-12-08T06:29:14Z" user="ItsLouisAnderson" uid="11691953" lat="20.9853035" lon="105.7821979"/>
 <node id="11402515339" visible="true" version="1" changeset="144889286" timestamp="2023-12-08T06:29:14Z" user="ItsLouisAnderson" uid="11691953" lat="20.9852904" lon="105.7821010"/>
 <node id="11402515340" visible="true" version="1" changeset="144889286" timestamp="2023-12-08T06:29:14Z" user="ItsLouisAnderson" uid="11691953" lat="20.9849973" lon="105.7815574"/>
 <node id="11760572960" visible="true" version="1" changeset="149124691" timestamp="2024-03-25T10:50:21Z" user="eton-tech" uid="20033217" lat="20.9865496" lon="105.7828908">
  <tag k="addr:district" v="Quận Hà Đông"/>
  <tag k="addr:province" v="Thành phố Hà Nội"/>
  <tag k="addr:street" v="Lô 31 Khu A Trung Tâm Thương Mại TSQ,"/>
  <tag k="addr:subdistrict" v="Phường Mộ Lao"/>
  <tag k="name" v="Lô 31 Khu A Trung Tâm Thương Mại TSQ,"/>
 </node>
 <node id="11968177981" visible="true" version="1" changeset="152477693" timestamp="2024-06-10T04:18:06Z" user="vietnam321" uid="11196308" lat="20.9849982" lon="105.7835722"/>
 <node id="11968177982" visible="true" version="1" changeset="152477693" timestamp="2024-06-10T04:18:06Z" user="vietnam321" uid="11196308" lat="20.9849871" lon="105.7836010"/>
 <node id="11968177983" visible="true" version="1" changeset="152477693" timestamp="2024-06-10T04:18:06Z" user="vietnam321" uid="11196308" lat="20.9848697" lon="105.7835665"/>
 <node id="11968177984" visible="true" version="1" changeset="152477693" timestamp="2024-06-10T04:18:06Z" user="vietnam321" uid="11196308" lat="20.9848712" lon="105.7835455"/>
 <node id="11968177985" visible="true" version="1" changeset="152477693" timestamp="2024-06-10T04:18:06Z" user="vietnam321" uid="11196308" lat="20.9849040" lon="105.7834997"/>
 <node id="11968177986" visible="true" version="1" changeset="152477693" timestamp="2024-06-10T04:18:06Z" user="vietnam321" uid="11196308" lat="20.9848878" lon="105.7835127"/>
 <node id="11968177987" visible="true" version="1" changeset="152477693" timestamp="2024-06-10T04:18:06Z" user="vietnam321" uid="11196308" lat="20.9849392" lon="105.7836301"/>
 <node id="11968177988" visible="true" version="1" changeset="152477693" timestamp="2024-06-10T04:18:06Z" user="vietnam321" uid="11196308" lat="20.9849189" lon="105.7836283"/>
 <node id="11968177989" visible="true" version="1" changeset="152477693" timestamp="2024-06-10T04:18:06Z" user="vietnam321" uid="11196308" lat="20.9849001" lon="105.7836199"/>
 <node id="11968177990" visible="true" version="1" changeset="152477693" timestamp="2024-06-10T04:18:06Z" user="vietnam321" uid="11196308" lat="20.9848848" lon="105.7836057"/>
 <node id="11968177991" visible="true" version="1" changeset="152477693" timestamp="2024-06-10T04:18:06Z" user="vietnam321" uid="11196308" lat="20.9849398" lon="105.7834919"/>
 <node id="11968177992" visible="true" version="1" changeset="152477693" timestamp="2024-06-10T04:18:06Z" user="vietnam321" uid="11196308" lat="20.9854138" lon="105.7825136"/>
 <node id="11968177993" visible="true" version="1" changeset="152477693" timestamp="2024-06-10T04:18:06Z" user="vietnam321" uid="11196308" lat="20.9852159" lon="105.7826865"/>
 <node id="11968177994" visible="true" version="1" changeset="152477693" timestamp="2024-06-10T04:18:06Z" user="vietnam321" uid="11196308" lat="20.9851170" lon="105.7825566"/>
 <node id="11968177995" visible="true" version="1" changeset="152477693" timestamp="2024-06-10T04:18:06Z" user="vietnam321" uid="11196308" lat="20.9853149" lon="105.7823837"/>
 <node id="12006207830" visible="true" version="1" changeset="153105689" timestamp="2024-06-24T10:37:33Z" user="openmap-vn" uid="21213273" lat="20.9857752" lon="105.7812166"/>
 <node id="12006207831" visible="true" version="1" changeset="153105689" timestamp="2024-06-24T10:37:33Z" user="openmap-vn" uid="21213273" lat="20.9854703" lon="105.7810865"/>
 <node id="12006207832" visible="true" version="1" changeset="153105689" timestamp="2024-06-24T10:37:33Z" user="openmap-vn" uid="21213273" lat="20.9854290" lon="105.7810798"/>
 <node id="12006207833" visible="true" version="1" changeset="153105689" timestamp="2024-06-24T10:37:33Z" user="openmap-vn" uid="21213273" lat="20.9853188" lon="105.7811683"/>
 <node id="12006207834" visible="true" version="1" changeset="153105689" timestamp="2024-06-24T10:37:33Z" user="openmap-vn" uid="21213273" lat="20.9853176" lon="105.7812206"/>
 <node id="12006207835" visible="true" version="1" changeset="153105689" timestamp="2024-06-24T10:37:33Z" user="openmap-vn" uid="21213273" lat="20.9857521" lon="105.7817852"/>
 <node id="12006207836" visible="true" version="1" changeset="153105689" timestamp="2024-06-24T10:37:33Z" user="openmap-vn" uid="21213273" lat="20.9857809" lon="105.7817906"/>
 <node id="12006207837" visible="true" version="1" changeset="153105689" timestamp="2024-06-24T10:37:33Z" user="openmap-vn" uid="21213273" lat="20.9857746" lon="105.7811549"/>
 <node id="12006207838" visible="true" version="1" changeset="153105689" timestamp="2024-06-24T10:37:33Z" user="openmap-vn" uid="21213273" lat="20.9858667" lon="105.7808815"/>
 <node id="12031527440" visible="true" version="1" changeset="153508422" timestamp="2024-07-03T15:45:03Z" user="Hung Tran 9x0" uid="20910140" lat="20.9874999" lon="105.7847505"/>
 <node id="12031527441" visible="true" version="1" changeset="153508422" timestamp="2024-07-03T15:45:03Z" user="Hung Tran 9x0" uid="20910140" lat="20.9870492" lon="105.7858503"/>
 <node id="12031527442" visible="true" version="1" changeset="153508422" timestamp="2024-07-03T15:45:03Z" user="Hung Tran 9x0" uid="20910140" lat="20.9865020" lon="105.7874107"/>
 <node id="12031527443" visible="true" version="1" changeset="153508422" timestamp="2024-07-03T15:45:03Z" user="Hung Tran 9x0" uid="20910140" lat="20.9860825" lon="105.7873040"/>
 <node id="12031527444" visible="true" version="1" changeset="153508422" timestamp="2024-07-03T15:45:03Z" user="Hung Tran 9x0" uid="20910140" lat="20.9860098" lon="105.7871484"/>
 <node id="12031527445" visible="true" version="1" changeset="153508422" timestamp="2024-07-03T15:45:03Z" user="Hung Tran 9x0" uid="20910140" lat="20.9861224" lon="105.7863434"/>
 <node id="12031527446" visible="true" version="1" changeset="153508422" timestamp="2024-07-03T15:45:03Z" user="Hung Tran 9x0" uid="20910140" lat="20.9866034" lon="105.7851261"/>
 <node id="12031527447" visible="true" version="1" changeset="153508422" timestamp="2024-07-03T15:45:03Z" user="Hung Tran 9x0" uid="20910140" lat="20.9870341" lon="105.7841819"/>
 <node id="12060928383" visible="true" version="1" changeset="154092022" timestamp="2024-07-18T09:34:47Z" user="phoenixsaigon1698" uid="3323343" lat="20.9875889" lon="105.7853677"/>
 <node id="12060928388" visible="true" version="1" changeset="154092022" timestamp="2024-07-18T09:34:47Z" user="phoenixsaigon1698" uid="3323343" lat="20.9860058" lon="105.7827758"/>
 <node id="12060928389" visible="true" version="1" changeset="154092022" timestamp="2024-07-18T09:34:47Z" user="phoenixsaigon1698" uid="3323343" lat="20.9857420" lon="105.7830354"/>
 <node id="12060928390" visible="true" version="1" changeset="154092022" timestamp="2024-07-18T09:34:47Z" user="phoenixsaigon1698" uid="3323343" lat="20.9865093" lon="105.7839659"/>
 <node id="12060928391" visible="true" version="1" changeset="154092022" timestamp="2024-07-18T09:34:47Z" user="phoenixsaigon1698" uid="3323343" lat="20.9866678" lon="105.7835627"/>
 <node id="12060928395" visible="true" version="1" changeset="154092022" timestamp="2024-07-18T09:34:47Z" user="phoenixsaigon1698" uid="3323343" lat="20.9881321" lon="105.7814221"/>
 <node id="12060928396" visible="true" version="1" changeset="154092022" timestamp="2024-07-18T09:34:47Z" user="phoenixsaigon1698" uid="3323343" lat="20.9879009" lon="105.7819424"/>
 <node id="12060928397" visible="true" version="1" changeset="154092022" timestamp="2024-07-18T09:34:47Z" user="phoenixsaigon1698" uid="3323343" lat="20.9875062" lon="105.7825669"/>
 <node id="12060928398" visible="true" version="1" changeset="154092022" timestamp="2024-07-18T09:34:47Z" user="phoenixsaigon1698" uid="3323343" lat="20.9872831" lon="105.7824635"/>
 <node id="12060928399" visible="true" version="1" changeset="154092022" timestamp="2024-07-18T09:34:47Z" user="phoenixsaigon1698" uid="3323343" lat="20.9876705" lon="105.7817766"/>
 <node id="12060928400" visible="true" version="1" changeset="154092022" timestamp="2024-07-18T09:34:47Z" user="phoenixsaigon1698" uid="3323343" lat="20.9878725" lon="105.7813020"/>
 <node id="12060928401" visible="true" version="1" changeset="154092022" timestamp="2024-07-18T09:34:47Z" user="phoenixsaigon1698" uid="3323343" lat="20.9874704" lon="105.7826444"/>
 <node id="12060928402" visible="true" version="1" changeset="154092022" timestamp="2024-07-18T09:34:47Z" user="phoenixsaigon1698" uid="3323343" lat="20.9872664" lon="105.7825181"/>
 <node id="12060928403" visible="true" version="1" changeset="154092022" timestamp="2024-07-18T09:34:47Z" user="phoenixsaigon1698" uid="3323343" lat="20.9867472" lon="105.7835393"/>
 <node id="12060928404" visible="true" version="1" changeset="154092022" timestamp="2024-07-18T09:34:47Z" user="phoenixsaigon1698" uid="3323343" lat="20.9869554" lon="105.7837063"/>
 <node id="12060928405" visible="true" version="1" changeset="154092022" timestamp="2024-07-18T09:34:47Z" user="phoenixsaigon1698" uid="3323343" lat="20.9871451" lon="105.7831741"/>
 <node id="12060941984" visible="true" version="1" changeset="154092337" timestamp="2024-07-18T09:42:31Z" user="phoenixsaigon1698" uid="3323343" lat="20.9854802" lon="105.7853391"/>
 <node id="12068431563" visible="true" version="1" changeset="154271474" timestamp="2024-07-22T16:33:31Z" user="Hung Tran 9x0" uid="20910140" lat="20.9845322" lon="105.7873018">
  <tag k="addr:city" v="Phường Mộ Lao"/>
  <tag k="addr:district" v="Quận Hà Đông"/>
  <tag k="addr:housenumber" v="88"/>
  <tag k="addr:province" v="Thành phố Hà Nội"/>
  <tag k="addr:street" v="Phố Nguyễn Văn Lộc"/>
  <tag k="addr:subdistrict" v="Phường Mộ Lao"/>
  <tag k="brand" v="WinMart+"/>
  <tag k="brand:wikidata" v="Q113236478"/>
  <tag k="name" v="WinMart+"/>
  <tag k="shop" v="convenience"/>
 </node>
 <node id="12121728911" visible="true" version="1" changeset="155495613" timestamp="2024-08-20T08:16:12Z" user="phoenixsaigon1698" uid="3323343" lat="20.9868877" lon="105.7822967"/>
 <node id="12589868525" visible="true" version="1" changeset="162531863" timestamp="2025-02-15T10:57:47Z" user="ItsLouisAnderson" uid="11691953" lat="20.9873558" lon="105.7817736"/>
 <node id="12589868526" visible="true" version="1" changeset="162531863" timestamp="2025-02-15T10:57:47Z" user="ItsLouisAnderson" uid="11691953" lat="20.9871885" lon="105.7816899"/>
 <node id="12589868527" visible="true" version="1" changeset="162531863" timestamp="2025-02-15T10:57:47Z" user="ItsLouisAnderson" uid="11691953" lat="20.9870548" lon="105.7816267"/>
 <node id="12589868528" visible="true" version="1" changeset="162531863" timestamp="2025-02-15T10:57:47Z" user="ItsLouisAnderson" uid="11691953" lat="20.9869461" lon="105.7815848"/>
 <node id="12589868529" visible="true" version="1" changeset="162531863" timestamp="2025-02-15T10:57:47Z" user="ItsLouisAnderson" uid="11691953" lat="20.9868289" lon="105.7815515"/>
 <node id="12589868530" visible="true" version="1" changeset="162531863" timestamp="2025-02-15T10:57:47Z" user="ItsLouisAnderson" uid="11691953" lat="20.9869060" lon="105.7811663"/>
 <node id="12589868531" visible="true" version="1" changeset="162531863" timestamp="2025-02-15T10:57:47Z" user="ItsLouisAnderson" uid="11691953" lat="20.9868212" lon="105.7811474"/>
 <node id="12589868532" visible="true" version="1" changeset="162531863" timestamp="2025-02-15T10:57:47Z" user="ItsLouisAnderson" uid="11691953" lat="20.9868069" lon="105.7812188"/>
 <node id="12589868533" visible="true" version="1" changeset="162531863" timestamp="2025-02-15T10:57:47Z" user="ItsLouisAnderson" uid="11691953" lat="20.9867631" lon="105.7812102"/>
 <node id="12589868534" visible="true" version="1" changeset="162531863" timestamp="2025-02-15T10:57:47Z" user="ItsLouisAnderson" uid="11691953" lat="20.9867683" lon="105.7810777"/>
 <node id="12589868535" visible="true" version="1" changeset="162531863" timestamp="2025-02-15T10:57:47Z" user="ItsLouisAnderson" uid="11691953" lat="20.9866780" lon="105.7810784"/>
 <node id="12589868536" visible="true" version="1" changeset="162531863" timestamp="2025-02-15T10:57:47Z" user="ItsLouisAnderson" uid="11691953" lat="20.9866786" lon="105.7815282"/>
 <node id="12589868537" visible="true" version="1" changeset="162531863" timestamp="2025-02-15T10:57:47Z" user="ItsLouisAnderson" uid="11691953" lat="20.9866107" lon="105.7815208"/>
 <node id="12589868538" visible="true" version="1" changeset="162531863" timestamp="2025-02-15T10:57:47Z" user="ItsLouisAnderson" uid="11691953" lat="20.9865448" lon="105.7815131"/>
 <node id="12589868539" visible="true" version="1" changeset="162531863" timestamp="2025-02-15T10:57:47Z" user="ItsLouisAnderson" uid="11691953" lat="20.9865491" lon="105.7811036"/>
 <node id="12589868540" visible="true" version="1" changeset="162531863" timestamp="2025-02-15T10:57:47Z" user="ItsLouisAnderson" uid="11691953" lat="20.9864624" lon="105.7811026"/>
 <node id="12589868541" visible="true" version="1" changeset="162531863" timestamp="2025-02-15T10:57:47Z" user="ItsLouisAnderson" uid="11691953" lat="20.9864617" lon="105.7811653"/>
 <node id="12589868542" visible="true" version="1" changeset="162531863" timestamp="2025-02-15T10:57:47Z" user="ItsLouisAnderson" uid="11691953" lat="20.9864134" lon="105.7811647"/>
 <node id="12589868543" visible="true" version="1" changeset="162531863" timestamp="2025-02-15T10:57:47Z" user="ItsLouisAnderson" uid="11691953" lat="20.9864099" lon="105.7815115"/>
 <node id="12589868544" visible="true" version="1" changeset="162531863" timestamp="2025-02-15T10:57:47Z" user="ItsLouisAnderson" uid="11691953" lat="20.9862571" lon="105.7815093"/>
 <node id="12589868545" visible="true" version="1" changeset="162531863" timestamp="2025-02-15T10:57:47Z" user="ItsLouisAnderson" uid="11691953" lat="20.9862596" lon="105.7811610"/>
 <node id="12589868546" visible="true" version="1" changeset="162531863" timestamp="2025-02-15T10:57:47Z" user="ItsLouisAnderson" uid="11691953" lat="20.9862008" lon="105.7811605"/>
 <node id="12589868547" visible="true" version="1" changeset="162531863" timestamp="2025-02-15T10:57:47Z" user="ItsLouisAnderson" uid="11691953" lat="20.9862014" lon="105.7810909"/>
 <node id="12589868548" visible="true" version="1" changeset="162531863" timestamp="2025-02-15T10:57:47Z" user="ItsLouisAnderson" uid="11691953" lat="20.9861183" lon="105.7810903"/>
 <node id="12589868549" visible="true" version="1" changeset="162531863" timestamp="2025-02-15T10:57:47Z" user="ItsLouisAnderson" uid="11691953" lat="20.9861153" lon="105.7815082"/>
 <node id="12589868550" visible="true" version="1" changeset="162531863" timestamp="2025-02-15T10:57:47Z" user="ItsLouisAnderson" uid="11691953" lat="20.9861646" lon="105.7815086"/>
 <node id="12589868551" visible="true" version="1" changeset="162531863" timestamp="2025-02-15T10:57:47Z" user="ItsLouisAnderson" uid="11691953" lat="20.9861641" lon="105.7815848"/>
 <node id="12589868552" visible="true" version="1" changeset="162531863" timestamp="2025-02-15T10:57:47Z" user="ItsLouisAnderson" uid="11691953" lat="20.9862458" lon="105.7815792"/>
 <node id="12589868553" visible="true" version="1" changeset="162531863" timestamp="2025-02-15T10:57:47Z" user="ItsLouisAnderson" uid="11691953" lat="20.9863352" lon="105.7815785"/>
 <node id="12589868554" visible="true" version="1" changeset="162531863" timestamp="2025-02-15T10:57:47Z" user="ItsLouisAnderson" uid="11691953" lat="20.9864134" lon="105.7815825"/>
 <node id="12589868555" visible="true" version="1" changeset="162531863" timestamp="2025-02-15T10:57:47Z" user="ItsLouisAnderson" uid="11691953" lat="20.9864976" lon="105.7815931"/>
 <node id="12589868556" visible="true" version="1" changeset="162531863" timestamp="2025-02-15T10:57:47Z" user="ItsLouisAnderson" uid="11691953" lat="20.9865925" lon="105.7816134"/>
 <node id="12589868557" visible="true" version="1" changeset="162531863" timestamp="2025-02-15T10:57:47Z" user="ItsLouisAnderson" uid="11691953" lat="20.9867095" lon="105.7816505"/>
 <node id="12589868558" visible="true" version="1" changeset="162531863" timestamp="2025-02-15T10:57:47Z" user="ItsLouisAnderson" uid="11691953" lat="20.9867983" lon="105.7816895"/>
 <node id="12589868559" visible="true" version="1" changeset="162531863" timestamp="2025-02-15T10:57:47Z" user="ItsLouisAnderson" uid="11691953" lat="20.9868882" lon="105.7817395"/>
 <node id="12589868560" visible="true" version="1" changeset="162531863" timestamp="2025-02-15T10:57:47Z" user="ItsLouisAnderson" uid="11691953" lat="20.9872679" lon="105.7819762"/>
 <node id="12589868561" visible="true" version="1" changeset="162531863" timestamp="2025-02-15T10:57:47Z" user="ItsLouisAnderson" uid="11691953" lat="20.9866338" lon="105.7816450"/>
 <node id="12589868562" visible="true" version="1" changeset="162531863" timestamp="2025-02-15T10:57:47Z" user="ItsLouisAnderson" uid="11691953" lat="20.9861470" lon="105.7816409"/>
 <node id="12589868563" visible="true" version="1" changeset="162531863" timestamp="2025-02-15T10:57:47Z" user="ItsLouisAnderson" uid="11691953" lat="20.9861445" lon="105.7819841"/>
 <node id="12589868564" visible="true" version="1" changeset="162531863" timestamp="2025-02-15T10:57:47Z" user="ItsLouisAnderson" uid="11691953" lat="20.9866313" lon="105.7819882"/>
 <node id="12589868565" visible="true" version="1" changeset="162531863" timestamp="2025-02-15T10:57:47Z" user="ItsLouisAnderson" uid="11691953" lat="20.9871629" lon="105.7820118"/>
 <node id="12589868566" visible="true" version="1" changeset="162531863" timestamp="2025-02-15T10:57:47Z" user="ItsLouisAnderson" uid="11691953" lat="20.9871198" lon="105.7819280"/>
 <node id="12589868567" visible="true" version="1" changeset="162531863" timestamp="2025-02-15T10:57:47Z" user="ItsLouisAnderson" uid="11691953" lat="20.9870738" lon="105.7818861"/>
 <node id="12589868568" visible="true" version="1" changeset="162531863" timestamp="2025-02-15T10:57:47Z" user="ItsLouisAnderson" uid="11691953" lat="20.9870214" lon="105.7818608"/>
 <node id="12589868569" visible="true" version="1" changeset="162531863" timestamp="2025-02-15T10:57:47Z" user="ItsLouisAnderson" uid="11691953" lat="20.9869644" lon="105.7818423"/>
 <node id="12589868570" visible="true" version="1" changeset="162531863" timestamp="2025-02-15T10:57:47Z" user="ItsLouisAnderson" uid="11691953" lat="20.9869144" lon="105.7818460"/>
 <node id="12589868571" visible="true" version="1" changeset="162531863" timestamp="2025-02-15T10:57:47Z" user="ItsLouisAnderson" uid="11691953" lat="20.9868592" lon="105.7818700"/>
 <node id="12589868572" visible="true" version="1" changeset="162531863" timestamp="2025-02-15T10:57:47Z" user="ItsLouisAnderson" uid="11691953" lat="20.9868258" lon="105.7819052"/>
 <node id="12589868573" visible="true" version="1" changeset="162531863" timestamp="2025-02-15T10:57:47Z" user="ItsLouisAnderson" uid="11691953" lat="20.9868126" lon="105.7819514"/>
 <node id="12589868574" visible="true" version="1" changeset="162531863" timestamp="2025-02-15T10:57:47Z" user="ItsLouisAnderson" uid="11691953" lat="20.9868143" lon="105.7819933"/>
 <node id="12589868575" visible="true" version="1" changeset="162531863" timestamp="2025-02-15T10:57:47Z" user="ItsLouisAnderson" uid="11691953" lat="20.9868396" lon="105.7820475"/>
 <node id="12589868576" visible="true" version="1" changeset="162531863" timestamp="2025-02-15T10:57:47Z" user="ItsLouisAnderson" uid="11691953" lat="20.9868758" lon="105.7820913"/>
 <node id="12589868577" visible="true" version="1" changeset="162531863" timestamp="2025-02-15T10:57:47Z" user="ItsLouisAnderson" uid="11691953" lat="20.9869213" lon="105.7821245"/>
 <node id="12589868578" visible="true" version="1" changeset="162531863" timestamp="2025-02-15T10:57:47Z" user="ItsLouisAnderson" uid="11691953" lat="20.9869673" lon="105.7821467"/>
 <node id="12589868579" visible="true" version="1" changeset="162531863" timestamp="2025-02-15T10:57:47Z" user="ItsLouisAnderson" uid="11691953" lat="20.9870243" lon="105.7821566"/>
 <node id="12589868580" visible="true" version="1" changeset="162531863" timestamp="2025-02-15T10:57:47Z" user="ItsLouisAnderson" uid="11691953" lat="20.9871008" lon="105.7821473"/>
 <node id="12589868581" visible="true" version="1" changeset="162531863" timestamp="2025-02-15T10:57:47Z" user="ItsLouisAnderson" uid="11691953" lat="20.9871431" lon="105.7819662"/>
 <node id="12655151635" visible="true" version="2" changeset="163511054" timestamp="2025-03-12T04:49:05Z" user="Hung Tran 9x0" uid="20910140" lat="20.9850876" lon="105.7840705">
  <tag k="addr:street" v="Ngõ 27 Nguyễn Văn Lộc"/>
  <tag k="name" v="Dãy 16B1 Làng Việt Kiều Châu Âu (1 - 34)"/>
 </node>
 <node id="12712852542" visible="true" version="2" changeset="164466222" timestamp="2025-04-03T13:46:31Z" user="ZioDragon" uid="13799024" lat="20.9852907" lon="105.7816939"/>
 <node id="12712852577" visible="true" version="2" changeset="167039277" timestamp="2025-06-01T08:21:30Z" user="Hung Tran 9x0" uid="20910140" lat="20.9857795" lon="105.7823715"/>
 <node id="12725862761" visible="true" version="3" changeset="167515746" timestamp="2025-06-12T04:16:12Z" user="phoenixsaigon1698" uid="3323343" lat="20.9856531" lon="105.7825051"/>
 <node id="12725862762" visible="true" version="4" changeset="168291072" timestamp="2025-06-30T04:55:49Z" user="Hung Tran 9x0" uid="20910140" lat="20.9856633" lon="105.7824165"/>
 <node id="12725862763" visible="true" version="2" changeset="167039277" timestamp="2025-06-01T08:21:30Z" user="Hung Tran 9x0" uid="20910140" lat="20.9856326" lon="105.7821831"/>
 <node id="12725862765" visible="true" version="1" changeset="164466222" timestamp="2025-04-03T13:46:31Z" user="ZioDragon" uid="13799024" lat="20.9848716" lon="105.7811329"/>
 <node id="12725862767" visible="true" version="2" changeset="167515746" timestamp="2025-06-12T04:16:12Z" user="phoenixsaigon1698" uid="3323343" lat="20.9853905" lon="105.7819942"/>
 <node id="12725862768" visible="true" version="1" changeset="164466222" timestamp="2025-04-03T13:46:31Z" user="ZioDragon" uid="13799024" lat="20.9852327" lon="105.7817288"/>
 <node id="12725862770" visible="true" version="2" changeset="167515746" timestamp="2025-06-12T04:16:12Z" user="phoenixsaigon1698" uid="3323343" lat="20.9855693" lon="105.7824469"/>
 <node id="12725862771" visible="true" version="2" changeset="167515746" timestamp="2025-06-12T04:16:12Z" user="phoenixsaigon1698" uid="3323343" lat="20.9855948" lon="105.7826269"/>
 <node id="12725862781" visible="true" version="2" changeset="167039277" timestamp="2025-06-01T08:21:30Z" user="Hung Tran 9x0" uid="20910140" lat="20.9855483" lon="105.7823223"/>
 <node id="12787551258" visible="true" version="2" changeset="168028716" timestamp="2025-06-24T04:12:27Z" user="Tewuzij" uid="16194143" lat="20.9850298" lon="105.7862992">
  <tag k="amenity" v="atm"/>
  <tag k="brand" v="TPBank"/>
  <tag k="brand:wikidata" v="Q7801033"/>
  <tag k="cash_in" v="yes"/>
  <tag k="name" v="TPBank LiveBank 24/7"/>
  <tag k="operator" v="TPBank"/>
  <tag k="operator:wikidata" v="Q7801033"/>
 </node>
 <node id="12821471688" visible="true" version="1" changeset="166008310" timestamp="2025-05-09T02:28:30Z" user="eton-tech" uid="20033217" lat="20.9855388" lon="105.7848196">
  <tag k="addr:district" v="Quận Hà Đông"/>
  <tag k="addr:province" v="Thành phố Hà Nội"/>
  <tag k="addr:street" v="Công An"/>
  <tag k="addr:subdistrict" v="Phường Mộ Lao"/>
  <tag k="name" v="Công An"/>
 </node>
 <node id="12857868356" visible="true" version="1" changeset="166661903" timestamp="2025-05-23T15:19:36Z" user="Hung Tran 9x0" uid="20910140" lat="20.9861600" lon="105.7825840">
  <tag k="amenity" v="atm"/>
  <tag k="brand" v="VPBank"/>
  <tag k="brand:wikidata" v="Q20025914"/>
  <tag k="cash_in" v="yes"/>
  <tag k="name" v="VPBank CDM"/>
  <tag k="operator" v="VPBank"/>
  <tag k="operator:wikidata" v="Q20025914"/>
 </node>
 <node id="12878602007" visible="true" version="1" changeset="167039277" timestamp="2025-06-01T08:21:30Z" user="Hung Tran 9x0" uid="20910140" lat="20.9858863" lon="105.7822347"/>
 <node id="12878602008" visible="true" version="1" changeset="167039277" timestamp="2025-06-01T08:21:30Z" user="Hung Tran 9x0" uid="20910140" lat="20.9858714" lon="105.7822819"/>
 <node id="12878602009" visible="true" version="1" changeset="167039277" timestamp="2025-06-01T08:21:30Z" user="Hung Tran 9x0" uid="20910140" lat="20.9858382" lon="105.7822322"/>
 <node id="12878602010" visible="true" version="1" changeset="167039277" timestamp="2025-06-01T08:21:30Z" user="Hung Tran 9x0" uid="20910140" lat="20.9855356" lon="105.7820443"/>
 <node id="12878602014" visible="true" version="1" changeset="167039277" timestamp="2025-06-01T08:21:30Z" user="Hung Tran 9x0" uid="20910140" lat="20.9857538" lon="105.7823938"/>
 <node id="12878602015" visible="true" version="2" changeset="167378730" timestamp="2025-06-09T05:24:51Z" user="Hung Tran 9x0" uid="20910140" lat="20.9860077" lon="105.7826783"/>
 <node id="12878602020" visible="true" version="1" changeset="167039277" timestamp="2025-06-01T08:21:30Z" user="Hung Tran 9x0" uid="20910140" lat="20.9858177" lon="105.7824726"/>
 <node id="12898626288" visible="true" version="1" changeset="167378730" timestamp="2025-06-09T05:24:51Z" user="Hung Tran 9x0" uid="20910140" lat="20.9859764" lon="105.7826656"/>
 <node id="12908782869" visible="true" version="1" changeset="167515746" timestamp="2025-06-12T04:16:12Z" user="phoenixsaigon1698" uid="3323343" lat="20.9853116" lon="105.7822628"/>
 <node id="12908782870" visible="true" version="2" changeset="168291072" timestamp="2025-06-30T04:55:49Z" user="Hung Tran 9x0" uid="20910140" lat="20.9856898" lon="105.7824162"/>
 <node id="12908782871" visible="true" version="1" changeset="167515746" timestamp="2025-06-12T04:16:12Z" user="phoenixsaigon1698" uid="3323343" lat="20.9856167" lon="105.7827573"/>
 <node id="12963712967" visible="true" version="1" changeset="168291072" timestamp="2025-06-30T04:55:49Z" user="Hung Tran 9x0" uid="20910140" lat="20.9854975" lon="105.7819923"/>
 <node id="12963712968" visible="true" version="1" changeset="168291072" timestamp="2025-06-30T04:55:49Z" user="Hung Tran 9x0" uid="20910140" lat="20.9854189" lon="105.7820523"/>
 <node id="12963712969" visible="true" version="1" changeset="168291072" timestamp="2025-06-30T04:55:49Z" user="Hung Tran 9x0" uid="20910140" lat="20.9855797" lon="105.7823532"/>
 <node id="12963712970" visible="true" version="1" changeset="168291072" timestamp="2025-06-30T04:55:49Z" user="Hung Tran 9x0" uid="20910140" lat="20.9856270" lon="105.7823963"/>
 <node id="12963712971" visible="true" version="1" changeset="168291072" timestamp="2025-06-30T04:55:49Z" user="Hung Tran 9x0" uid="20910140" lat="20.9856072" lon="105.7823806"/>
 <node id="12963712972" visible="true" version="1" changeset="168291072" timestamp="2025-06-30T04:55:49Z" user="Hung Tran 9x0" uid="20910140" lat="20.9857235" lon="105.7824088"/>
 <node id="13055800185" visible="true" version="1" changeset="170094117" timestamp="2025-08-07T08:40:18Z" user="AndjelaS" uid="8951082" lat="20.9868250" lon="105.7838937"/>
 <node id="13174871083" visible="true" version="1" changeset="172511289" timestamp="2025-09-27T06:13:12Z" user="vietnam321" uid="11196308" lat="20.9889682" lon="105.7843141"/>
 <way id="208657278" visible="true" version="3" changeset="44071106" timestamp="2016-11-30T22:00:25Z" user="Семён Семёнов" uid="706587">
  <nd ref="2189336916"/>
  <nd ref="2189337163"/>
  <nd ref="2189337159"/>
  <nd ref="3815208327"/>
  <nd ref="2189337193"/>
  <nd ref="2189336916"/>
  <tag k="natural" v="water"/>
 </way>
 <way id="208657314" visible="true" version="4" changeset="154092022" timestamp="2024-07-18T09:34:47Z" user="phoenixsaigon1698" uid="3323343">
  <nd ref="2189337133"/>
  <nd ref="9336181519"/>
  <nd ref="9336181520"/>
  <nd ref="2189337136"/>
  <tag k="highway" v="residential"/>
 </way>
 <way id="208657315" visible="true" version="4" changeset="178325826" timestamp="2026-02-09T18:48:23Z" user="HoangQuanHDFPV" uid="22644759">
  <nd ref="2189336932"/>
  <nd ref="2189337138"/>
  <tag k="highway" v="residential"/>
  <tag k="name" v="LK6C"/>
 </way>
 <way id="208657322" visible="true" version="8" changeset="178325826" timestamp="2026-02-09T18:48:23Z" user="HoangQuanHDFPV" uid="22644759">
  <nd ref="2189337194"/>
  <nd ref="2189337200"/>
  <tag k="highway" v="residential"/>
  <tag k="name" v="Ngõ Dâu"/>
 </way>
 <way id="208657335" visible="true" version="5" changeset="178325826" timestamp="2026-02-09T18:48:23Z" user="HoangQuanHDFPV" uid="22644759">
  <nd ref="2189337141"/>
  <nd ref="2189336895"/>
  <tag k="highway" v="residential"/>
  <tag k="name" v="LK6B"/>
 </way>
 <way id="208657340" visible="true" version="5" changeset="136111199" timestamp="2023-05-15T07:01:51Z" user="Hoàng Tuấn Việt" uid="13707170">
  <nd ref="2189336878"/>
  <nd ref="2189337185"/>
  <nd ref="2189337150"/>
  <nd ref="2189336881"/>
  <nd ref="7190559223"/>
  <nd ref="2189336874"/>
  <tag k="highway" v="service"/>
 </way>
 <way id="208657344" visible="true" version="6" changeset="178325826" timestamp="2026-02-09T18:48:23Z" user="HoangQuanHDFPV" uid="22644759">
  <nd ref="2189336883"/>
  <nd ref="2189336902"/>
  <nd ref="5710058449"/>
  <nd ref="2189336930"/>
  <tag k="highway" v="residential"/>
  <tag k="name" v="16B1"/>
 </way>
 <way id="208657353" visible="true" version="9" changeset="178325826" timestamp="2026-02-09T18:48:23Z" user="HoangQuanHDFPV" uid="22644759">
  <nd ref="2189337165"/>
  <nd ref="2189336895"/>
  <nd ref="2189337138"/>
  <nd ref="2189337133"/>
  <nd ref="2189336888"/>
  <nd ref="2189336890"/>
  <nd ref="2189336923"/>
  <nd ref="2189337097"/>
  <nd ref="2189337102"/>
  <tag k="highway" v="residential"/>
  <tag k="name" v="LK6A"/>
 </way>
 <way id="208657355" visible="true" version="5" changeset="167515746" timestamp="2025-06-12T04:16:12Z" user="phoenixsaigon1698" uid="3323343">
  <nd ref="2189336936"/>
  <nd ref="12908782869"/>
  <nd ref="2189336902"/>
  <tag k="highway" v="residential"/>
 </way>
 <way id="377599251" visible="true" version="1" changeset="34969656" timestamp="2015-10-30T10:53:30Z" user="Yevgeny Pi" uid="440914">
  <nd ref="3809778688"/>
  <nd ref="3809778689"/>
  <nd ref="3809778690"/>
  <nd ref="3809778691"/>
  <nd ref="3809778692"/>
  <nd ref="3809778693"/>
  <nd ref="3809778694"/>
  <nd ref="3809778695"/>
  <nd ref="3809778696"/>
  <nd ref="3809778697"/>
  <nd ref="3809778698"/>
  <nd ref="3809778699"/>
  <nd ref="3809778700"/>
  <nd ref="3809778701"/>
  <nd ref="3809778702"/>
  <nd ref="3809778703"/>
  <nd ref="3809778704"/>
  <nd ref="3809778705"/>
  <nd ref="3809778706"/>
  <nd ref="3809778707"/>
  <nd ref="3809778708"/>
  <nd ref="3809778709"/>
  <nd ref="3809778710"/>
  <nd ref="3809778711"/>
  <nd ref="3809778712"/>
  <nd ref="3809778713"/>
  <nd ref="3809778714"/>
  <nd ref="3809778715"/>
  <nd ref="3809778716"/>
  <nd ref="3809778717"/>
  <nd ref="3809778718"/>
  <nd ref="3809778719"/>
  <nd ref="3809778720"/>
  <nd ref="3809778721"/>
  <nd ref="3809778722"/>
  <nd ref="3809778723"/>
  <nd ref="3809778724"/>
  <nd ref="3809778725"/>
  <nd ref="3809778726"/>
  <nd ref="3809778727"/>
  <nd ref="3809778688"/>
  <tag k="natural" v="water"/>
  <tag k="water" v="lake"/>
 </way>
 <way id="378105710" visible="true" version="1" changeset="35051216" timestamp="2015-11-03T08:55:15Z" user="Yevgeny Pi" uid="440914">
  <nd ref="2189337193"/>
  <nd ref="3815208322"/>
  <nd ref="3815208323"/>
  <nd ref="3815208324"/>
  <nd ref="3815208325"/>
  <nd ref="3815208326"/>
  <nd ref="2189337159"/>
  <nd ref="3815208327"/>
  <nd ref="2189337193"/>
  <tag k="natural" v="water"/>
  <tag k="water" v="lake"/>
 </way>
 <way id="378105791" visible="true" version="2" changeset="130535343" timestamp="2022-12-27T00:17:33Z" user="Haris IRM-ED" uid="12027858">
  <nd ref="3815208473"/>
  <nd ref="10288525287"/>
  <nd ref="10288525286"/>
  <nd ref="10288525285"/>
  <nd ref="3815208474"/>
  <nd ref="3815208475"/>
  <nd ref="3815208476"/>
  <nd ref="3815208477"/>
  <nd ref="3815208478"/>
  <nd ref="3815208479"/>
  <nd ref="3815208480"/>
  <nd ref="3815208481"/>
  <nd ref="3815208482"/>
  <nd ref="3815208483"/>
  <nd ref="3815208484"/>
  <nd ref="3815208485"/>
  <nd ref="3815208486"/>
  <nd ref="3815208473"/>
  <tag k="natural" v="water"/>
  <tag k="water" v="lake"/>
 </way>
 <way id="378697599" visible="true" version="6" changeset="178325826" timestamp="2026-02-09T18:48:23Z" user="HoangQuanHDFPV" uid="22644759">
  <nd ref="4736515098"/>
  <nd ref="4740642392"/>
  <nd ref="3821180082"/>
  <tag k="highway" v="residential"/>
 </way>
 <way id="457932516" visible="true" version="9" changeset="178325826" timestamp="2026-02-09T18:48:23Z" user="HoangQuanHDFPV" uid="22644759">
  <nd ref="2189337165"/>
  <nd ref="5707271718"/>
  <nd ref="5710056502"/>
  <nd ref="2189337199"/>
  <tag k="highway" v="residential"/>
  <tag k="name" v="Đường vào Mulberry"/>
 </way>
 <way id="480685025" visible="true" version="5" changeset="154092337" timestamp="2024-07-18T09:42:31Z" user="phoenixsaigon1698" uid="3323343">
  <nd ref="4740642392"/>
  <nd ref="4736515100"/>
  <tag k="highway" v="service"/>
  <tag k="motorcar" v="no"/>
  <tag k="motorcycle" v="yes"/>
  <tag k="service" v="alley"/>
 </way>
 <way id="481119279" visible="true" version="4" changeset="178325826" timestamp="2026-02-09T18:48:23Z" user="HoangQuanHDFPV" uid="22644759">
  <nd ref="3821178988"/>
  <nd ref="4740642391"/>
  <nd ref="4736515098"/>
  <tag k="highway" v="residential"/>
  <tag k="name" v="LK6B"/>
 </way>
 <way id="600057060" visible="true" version="5" changeset="178325826" timestamp="2026-02-09T18:48:23Z" user="HoangQuanHDFPV" uid="22644759">
  <nd ref="5707272826"/>
  <nd ref="5707272823"/>
  <nd ref="5707272822"/>
  <nd ref="5707272821"/>
  <nd ref="5707271720"/>
  <nd ref="5707271719"/>
  <nd ref="5707271718"/>
  <tag k="highway" v="residential"/>
  <tag k="name" v="LK11A"/>
 </way>
 <way id="600057061" visible="true" version="6" changeset="178325826" timestamp="2026-02-09T18:48:23Z" user="HoangQuanHDFPV" uid="22644759">
  <nd ref="8336906299"/>
  <nd ref="5707272824"/>
  <nd ref="5707272826"/>
  <tag k="highway" v="residential"/>
  <tag k="name" v="LK11B"/>
 </way>
 <way id="600057062" visible="true" version="6" changeset="178325826" timestamp="2026-02-09T18:48:23Z" user="HoangQuanHDFPV" uid="22644759">
  <nd ref="2189337183"/>
  <nd ref="5707272830"/>
  <nd ref="5707272829"/>
  <nd ref="5707272828"/>
  <nd ref="12121728911"/>
  <nd ref="2189337108"/>
  <nd ref="5707272826"/>
  <tag k="highway" v="residential"/>
 </way>
 <way id="600075790" visible="true" version="5" changeset="167039277" timestamp="2025-06-01T08:21:30Z" user="Hung Tran 9x0" uid="20910140">
  <nd ref="5707272830"/>
  <nd ref="12878602007"/>
  <tag k="highway" v="residential"/>
 </way>
 <way id="600505997" visible="true" version="3" changeset="154092337" timestamp="2024-07-18T09:42:31Z" user="phoenixsaigon1698" uid="3323343">
  <nd ref="5710058438"/>
  <nd ref="4736515098"/>
  <tag k="highway" v="service"/>
 </way>
 <way id="600508979" visible="true" version="11" changeset="178325826" timestamp="2026-02-09T18:48:23Z" user="HoangQuanHDFPV" uid="22644759">
  <nd ref="8336963141"/>
  <nd ref="2189337165"/>
  <tag k="highway" v="residential"/>
  <tag k="name" v="LK6A"/>
 </way>
 <way id="675318731" visible="true" version="2" changeset="136111199" timestamp="2023-05-15T07:01:51Z" user="Hoàng Tuấn Việt" uid="13707170">
  <nd ref="2189337143"/>
  <nd ref="2189337158"/>
  <nd ref="2189337152"/>
  <nd ref="2189336870"/>
  <tag k="highway" v="service"/>
  <tag k="name" v="16A4"/>
 </way>
 <way id="675323316" visible="true" version="2" changeset="136111199" timestamp="2023-05-15T07:01:51Z" user="Hoàng Tuấn Việt" uid="13707170">
  <nd ref="2189337149"/>
  <nd ref="2189337150"/>
  <nd ref="2189337151"/>
  <nd ref="2189337152"/>
  <tag k="highway" v="service"/>
 </way>
 <way id="675323319" visible="true" version="3" changeset="136111199" timestamp="2023-05-15T07:01:51Z" user="Hoàng Tuấn Việt" uid="13707170">
  <nd ref="2189336876"/>
  <nd ref="7190559229"/>
  <nd ref="7190559230"/>
  <nd ref="7190559214"/>
  <nd ref="2189336878"/>
  <tag k="highway" v="service"/>
 </way>
 <way id="675323321" visible="true" version="2" changeset="136111199" timestamp="2023-05-15T07:01:51Z" user="Hoàng Tuấn Việt" uid="13707170">
  <nd ref="2189336871"/>
  <nd ref="2189337151"/>
  <nd ref="2189336876"/>
  <tag k="highway" v="service"/>
  <tag k="name" v="16A3"/>
 </way>
 <way id="684898223" visible="true" version="3" changeset="144889286" timestamp="2023-12-08T06:29:14Z" user="ItsLouisAnderson" uid="11691953">
  <nd ref="6417228446"/>
  <nd ref="6417228448"/>
  <tag k="highway" v="service"/>
  <tag k="motorcycle" v="yes"/>
  <tag k="motor_vehicle" v="no"/>
  <tag k="name" v="Ngõ 280 Thanh Bình"/>
 </way>
 <way id="684898287" visible="true" version="12" changeset="183763966" timestamp="2026-06-07T05:49:00Z" user="vietnam321" uid="11196308">
  <nd ref="6417235193"/>
  <nd ref="2189336926"/>
  <nd ref="3821178987"/>
  <nd ref="2189336927"/>
  <nd ref="3821180082"/>
  <nd ref="2189336928"/>
  <nd ref="2189336929"/>
  <nd ref="2189336930"/>
  <nd ref="2189337136"/>
  <nd ref="2189336932"/>
  <nd ref="2189337141"/>
  <tag k="highway" v="tertiary"/>
  <tag k="name" v="Phố Nguyễn Văn Lộc"/>
  <tag k="name:etymology:wikidata" v="Q16480408"/>
 </way>
 <way id="739729712" visible="true" version="10" changeset="178325826" timestamp="2026-02-09T18:48:23Z" user="HoangQuanHDFPV" uid="22644759">
  <nd ref="8336906298"/>
  <nd ref="2189337104"/>
  <nd ref="2189337108"/>
  <nd ref="2189336974"/>
  <nd ref="2189337165"/>
  <tag k="highway" v="residential"/>
  <tag k="name" v="Ngõ 284 Đường Thanh Bình"/>
 </way>
 <way id="755111012" visible="true" version="2" changeset="144889286" timestamp="2023-12-08T06:29:14Z" user="ItsLouisAnderson" uid="11691953">
  <nd ref="7053856966"/>
  <nd ref="7053856967"/>
  <nd ref="7053856968"/>
  <nd ref="7053856969"/>
  <nd ref="7053856970"/>
  <nd ref="7053856971"/>
  <nd ref="7053856966"/>
  <tag k="building" v="terrace"/>
  <tag k="building:levels" v="5"/>
 </way>
 <way id="755111014" visible="true" version="2" changeset="144889286" timestamp="2023-12-08T06:29:14Z" user="ItsLouisAnderson" uid="11691953">
  <nd ref="7053856980"/>
  <nd ref="7053856981"/>
  <nd ref="7053856982"/>
  <nd ref="7053856983"/>
  <nd ref="7053856984"/>
  <nd ref="7053882785"/>
  <nd ref="7053882786"/>
  <nd ref="7053882787"/>
  <nd ref="7053882788"/>
  <nd ref="7053882789"/>
  <nd ref="7053882790"/>
  <nd ref="7053882791"/>
  <nd ref="7053856980"/>
  <tag k="building" v="terrace"/>
  <tag k="building:levels" v="5"/>
 </way>
 <way id="755111015" visible="true" version="2" changeset="166979861" timestamp="2025-05-30T16:03:04Z" user="Hung Tran 9x0" uid="20910140">
  <nd ref="7053882792"/>
  <nd ref="7053882793"/>
  <nd ref="7053882794"/>
  <nd ref="7053882795"/>
  <nd ref="7053882796"/>
  <nd ref="7053882797"/>
  <nd ref="7053882798"/>
  <nd ref="7053882799"/>
  <nd ref="7053882800"/>
  <nd ref="7053882801"/>
  <nd ref="7053882802"/>
  <nd ref="7053882803"/>
  <nd ref="7053882804"/>
  <nd ref="7053882805"/>
  <nd ref="7053882806"/>
  <nd ref="7053882807"/>
  <nd ref="7053882792"/>
  <tag k="building" v="yes"/>
  <tag k="building:levels" v="20"/>
  <tag k="name" v="T1"/>
 </way>
 <way id="755115063" visible="true" version="3" changeset="154092022" timestamp="2024-07-18T09:34:47Z" user="phoenixsaigon1698" uid="3323343">
  <nd ref="7053915268"/>
  <nd ref="7053915269"/>
  <nd ref="7053915270"/>
  <nd ref="7053915271"/>
  <nd ref="7053915272"/>
  <nd ref="7053915273"/>
  <nd ref="7053915274"/>
  <nd ref="7053915275"/>
  <nd ref="7053915276"/>
  <nd ref="7053915277"/>
  <nd ref="7053915278"/>
  <nd ref="7053915279"/>
  <nd ref="7053915280"/>
  <nd ref="7053915281"/>
  <nd ref="7053915282"/>
  <nd ref="7053915283"/>
  <nd ref="7053915284"/>
  <nd ref="7053921385"/>
  <nd ref="7053921386"/>
  <nd ref="7053921387"/>
  <nd ref="7053921388"/>
  <nd ref="7053921389"/>
  <nd ref="7053921390"/>
  <nd ref="7053921391"/>
  <nd ref="7053921392"/>
  <nd ref="7053915268"/>
  <tag k="building" v="apartments"/>
  <tag k="building:levels" v="22"/>
  <tag k="name" v="Toà E Mulberry Lane"/>
 </way>
 <way id="755115064" visible="true" version="3" changeset="154092022" timestamp="2024-07-18T09:34:47Z" user="phoenixsaigon1698" uid="3323343">
  <nd ref="7053921393"/>
  <nd ref="7053921394"/>
  <nd ref="7053921395"/>
  <nd ref="7053921396"/>
  <nd ref="7053921397"/>
  <nd ref="7053921398"/>
  <nd ref="7053921399"/>
  <nd ref="7053921400"/>
  <nd ref="7053921401"/>
  <nd ref="7053921402"/>
  <nd ref="7053921403"/>
  <nd ref="7053921404"/>
  <nd ref="7053921405"/>
  <nd ref="7053921406"/>
  <nd ref="7053921407"/>
  <nd ref="7053921408"/>
  <nd ref="7053921409"/>
  <nd ref="7053921410"/>
  <nd ref="7053921411"/>
  <nd ref="7053921412"/>
  <nd ref="7053921413"/>
  <nd ref="7053921414"/>
  <nd ref="7053921415"/>
  <nd ref="7053921416"/>
  <nd ref="7053921417"/>
  <nd ref="7053921418"/>
  <nd ref="7053921419"/>
  <nd ref="7053921420"/>
  <nd ref="7053921421"/>
  <nd ref="7053921422"/>
  <nd ref="7053921393"/>
  <tag k="building" v="apartments"/>
  <tag k="building:levels" v="32"/>
  <tag k="name" v="Toà D Mulberry Lane"/>
 </way>
 <way id="755115065" visible="true" version="3" changeset="154092022" timestamp="2024-07-18T09:34:47Z" user="phoenixsaigon1698" uid="3323343">
  <nd ref="7053921423"/>
  <nd ref="7053921424"/>
  <nd ref="7053921425"/>
  <nd ref="7053921426"/>
  <nd ref="7053921427"/>
  <nd ref="7053921428"/>
  <nd ref="7053921429"/>
  <nd ref="7053921430"/>
  <nd ref="7053921431"/>
  <nd ref="7053921432"/>
  <nd ref="7053921433"/>
  <nd ref="7053921434"/>
  <nd ref="7053921435"/>
  <nd ref="7053921436"/>
  <nd ref="7053921437"/>
  <nd ref="7053921438"/>
  <nd ref="7053921439"/>
  <nd ref="7053921440"/>
  <nd ref="7053921441"/>
  <nd ref="7053921442"/>
  <nd ref="7053921443"/>
  <nd ref="7053921444"/>
  <nd ref="7053921445"/>
  <nd ref="7053921446"/>
  <nd ref="7053921447"/>
  <nd ref="7053921448"/>
  <nd ref="7053921449"/>
  <nd ref="7053921450"/>
  <nd ref="7053921451"/>
  <nd ref="7053921452"/>
  <nd ref="7053921423"/>
  <tag k="building" v="apartments"/>
  <tag k="building:levels" v="32"/>
  <tag k="name" v="Toà C Mulberry Lane"/>
 </way>
 <way id="755115066" visible="true" version="3" changeset="154092022" timestamp="2024-07-18T09:34:47Z" user="phoenixsaigon1698" uid="3323343">
  <nd ref="7053921453"/>
  <nd ref="7053921454"/>
  <nd ref="7053921455"/>
  <nd ref="7053921456"/>
  <nd ref="7053921457"/>
  <nd ref="7053921458"/>
  <nd ref="7053921459"/>
  <nd ref="7053921460"/>
  <nd ref="7053921461"/>
  <nd ref="7053921462"/>
  <nd ref="7053921463"/>
  <nd ref="7053921464"/>
  <nd ref="7053921465"/>
  <nd ref="7053921466"/>
  <nd ref="7053921467"/>
  <nd ref="7053921468"/>
  <nd ref="7053921469"/>
  <nd ref="7053921470"/>
  <nd ref="7053921471"/>
  <nd ref="7053921472"/>
  <nd ref="7053921473"/>
  <nd ref="7053921474"/>
  <nd ref="7053921475"/>
  <nd ref="7053921476"/>
  <nd ref="7053921477"/>
  <nd ref="7053921478"/>
  <nd ref="7053921479"/>
  <nd ref="7053921480"/>
  <nd ref="7053921481"/>
  <nd ref="7053921482"/>
  <nd ref="7053921453"/>
  <tag k="building" v="apartments"/>
  <tag k="building:levels" v="32"/>
  <tag k="name" v="Toà B Mulberry Lane"/>
 </way>
 <way id="755115067" visible="true" version="3" changeset="154092022" timestamp="2024-07-18T09:34:47Z" user="phoenixsaigon1698" uid="3323343">
  <nd ref="7053921483"/>
  <nd ref="7053921484"/>
  <nd ref="7053921485"/>
  <nd ref="7053921486"/>
  <nd ref="7053921487"/>
  <nd ref="7053921488"/>
  <nd ref="7053921489"/>
  <nd ref="7053921490"/>
  <nd ref="7053921491"/>
  <nd ref="7053921492"/>
  <nd ref="7053921493"/>
  <nd ref="7053921494"/>
  <nd ref="7053921495"/>
  <nd ref="7053921496"/>
  <nd ref="7053921497"/>
  <nd ref="7053921498"/>
  <nd ref="7053921499"/>
  <nd ref="7053921500"/>
  <nd ref="7053921501"/>
  <nd ref="7053921502"/>
  <nd ref="7053921503"/>
  <nd ref="7053921504"/>
  <nd ref="7053921505"/>
  <nd ref="7053921506"/>
  <nd ref="7053921507"/>
  <nd ref="7053921508"/>
  <nd ref="7053921509"/>
  <nd ref="7053921510"/>
  <nd ref="7053921511"/>
  <nd ref="7053921512"/>
  <nd ref="7053921513"/>
  <nd ref="7053921514"/>
  <nd ref="7053921483"/>
  <tag k="building" v="apartments"/>
  <tag k="building:levels" v="33"/>
  <tag k="name" v="Toà A Mulberry Lane"/>
 </way>
 <way id="755115316" visible="true" version="2" changeset="166979861" timestamp="2025-05-30T16:03:04Z" user="Hung Tran 9x0" uid="20910140">
  <nd ref="7053920034"/>
  <nd ref="7053920035"/>
  <nd ref="7053920036"/>
  <nd ref="7053920037"/>
  <nd ref="7053920038"/>
  <nd ref="7053920039"/>
  <nd ref="7053920040"/>
  <nd ref="7053920041"/>
  <nd ref="7053920042"/>
  <nd ref="7053920043"/>
  <nd ref="7053920044"/>
  <nd ref="7053920045"/>
  <nd ref="7053920046"/>
  <nd ref="7053920034"/>
  <tag k="building" v="yes"/>
  <tag k="building:levels" v="25"/>
  <tag k="name" v="T2"/>
 </way>
 <way id="755115317" visible="true" version="5" changeset="152477693" timestamp="2024-06-10T04:18:06Z" user="vietnam321" uid="11196308">
  <nd ref="7053920047"/>
  <nd ref="7053920048"/>
  <nd ref="7053920049"/>
  <nd ref="11968177981"/>
  <nd ref="9037592387"/>
  <nd ref="11968177982"/>
  <nd ref="9037592388"/>
  <nd ref="9037592392"/>
  <nd ref="11968177987"/>
  <nd ref="11968177988"/>
  <nd ref="11968177989"/>
  <nd ref="11968177990"/>
  <nd ref="9037592393"/>
  <nd ref="11968177983"/>
  <nd ref="11968177984"/>
  <nd ref="7053920051"/>
  <nd ref="11968177986"/>
  <nd ref="11968177985"/>
  <nd ref="7053920052"/>
  <nd ref="7053920053"/>
  <nd ref="7053920054"/>
  <nd ref="7053920055"/>
  <nd ref="7053920056"/>
  <nd ref="11968177991"/>
  <nd ref="9037592394"/>
  <nd ref="7053920057"/>
  <nd ref="7053920058"/>
  <nd ref="7053920059"/>
  <nd ref="7053920060"/>
  <nd ref="7053920061"/>
  <nd ref="7053920062"/>
  <nd ref="7053920047"/>
  <tag k="building" v="school"/>
  <tag k="building:levels" v="5"/>
 </way>
 <way id="755115318" visible="true" version="2" changeset="110278194" timestamp="2021-08-26T10:15:35Z" user="vietnam321" uid="11196308">
  <nd ref="7053920063"/>
  <nd ref="7053920064"/>
  <nd ref="7053920065"/>
  <nd ref="7053920066"/>
  <nd ref="7053920063"/>
  <tag k="building" v="school"/>
  <tag k="building:levels" v="3"/>
 </way>
 <way id="755115319" visible="true" version="3" changeset="148452064" timestamp="2024-03-10T08:57:00Z" user="vietnam321" uid="11196308">
  <nd ref="7053920067"/>
  <nd ref="7053920068"/>
  <nd ref="7053920069"/>
  <nd ref="7053920070"/>
  <nd ref="7053920067"/>
  <tag k="amenity" v="townhall"/>
  <tag k="building" v="yes"/>
  <tag k="building:levels" v="3"/>
  <tag k="name" v="Đảng uỷ - UBND phường Mỗ Lao"/>
  <tag k="townhall:type" v="ward"/>
 </way>
 <way id="755115320" visible="true" version="3" changeset="144889286" timestamp="2023-12-08T06:29:14Z" user="ItsLouisAnderson" uid="11691953">
  <nd ref="7053920071"/>
  <nd ref="7053920072"/>
  <nd ref="7053920073"/>
  <nd ref="7053920074"/>
  <nd ref="7053920071"/>
  <tag k="building" v="yes"/>
  <tag k="building:levels" v="3"/>
 </way>
 <way id="755115321" visible="true" version="4" changeset="144889286" timestamp="2023-12-08T06:29:14Z" user="ItsLouisAnderson" uid="11691953">
  <nd ref="7053920075"/>
  <nd ref="7053920076"/>
  <nd ref="7053920077"/>
  <nd ref="11402515330"/>
  <nd ref="7053920078"/>
  <nd ref="9037592410"/>
  <nd ref="9037592409"/>
  <nd ref="7053920075"/>
  <tag k="building" v="yes"/>
  <tag k="building:levels" v="4"/>
 </way>
 <way id="770299542" visible="true" version="3" changeset="130888617" timestamp="2023-01-05T03:10:29Z" user="DucToan2410" uid="7563149">
  <nd ref="7190559214"/>
  <nd ref="7190559215"/>
  <nd ref="7190559216"/>
  <nd ref="7190559217"/>
  <nd ref="7190559218"/>
  <nd ref="7190559219"/>
  <nd ref="7190559220"/>
  <nd ref="7190559221"/>
  <nd ref="7190559222"/>
  <nd ref="7190559223"/>
  <nd ref="7190559224"/>
  <nd ref="7190559225"/>
  <nd ref="7190559226"/>
  <nd ref="2189337151"/>
  <nd ref="7190559227"/>
  <nd ref="7190559228"/>
  <nd ref="7190559229"/>
  <nd ref="7190559230"/>
  <nd ref="7190559214"/>
  <tag k="leisure" v="park"/>
  <tag k="name" v="Vườn hoa Việt Kiều"/>
 </way>
 <way id="832454937" visible="true" version="16" changeset="172511289" timestamp="2025-09-27T06:13:12Z" user="vietnam321" uid="11196308">
  <nd ref="6352370461"/>
  <nd ref="11093599122"/>
  <nd ref="11093599123"/>
  <nd ref="11093599124"/>
  <nd ref="11093599125"/>
  <nd ref="11097232944"/>
  <nd ref="11097232943"/>
  <nd ref="6352370484"/>
  <nd ref="11093599126"/>
  <nd ref="6352370554"/>
  <nd ref="8929690473"/>
  <nd ref="6352370575"/>
  <nd ref="6352370529"/>
  <nd ref="11093599135"/>
  <nd ref="6352370518"/>
  <nd ref="11093599136"/>
  <nd ref="11093599139"/>
  <nd ref="13174871083"/>
  <nd ref="6352370470"/>
  <nd ref="9571079708"/>
  <nd ref="11093599133"/>
  <nd ref="11093599132"/>
  <nd ref="11093599131"/>
  <nd ref="6352370494"/>
  <nd ref="11093599130"/>
  <tag k="boundary" v="administrative"/>
 </way>
 <way id="896903567" visible="true" version="4" changeset="167378730" timestamp="2025-06-09T05:24:51Z" user="Hung Tran 9x0" uid="20910140">
  <nd ref="2189337141"/>
  <nd ref="8336963141"/>
  <tag k="highway" v="residential"/>
  <tag k="oneway" v="yes"/>
 </way>
 <way id="965287262" visible="true" version="1" changeset="108177473" timestamp="2021-07-18T02:30:59Z" user="AlexLumi" uid="13770895">
  <nd ref="8929680113"/>
  <nd ref="8929680114"/>
  <nd ref="8929680115"/>
  <nd ref="8929680116"/>
  <nd ref="8929698517"/>
  <nd ref="8929698518"/>
  <nd ref="8929698519"/>
  <nd ref="8929698520"/>
  <nd ref="8929698521"/>
  <nd ref="8929698522"/>
  <nd ref="8929698523"/>
  <nd ref="8929698524"/>
  <nd ref="8929680113"/>
  <tag k="addr:city" v="Hà Nội"/>
  <tag k="addr:district" v="Hà Đông"/>
  <tag k="addr:province" v="Hà Nội"/>
  <tag k="addr:subdistrict" v="Mỗ Lao"/>
  <tag k="building" v="apartments"/>
  <tag k="building:levels" v="40"/>
  <tag k="name" v="Tòa S2"/>
 </way>
 <way id="965287459" visible="true" version="1" changeset="108177489" timestamp="2021-07-18T02:32:20Z" user="AlexLumi" uid="13770895">
  <nd ref="8929682663"/>
  <nd ref="8929682664"/>
  <nd ref="8929682665"/>
  <nd ref="8929682666"/>
  <nd ref="8929682667"/>
  <nd ref="8929682668"/>
  <nd ref="8929682669"/>
  <nd ref="8929682670"/>
  <nd ref="8929682671"/>
  <nd ref="8929682672"/>
  <nd ref="8929682673"/>
  <nd ref="8929682674"/>
  <nd ref="8929682663"/>
  <tag k="addr:city" v="Hà Nội"/>
  <tag k="addr:district" v="Hà Đông"/>
  <tag k="addr:province" v="Hà Nội"/>
  <tag k="addr:subdistrict" v="Mỗ Lao"/>
  <tag k="building" v="apartments"/>
  <tag k="building:levels" v="40"/>
  <tag k="name" v="Tòa S3"/>
 </way>
 <way id="965287661" visible="true" version="2" changeset="108177613" timestamp="2021-07-18T02:44:42Z" user="AlexLumi" uid="13770895">
  <nd ref="8929712878"/>
  <nd ref="8929712879"/>
  <nd ref="8929699714"/>
  <nd ref="8929699715"/>
  <nd ref="8929699716"/>
  <nd ref="8929700617"/>
  <nd ref="8929712878"/>
  <tag k="addr:city" v="Hà Nội"/>
  <tag k="addr:district" v="Hà Đông"/>
  <tag k="addr:province" v="Hà Nội"/>
  <tag k="addr:subdistrict" v="Mỗ Lao"/>
  <tag k="building" v="apartments"/>
  <tag k="building:levels" v="40"/>
  <tag k="name" v="Tòa S4"/>
 </way>
 <way id="965288778" visible="true" version="1" changeset="108177622" timestamp="2021-07-18T02:45:53Z" user="AlexLumi" uid="13770895">
  <nd ref="8929678459"/>
  <nd ref="8929678460"/>
  <nd ref="8929678461"/>
  <nd ref="8929678462"/>
  <nd ref="8929678459"/>
  <tag k="leisure" v="swimming_pool"/>
  <tag k="location" v="outdoor"/>
  <tag k="name" v="Bể bơi Ngoài trời S2 Season avenue"/>
  <tag k="swimming_pool" v="outdoor"/>
 </way>
 <way id="976633065" visible="true" version="7" changeset="174893221" timestamp="2025-11-20T07:21:17Z" user="Tommybara" uid="12198525">
  <nd ref="9037592395"/>
  <nd ref="9037592408"/>
  <nd ref="9037592396"/>
  <nd ref="9037592397"/>
  <nd ref="9037592398"/>
  <nd ref="9037592399"/>
  <nd ref="9037592400"/>
  <nd ref="9037592401"/>
  <nd ref="9037592402"/>
  <nd ref="9037592403"/>
  <nd ref="9037592395"/>
  <tag k="amenity" v="school"/>
  <tag k="education" v="school"/>
  <tag k="grades" v="6-9"/>
  <tag k="name" v="Trường Trung học cơ sở Mỗ Lao"/>
 </way>
 <way id="976633066" visible="true" version="1" changeset="110278194" timestamp="2021-08-26T10:15:35Z" user="vietnam321" uid="11196308">
  <nd ref="9037592396"/>
  <nd ref="9037592404"/>
  <nd ref="9037592405"/>
  <nd ref="9037592414"/>
  <nd ref="9037592406"/>
  <nd ref="9037592413"/>
  <nd ref="9037592407"/>
  <nd ref="9037592412"/>
  <nd ref="9037592408"/>
  <nd ref="9037592396"/>
  <tag k="landuse" v="commercial"/>
 </way>
 <way id="976633067" visible="true" version="1" changeset="110278194" timestamp="2021-08-26T10:15:35Z" user="vietnam321" uid="11196308">
  <nd ref="9037592411"/>
  <nd ref="9037592412"/>
  <nd ref="9037592408"/>
  <nd ref="9037592395"/>
  <nd ref="9037592411"/>
  <tag k="amenity" v="clinic"/>
  <tag k="healthcare" v="clinic"/>
  <tag k="name" v="Trạm Y tế phường Mỗ Lao"/>
 </way>
 <way id="976633068" visible="true" version="1" changeset="110278194" timestamp="2021-08-26T10:15:35Z" user="vietnam321" uid="11196308">
  <nd ref="9037592407"/>
  <nd ref="9037592415"/>
  <nd ref="9037592416"/>
  <nd ref="9037592417"/>
  <nd ref="9037592411"/>
  <nd ref="9037592412"/>
  <nd ref="9037592407"/>
  <tag k="amenity" v="police"/>
  <tag k="name" v="Công an phường Mỗ Lao"/>
 </way>
 <way id="1002534081" visible="true" version="1" changeset="113791434" timestamp="2021-11-15T07:30:01Z" user="DucToan2410" uid="7563149">
  <nd ref="9252435129"/>
  <nd ref="9252435130"/>
  <nd ref="9252435131"/>
  <nd ref="9252435132"/>
  <nd ref="9252435133"/>
  <nd ref="9252435129"/>
  <tag k="leisure" v="park"/>
  <tag k="name" v="Vườn hoa"/>
 </way>
 <way id="1002535124" visible="true" version="1" changeset="113791562" timestamp="2021-11-15T07:33:00Z" user="DucToan2410" uid="7563149">
  <nd ref="9252434641"/>
  <nd ref="9252434642"/>
  <nd ref="9252434643"/>
  <nd ref="9252434644"/>
  <nd ref="9252434641"/>
  <tag k="leisure" v="park"/>
  <tag k="name" v="Vườn hoa"/>
 </way>
 <way id="1039358806" visible="true" version="4" changeset="178325826" timestamp="2026-02-09T18:48:23Z" user="HoangQuanHDFPV" uid="22644759">
  <nd ref="9571079709"/>
  <nd ref="9571079710"/>
  <tag k="highway" v="residential"/>
 </way>
 <way id="1039358809" visible="true" version="5" changeset="178325826" timestamp="2026-02-09T18:48:23Z" user="HoangQuanHDFPV" uid="22644759">
  <nd ref="2189337189"/>
  <nd ref="9571079707"/>
  <nd ref="11238317483"/>
  <nd ref="2189337200"/>
  <tag k="highway" v="residential"/>
  <tag k="name" v="Ngách Season Trung Văn"/>
 </way>
 <way id="1182274032" visible="true" version="3" changeset="174051247" timestamp="2025-11-01T09:02:14Z" user="Tewuzij" uid="16194143">
  <nd ref="10979075516"/>
  <nd ref="10979075517"/>
  <nd ref="10979075518"/>
  <nd ref="10979075519"/>
  <nd ref="10979075520"/>
  <nd ref="10979075521"/>
  <nd ref="10979075522"/>
  <nd ref="10979075523"/>
  <nd ref="10979075524"/>
  <nd ref="10979075525"/>
  <nd ref="10979075526"/>
  <nd ref="10979075527"/>
  <nd ref="10979075528"/>
  <nd ref="10979075529"/>
  <nd ref="10979075530"/>
  <nd ref="10979075531"/>
  <nd ref="10979075532"/>
  <nd ref="10979075533"/>
  <nd ref="10979075534"/>
  <nd ref="10979075535"/>
  <nd ref="10979075536"/>
  <nd ref="10979075537"/>
  <nd ref="10979075516"/>
  <tag k="amenity" v="school"/>
  <tag k="education" v="school"/>
  <tag k="email" v="info@truenorth.edu.vn"/>
  <tag k="grades" v="0-12"/>
  <tag k="name" v="Trường Quốc tế True North"/>
  <tag k="name:en" v="True North School"/>
  <tag k="phone" v="+84 94 435 9393"/>
  <tag k="website" v="https://truenorth.edu.vn"/>
 </way>
 <way id="1213043264" visible="true" version="3" changeset="178325826" timestamp="2026-02-09T18:48:23Z" user="HoangQuanHDFPV" uid="22644759">
  <nd ref="11238317483"/>
  <nd ref="12060928383"/>
  <nd ref="11238317484"/>
  <nd ref="8337010367"/>
  <tag k="highway" v="residential"/>
 </way>
 <way id="1229594744" visible="true" version="2" changeset="183366508" timestamp="2026-05-29T17:20:26Z" user="ZioDragon" uid="13799024">
  <nd ref="11402515331"/>
  <nd ref="11402515332"/>
  <nd ref="11402515333"/>
  <nd ref="11402515334"/>
  <nd ref="11402515335"/>
  <nd ref="11402515336"/>
  <nd ref="11402515337"/>
  <nd ref="11402515338"/>
  <nd ref="11402515339"/>
  <nd ref="11402515340"/>
  <nd ref="11402515331"/>
  <tag k="landuse" v="construction"/>
  <tag k="name" v="CT1 +3 Booyoung Vina"/>
 </way>
 <way id="1235092158" visible="true" version="3" changeset="178325826" timestamp="2026-02-09T18:48:23Z" user="HoangQuanHDFPV" uid="22644759">
  <nd ref="2189336890"/>
  <nd ref="12060941984"/>
  <nd ref="2189336929"/>
  <tag k="highway" v="residential"/>
  <tag k="name" v="LK6D"/>
 </way>
 <way id="1290815722" visible="true" version="1" changeset="152477693" timestamp="2024-06-10T04:18:06Z" user="vietnam321" uid="11196308">
  <nd ref="11968177992"/>
  <nd ref="11968177993"/>
  <nd ref="11968177994"/>
  <nd ref="11968177995"/>
  <nd ref="11968177992"/>
  <tag k="leisure" v="pitch"/>
  <tag k="sport" v="soccer"/>
 </way>
 <way id="1295683324" visible="true" version="1" changeset="153105689" timestamp="2024-06-24T10:37:33Z" user="openmap-vn" uid="21213273">
  <nd ref="12006207838"/>
  <nd ref="12006207837"/>
  <nd ref="12006207830"/>
  <nd ref="12006207836"/>
  <nd ref="12006207835"/>
  <nd ref="12006207834"/>
  <nd ref="12006207833"/>
  <nd ref="12006207832"/>
  <nd ref="12006207831"/>
  <nd ref="12006207830"/>
  <tag k="highway" v="service"/>
 </way>
 <way id="1298823362" visible="true" version="1" changeset="153508422" timestamp="2024-07-03T15:45:03Z" user="Hung Tran 9x0" uid="20910140">
  <nd ref="12031527440"/>
  <nd ref="12031527441"/>
  <nd ref="12031527442"/>
  <nd ref="12031527443"/>
  <nd ref="12031527444"/>
  <nd ref="12031527445"/>
  <nd ref="12031527446"/>
  <nd ref="12031527447"/>
  <nd ref="12031527440"/>
  <tag k="landuse" v="residential"/>
  <tag k="name" v="Mulberry Lane"/>
  <tag k="residential" v="apartments"/>
 </way>
 <way id="1302230329" visible="true" version="1" changeset="154092022" timestamp="2024-07-18T09:34:47Z" user="phoenixsaigon1698" uid="3323343">
  <nd ref="12060928388"/>
  <nd ref="12060928389"/>
  <nd ref="12060928390"/>
  <nd ref="12060928391"/>
  <nd ref="12060928388"/>
  <tag k="building" v="residential"/>
  <tag k="name" v="LK6A"/>
 </way>
 <way id="1302230330" visible="true" version="1" changeset="154092022" timestamp="2024-07-18T09:34:47Z" user="phoenixsaigon1698" uid="3323343">
  <nd ref="12060928395"/>
  <nd ref="12060928396"/>
  <nd ref="12060928397"/>
  <nd ref="12060928398"/>
  <nd ref="12060928399"/>
  <nd ref="12060928400"/>
  <nd ref="12060928395"/>
  <tag k="building" v="residential"/>
  <tag k="name" v="LK11B KDT Mỗ Lao"/>
 </way>
 <way id="1302230331" visible="true" version="1" changeset="154092022" timestamp="2024-07-18T09:34:47Z" user="phoenixsaigon1698" uid="3323343">
  <nd ref="12060928401"/>
  <nd ref="12060928402"/>
  <nd ref="12060928403"/>
  <nd ref="12060928404"/>
  <nd ref="12060928405"/>
  <nd ref="12060928401"/>
  <tag k="building" v="residential"/>
  <tag k="name" v="LK11A KDT Mỗ Lao"/>
 </way>
 <way id="1302230332" visible="true" version="2" changeset="178325826" timestamp="2026-02-09T18:48:23Z" user="HoangQuanHDFPV" uid="22644759">
  <nd ref="2189337200"/>
  <nd ref="8337010367"/>
  <nd ref="2189337199"/>
  <tag k="highway" v="residential"/>
  <tag k="name" v="Ngõ Dâu"/>
 </way>
 <way id="1360061211" visible="true" version="1" changeset="162531863" timestamp="2025-02-15T10:57:47Z" user="ItsLouisAnderson" uid="11691953">
  <nd ref="12589868525"/>
  <nd ref="12589868526"/>
  <nd ref="12589868527"/>
  <nd ref="12589868528"/>
  <nd ref="12589868529"/>
  <nd ref="12589868530"/>
  <nd ref="12589868531"/>
  <nd ref="12589868532"/>
  <nd ref="12589868533"/>
  <nd ref="12589868534"/>
  <nd ref="12589868535"/>
  <nd ref="12589868536"/>
  <nd ref="12589868537"/>
  <nd ref="12589868538"/>
  <nd ref="12589868539"/>
  <nd ref="12589868540"/>
  <nd ref="12589868541"/>
  <nd ref="12589868542"/>
  <nd ref="12589868543"/>
  <nd ref="12589868544"/>
  <nd ref="12589868545"/>
  <nd ref="12589868546"/>
  <nd ref="12589868547"/>
  <nd ref="12589868548"/>
  <nd ref="12589868549"/>
  <nd ref="12589868550"/>
  <nd ref="12589868551"/>
  <nd ref="12589868552"/>
  <nd ref="12589868553"/>
  <nd ref="12589868554"/>
  <nd ref="12589868555"/>
  <nd ref="12589868556"/>
  <nd ref="12589868557"/>
  <nd ref="12589868558"/>
  <nd ref="12589868559"/>
  <nd ref="12589868560"/>
  <nd ref="12589868525"/>
  <tag k="building" v="school"/>
 </way>
 <way id="1360061212" visible="true" version="1" changeset="162531863" timestamp="2025-02-15T10:57:47Z" user="ItsLouisAnderson" uid="11691953">
  <nd ref="12589868561"/>
  <nd ref="12589868562"/>
  <nd ref="12589868563"/>
  <nd ref="12589868564"/>
  <nd ref="12589868561"/>
  <tag k="access" v="private"/>
  <tag k="leisure" v="pitch"/>
  <tag k="sport" v="soccer"/>
 </way>
 <way id="1360061213" visible="true" version="1" changeset="162531863" timestamp="2025-02-15T10:57:47Z" user="ItsLouisAnderson" uid="11691953">
  <nd ref="12589868525"/>
  <nd ref="12589868526"/>
  <nd ref="12589868527"/>
  <nd ref="12589868528"/>
  <nd ref="12589868559"/>
  <nd ref="12589868560"/>
  <nd ref="12589868525"/>
  <tag k="building:levels" v="6"/>
  <tag k="building:part" v="yes"/>
 </way>
 <way id="1360061214" visible="true" version="1" changeset="162531863" timestamp="2025-02-15T10:57:47Z" user="ItsLouisAnderson" uid="11691953">
  <nd ref="12589868528"/>
  <nd ref="12589868529"/>
  <nd ref="12589868530"/>
  <nd ref="12589868531"/>
  <nd ref="12589868532"/>
  <nd ref="12589868533"/>
  <nd ref="12589868534"/>
  <nd ref="12589868535"/>
  <nd ref="12589868536"/>
  <nd ref="12589868537"/>
  <nd ref="12589868538"/>
  <nd ref="12589868539"/>
  <nd ref="12589868540"/>
  <nd ref="12589868541"/>
  <nd ref="12589868542"/>
  <nd ref="12589868543"/>
  <nd ref="12589868544"/>
  <nd ref="12589868545"/>
  <nd ref="12589868546"/>
  <nd ref="12589868547"/>
  <nd ref="12589868548"/>
  <nd ref="12589868549"/>
  <nd ref="12589868550"/>
  <nd ref="12589868551"/>
  <nd ref="12589868552"/>
  <nd ref="12589868553"/>
  <nd ref="12589868554"/>
  <nd ref="12589868555"/>
  <nd ref="12589868556"/>
  <nd ref="12589868557"/>
  <nd ref="12589868558"/>
  <nd ref="12589868559"/>
  <nd ref="12589868528"/>
  <tag k="building:levels" v="4"/>
  <tag k="building:part" v="yes"/>
 </way>
 <way id="1360061215" visible="true" version="1" changeset="162531863" timestamp="2025-02-15T10:57:47Z" user="ItsLouisAnderson" uid="11691953">
  <nd ref="12589868565"/>
  <nd ref="12589868581"/>
  <nd ref="12589868566"/>
  <nd ref="12589868567"/>
  <nd ref="12589868568"/>
  <nd ref="12589868569"/>
  <nd ref="12589868570"/>
  <nd ref="12589868571"/>
  <nd ref="12589868572"/>
  <nd ref="12589868573"/>
  <nd ref="12589868574"/>
  <nd ref="12589868575"/>
  <nd ref="12589868576"/>
  <nd ref="12589868577"/>
  <nd ref="12589868578"/>
  <nd ref="12589868579"/>
  <nd ref="12589868580"/>
  <nd ref="12589868565"/>
  <tag k="building" v="school"/>
  <tag k="building:levels" v="3"/>
 </way>
 <way id="1366465304" visible="true" version="2" changeset="178325826" timestamp="2026-02-09T18:48:23Z" user="HoangQuanHDFPV" uid="22644759">
  <nd ref="2189336930"/>
  <nd ref="2189336888"/>
  <tag k="highway" v="residential"/>
  <tag k="name" v="LK6D"/>
 </way>
 <way id="1373000265" visible="true" version="6" changeset="183763966" timestamp="2026-06-07T05:49:00Z" user="vietnam321" uid="11196308">
  <nd ref="2189336938"/>
  <nd ref="12725862768"/>
  <nd ref="12725862767"/>
  <nd ref="12963712968"/>
  <nd ref="2189336936"/>
  <tag k="highway" v="tertiary"/>
  <tag k="name" v="Phố Nguyễn Văn Lộc"/>
  <tag k="name:etymology:wikidata" v="Q16480408"/>
  <tag k="oneway" v="yes"/>
 </way>
 <way id="1374431416" visible="true" version="4" changeset="183763966" timestamp="2026-06-07T05:49:00Z" user="vietnam321" uid="11196308">
  <nd ref="12725862763"/>
  <nd ref="12878602010"/>
  <nd ref="12963712967"/>
  <nd ref="12712852542"/>
  <nd ref="12725862765"/>
  <tag k="highway" v="tertiary"/>
  <tag k="name" v="Phố Nguyễn Văn Lộc"/>
  <tag k="name:etymology:wikidata" v="Q16480408"/>
  <tag k="oneway" v="yes"/>
 </way>
 <way id="1374431419" visible="true" version="4" changeset="178325826" timestamp="2026-02-09T18:48:23Z" user="HoangQuanHDFPV" uid="22644759">
  <nd ref="12712852577"/>
  <nd ref="2189337174"/>
  <nd ref="12878602015"/>
  <tag k="highway" v="residential"/>
  <tag k="name" v="LK6A"/>
  <tag k="oneway" v="-1"/>
 </way>
 <way id="1374431422" visible="true" version="3" changeset="183763966" timestamp="2026-06-07T05:49:00Z" user="vietnam321" uid="11196308">
  <nd ref="12725862781"/>
  <nd ref="12725862770"/>
  <nd ref="12725862771"/>
  <nd ref="12908782871"/>
  <nd ref="2189337141"/>
  <tag k="highway" v="tertiary"/>
  <tag k="name" v="Phố Nguyễn Văn Lộc"/>
  <tag k="name:etymology:wikidata" v="Q16480408"/>
  <tag k="oneway" v="yes"/>
 </way>
 <way id="1374431423" visible="true" version="3" changeset="183763966" timestamp="2026-06-07T05:49:00Z" user="vietnam321" uid="11196308">
  <nd ref="2189336936"/>
  <nd ref="12725862781"/>
  <tag k="highway" v="tertiary"/>
  <tag k="name" v="Phố Nguyễn Văn Lộc"/>
  <tag k="name:etymology:wikidata" v="Q16480408"/>
  <tag k="oneway" v="yes"/>
 </way>
 <way id="1374431425" visible="true" version="4" changeset="183763966" timestamp="2026-06-07T05:49:00Z" user="vietnam321" uid="11196308">
  <nd ref="2189337141"/>
  <nd ref="12725862761"/>
  <nd ref="12725862762"/>
  <tag k="highway" v="tertiary"/>
  <tag k="name" v="Phố Nguyễn Văn Lộc"/>
  <tag k="name:etymology:wikidata" v="Q16480408"/>
  <tag k="oneway" v="yes"/>
 </way>
 <way id="1374431428" visible="true" version="3" changeset="183763966" timestamp="2026-06-07T05:49:00Z" user="vietnam321" uid="11196308">
  <nd ref="12725862762"/>
  <nd ref="12725862763"/>
  <tag k="highway" v="tertiary"/>
  <tag k="name" v="Phố Nguyễn Văn Lộc"/>
  <tag k="name:etymology:wikidata" v="Q16480408"/>
  <tag k="oneway" v="yes"/>
 </way>
 <way id="1391315709" visible="true" version="1" changeset="167039277" timestamp="2025-06-01T08:21:30Z" user="Hung Tran 9x0" uid="20910140">
  <nd ref="12712852577"/>
  <nd ref="12878602008"/>
  <nd ref="12878602007"/>
  <tag k="highway" v="residential"/>
  <tag k="oneway" v="yes"/>
 </way>
 <way id="1391315710" visible="true" version="1" changeset="167039277" timestamp="2025-06-01T08:21:30Z" user="Hung Tran 9x0" uid="20910140">
  <nd ref="12878602007"/>
  <nd ref="12878602009"/>
  <nd ref="8336616426"/>
  <tag k="highway" v="residential"/>
  <tag k="oneway" v="yes"/>
 </way>
 <way id="1391315712" visible="true" version="3" changeset="168291072" timestamp="2025-06-30T04:55:49Z" user="Hung Tran 9x0" uid="20910140">
  <nd ref="12725862781"/>
  <nd ref="12963712969"/>
  <nd ref="12963712971"/>
  <nd ref="12963712970"/>
  <nd ref="12725862762"/>
  <nd ref="12908782870"/>
  <nd ref="12963712972"/>
  <nd ref="12878602014"/>
  <nd ref="12712852577"/>
  <tag k="highway" v="tertiary_link"/>
  <tag k="oneway" v="yes"/>
 </way>
 <way id="1391315713" visible="true" version="3" changeset="178325826" timestamp="2026-02-09T18:48:23Z" user="HoangQuanHDFPV" uid="22644759">
  <nd ref="12878602014"/>
  <nd ref="12878602020"/>
  <nd ref="12898626288"/>
  <nd ref="12878602015"/>
  <tag k="highway" v="residential"/>
  <tag k="name" v="LK6A"/>
  <tag k="oneway" v="yes"/>
 </way>
 <way id="1391315715" visible="true" version="2" changeset="178325826" timestamp="2026-02-09T18:48:23Z" user="HoangQuanHDFPV" uid="22644759">
  <nd ref="12725862763"/>
  <nd ref="8336616426"/>
  <tag k="highway" v="tertiary_link"/>
  <tag k="name" v="Khu Đô Thị Mỗ Lao"/>
  <tag k="oneway" v="-1"/>
 </way>
 <way id="1393444644" visible="true" version="2" changeset="178325826" timestamp="2026-02-09T18:48:23Z" user="HoangQuanHDFPV" uid="22644759">
  <nd ref="12878602015"/>
  <nd ref="8336963141"/>
  <tag k="highway" v="residential"/>
  <tag k="name" v="LK6A"/>
 </way>
 <way id="1410826315" visible="true" version="1" changeset="168291072" timestamp="2025-06-30T04:55:49Z" user="Hung Tran 9x0" uid="20910140">
  <nd ref="12963712967"/>
  <nd ref="12963712968"/>
  <tag k="highway" v="tertiary_link"/>
  <tag k="note" v="see latest mapiliary images to avoid wrong position if you're not local"/>
  <tag k="oneway" v="yes"/>
 </way>
 <way id="1413922752" visible="true" version="4" changeset="170094117" timestamp="2025-08-07T08:40:18Z" user="AndjelaS" uid="8951082">
  <nd ref="11093599130"/>
  <nd ref="13055800185"/>
  <nd ref="6352370461"/>
  <tag k="admin_level" v="6"/>
  <tag k="boundary" v="administrative"/>
 </way>
 <way id="1420696893" visible="true" version="1" changeset="170094117" timestamp="2025-08-07T08:40:18Z" user="AndjelaS" uid="8951082">
  <nd ref="11093599130"/>
  <nd ref="11093599129"/>
  <nd ref="11093599128"/>
  <nd ref="11093599127"/>
  <nd ref="11097232942"/>
  <tag k="admin_level" v="6"/>
  <tag k="boundary" v="administrative"/>
 </way>
 <way id="1420696894" visible="true" version="1" changeset="170094117" timestamp="2025-08-07T08:40:18Z" user="AndjelaS" uid="8951082">
  <nd ref="11097232948"/>
  <nd ref="11097232945"/>
  <nd ref="11097232946"/>
  <nd ref="6352370510"/>
  <nd ref="11093599147"/>
  <nd ref="11097232947"/>
  <nd ref="6352370461"/>
  <tag k="admin_level" v="6"/>
  <tag k="boundary" v="administrative"/>
 </way>
 <way id="1475686328" visible="true" version="1" changeset="178325826" timestamp="2026-02-09T18:48:23Z" user="HoangQuanHDFPV" uid="22644759">
  <nd ref="2189337102"/>
  <nd ref="4736515098"/>
  <tag k="highway" v="residential"/>
  <tag k="name" v="LK6B"/>
 </way>
 <way id="1475686330" visible="true" version="1" changeset="178325826" timestamp="2026-02-09T18:48:23Z" user="HoangQuanHDFPV" uid="22644759">
  <nd ref="2189336929"/>
  <nd ref="2189336870"/>
  <nd ref="5710056500"/>
  <tag k="highway" v="residential"/>
  <tag k="name" v="16A2"/>
 </way>
 <way id="1475686337" visible="true" version="1" changeset="178325826" timestamp="2026-02-09T18:48:23Z" user="HoangQuanHDFPV" uid="22644759">
  <nd ref="8336616426"/>
  <nd ref="12712852577"/>
  <tag k="highway" v="residential"/>
  <tag k="oneway" v="-1"/>
 </way>
 <relation id="1903516" visible="true" version="183" changeset="178799875" timestamp="2026-02-20T03:46:59Z" user="vietnam321" uid="11196308">
  <member type="node" ref="74132064" role="admin_centre"/>
  <member type="way" ref="1413275005" role="outer"/>
  <member type="way" ref="483513679" role="outer"/>
  <member type="way" ref="1354404795" role="outer"/>
  <member type="way" ref="1051758142" role="outer"/>
  <member type="way" ref="1426035521" role="outer"/>
  <member type="way" ref="1426035520" role="outer"/>
  <member type="way" ref="1051758141" role="outer"/>
  <member type="way" ref="483151239" role="outer"/>
  <member type="way" ref="1051758140" role="outer"/>
  <member type="way" ref="483509946" role="outer"/>
  <member type="way" ref="1313130352" role="outer"/>
  <member type="way" ref="1313130353" role="outer"/>
  <member type="way" ref="483151673" role="outer"/>
  <member type="way" ref="1362274975" role="outer"/>
  <member type="way" ref="1184606221" role="outer"/>
  <member type="way" ref="483151676" role="outer"/>
  <member type="way" ref="1426035519" role="outer"/>
  <member type="way" ref="1184606211" role="outer"/>
  <member type="way" ref="1184606214" role="outer"/>
  <member type="way" ref="1184607697" role="outer"/>
  <member type="way" ref="1184607690" role="outer"/>
  <member type="way" ref="1184607687" role="outer"/>
  <member type="way" ref="1184607685" role="outer"/>
  <member type="way" ref="140210315" role="outer"/>
  <member type="way" ref="1426035518" role="outer"/>
  <member type="way" ref="1426035517" role="outer"/>
  <member type="way" ref="1184607673" role="outer"/>
  <member type="way" ref="483396974" role="outer"/>
  <member type="way" ref="1184607676" role="outer"/>
  <member type="way" ref="1184606196" role="outer"/>
  <member type="way" ref="483388676" role="outer"/>
  <member type="way" ref="1184606225" role="outer"/>
  <member type="way" ref="1184606218" role="outer"/>
  <member type="way" ref="483387436" role="outer"/>
  <member type="way" ref="1184606231" role="outer"/>
  <member type="way" ref="1426035516" role="outer"/>
  <member type="way" ref="1426035515" role="outer"/>
  <member type="way" ref="1184606235" role="outer"/>
  <member type="way" ref="1426035514" role="outer"/>
  <member type="way" ref="1426035513" role="outer"/>
  <member type="way" ref="1184606249" role="outer"/>
  <member type="way" ref="1424383750" role="outer"/>
  <member type="way" ref="483170705" role="outer"/>
  <member type="way" ref="1184606254" role="outer"/>
  <member type="way" ref="483170689" role="outer"/>
  <member type="way" ref="1184606255" role="outer"/>
  <member type="way" ref="483648706" role="outer"/>
  <member type="way" ref="848070516" role="outer"/>
  <member type="way" ref="848070517" role="outer"/>
  <member type="way" ref="1426035512" role="outer"/>
  <member type="way" ref="483171836" role="outer"/>
  <member type="way" ref="1424383748" role="outer"/>
  <member type="way" ref="1424383749" role="outer"/>
  <member type="way" ref="483184832" role="outer"/>
  <member type="way" ref="1339202536" role="outer"/>
  <member type="way" ref="1352866552" role="outer"/>
  <member type="way" ref="1426035510" role="outer"/>
  <member type="way" ref="1426035511" role="outer"/>
  <member type="way" ref="483192219" role="outer"/>
  <member type="way" ref="1352870163" role="outer"/>
  <member type="way" ref="1353288737" role="outer"/>
  <member type="way" ref="1353291327" role="outer"/>
  <member type="way" ref="1352870162" role="outer"/>
  <member type="way" ref="764373558" role="outer"/>
  <member type="way" ref="762882413" role="outer"/>
  <member type="way" ref="1426035508" role="outer"/>
  <member type="way" ref="1426035509" role="outer"/>
  <member type="way" ref="903384225" role="outer"/>
  <member type="way" ref="1424383804" role="outer"/>
  <member type="way" ref="1424383805" role="outer"/>
  <member type="way" ref="483632310" role="outer"/>
  <member type="way" ref="140210317" role="outer"/>
  <member type="way" ref="1424383798" role="outer"/>
  <member type="way" ref="1424383799" role="outer"/>
  <member type="way" ref="1425805903" role="outer"/>
  <member type="way" ref="1425805902" role="outer"/>
  <member type="way" ref="140210320" role="outer"/>
  <member type="way" ref="483196192" role="outer"/>
  <member type="way" ref="1418877648" role="outer"/>
  <member type="way" ref="1425805901" role="outer"/>
  <member type="way" ref="1425805900" role="outer"/>
  <member type="way" ref="483720005" role="outer"/>
  <member type="way" ref="1358115413" role="outer"/>
  <member type="way" ref="1425805899" role="outer"/>
  <member type="way" ref="1425805898" role="outer"/>
  <member type="way" ref="1358115402" role="outer"/>
  <member type="way" ref="1358115404" role="outer"/>
  <member type="way" ref="1359332218" role="outer"/>
  <member type="way" ref="1425805897" role="outer"/>
  <member type="way" ref="1425805896" role="outer"/>
  <member type="way" ref="483220090" role="outer"/>
  <member type="way" ref="1358115398" role="outer"/>
  <member type="way" ref="1425977545" role="outer"/>
  <member type="way" ref="1358115400" role="outer"/>
  <member type="way" ref="140210321" role="outer"/>
  <member type="way" ref="1358115393" role="outer"/>
  <member type="way" ref="1425977544" role="outer"/>
  <member type="way" ref="1425977543" role="outer"/>
  <member type="way" ref="1358115387" role="outer"/>
  <member type="way" ref="1425977542" role="outer"/>
  <member type="way" ref="1425977541" role="outer"/>
  <member type="way" ref="484461490" role="outer"/>
  <member type="way" ref="1357798440" role="outer"/>
  <member type="way" ref="1359056474" role="outer"/>
  <member type="way" ref="1418877640" role="outer"/>
  <member type="way" ref="1360322821" role="outer"/>
  <member type="way" ref="1360322823" role="outer"/>
  <member type="way" ref="1425977540" role="outer"/>
  <member type="way" ref="1425977539" role="outer"/>
  <member type="way" ref="483226558" role="outer"/>
  <member type="way" ref="1425977538" role="outer"/>
  <member type="way" ref="1425977537" role="outer"/>
  <member type="way" ref="1360322820" role="outer"/>
  <member type="way" ref="1360322830" role="outer"/>
  <member type="way" ref="484464066" role="outer"/>
  <member type="way" ref="483226562" role="outer"/>
  <member type="way" ref="1425977536" role="outer"/>
  <member type="way" ref="1425977535" role="outer"/>
  <member type="way" ref="1425977534" role="outer"/>
  <member type="way" ref="1425977533" role="outer"/>
  <member type="way" ref="1032879034" role="outer"/>
  <member type="way" ref="1032879037" role="outer"/>
  <member type="way" ref="1032879040" role="outer"/>
  <member type="way" ref="1033173760" role="outer"/>
  <member type="way" ref="483232111" role="outer"/>
  <member type="way" ref="1033173759" role="outer"/>
  <member type="way" ref="1033173768" role="outer"/>
  <member type="way" ref="484463626" role="outer"/>
  <member type="way" ref="1425977532" role="outer"/>
  <member type="way" ref="1425977531" role="outer"/>
  <member type="way" ref="1033173766" role="outer"/>
  <member type="way" ref="1033198073" role="outer"/>
  <member type="way" ref="1296971657" role="outer"/>
  <member type="way" ref="140210322" role="outer"/>
  <member type="way" ref="484551783" role="outer"/>
  <member type="way" ref="1033198076" role="outer"/>
  <member type="way" ref="1067561904" role="outer"/>
  <member type="way" ref="484563275" role="outer"/>
  <member type="way" ref="1336799424" role="outer"/>
  <member type="way" ref="660919764" role="outer"/>
  <member type="way" ref="1285926710" role="outer"/>
  <member type="way" ref="483150861" role="outer"/>
  <member type="way" ref="1285926708" role="outer"/>
  <member type="way" ref="484561938" role="outer"/>
  <member type="way" ref="1414071046" role="outer"/>
  <member type="way" ref="1349140136" role="outer"/>
  <member type="way" ref="1270602571" role="outer"/>
  <member type="way" ref="1270602570" role="outer"/>
  <member type="way" ref="1270602575" role="outer"/>
  <member type="way" ref="1270602583" role="outer"/>
  <member type="way" ref="483149600" role="outer"/>
  <member type="way" ref="1267893300" role="outer"/>
  <member type="way" ref="1267893303" role="outer"/>
  <member type="way" ref="1381050279" role="outer"/>
  <member type="way" ref="140210318" role="outer"/>
  <member type="way" ref="1263418464" role="outer"/>
  <member type="way" ref="1136905481" role="outer"/>
  <member type="way" ref="1263418468" role="outer"/>
  <member type="way" ref="1263418461" role="outer"/>
  <member type="way" ref="1424740376" role="outer"/>
  <member type="way" ref="140210319" role="outer"/>
  <member type="way" ref="1354597644" role="outer"/>
  <member type="way" ref="140498999" role="outer"/>
  <member type="way" ref="1426035523" role="outer"/>
  <member type="way" ref="1426035522" role="outer"/>
  <member type="way" ref="1265474293" role="outer"/>
  <member type="way" ref="540401458" role="outer"/>
  <member type="way" ref="1354361339" role="outer"/>
  <member type="way" ref="483149602" role="outer"/>
  <member type="way" ref="1354404789" role="outer"/>
  <member type="way" ref="483525471" role="outer"/>
  <member type="way" ref="1354404783" role="outer"/>
  <member type="way" ref="1354404790" role="outer"/>
  <member type="way" ref="1413275006" role="outer"/>
  <member type="relation" ref="19301118" role="subarea"/>
  <member type="relation" ref="19301119" role="subarea"/>
  <member type="relation" ref="19301117" role="subarea"/>
  <member type="relation" ref="19301116" role="subarea"/>
  <member type="relation" ref="19317429" role="subarea"/>
  <member type="relation" ref="19317430" role="subarea"/>
  <member type="relation" ref="19317431" role="subarea"/>
  <member type="relation" ref="19322845" role="subarea"/>
  <member type="relation" ref="19322846" role="subarea"/>
  <member type="relation" ref="19322847" role="subarea"/>
  <member type="relation" ref="19322849" role="subarea"/>
  <member type="relation" ref="19322848" role="subarea"/>
  <member type="relation" ref="19331652" role="subarea"/>
  <member type="relation" ref="19331651" role="subarea"/>
  <member type="relation" ref="19331653" role="subarea"/>
  <member type="relation" ref="19331654" role="subarea"/>
  <member type="relation" ref="19331657" role="subarea"/>
  <member type="relation" ref="19331655" role="subarea"/>
  <member type="relation" ref="19331656" role="subarea"/>
  <member type="relation" ref="19331658" role="subarea"/>
  <member type="relation" ref="19331659" role="subarea"/>
  <member type="relation" ref="19332318" role="subarea"/>
  <member type="relation" ref="19332319" role="subarea"/>
  <member type="relation" ref="19332320" role="subarea"/>
  <member type="relation" ref="19332321" role="subarea"/>
  <member type="relation" ref="19334582" role="subarea"/>
  <member type="relation" ref="19334583" role="subarea"/>
  <member type="relation" ref="19334584" role="subarea"/>
  <member type="relation" ref="19334585" role="subarea"/>
  <member type="relation" ref="19334586" role="subarea"/>
  <member type="relation" ref="19334587" role="subarea"/>
  <member type="relation" ref="19334588" role="subarea"/>
  <member type="relation" ref="19334589" role="subarea"/>
  <member type="relation" ref="19341254" role="subarea"/>
  <member type="relation" ref="19341253" role="subarea"/>
  <member type="relation" ref="19338086" role="subarea"/>
  <member type="relation" ref="19338089" role="subarea"/>
  <member type="relation" ref="19338088" role="subarea"/>
  <member type="relation" ref="19338087" role="subarea"/>
  <member type="relation" ref="19338090" role="subarea"/>
  <member type="relation" ref="19335113" role="subarea"/>
  <member type="relation" ref="19335115" role="subarea"/>
  <member type="relation" ref="19335112" role="subarea"/>
  <member type="relation" ref="19335114" role="subarea"/>
  <member type="relation" ref="19317432" role="subarea"/>
  <member type="relation" ref="19411380" role="subarea"/>
  <member type="relation" ref="19411381" role="subarea"/>
  <member type="relation" ref="19411382" role="subarea"/>
  <member type="relation" ref="19411384" role="subarea"/>
  <member type="relation" ref="19411383" role="subarea"/>
  <member type="relation" ref="19411386" role="subarea"/>
  <member type="relation" ref="19411385" role="subarea"/>
  <member type="relation" ref="19411387" role="subarea"/>
  <member type="relation" ref="19411388" role="subarea"/>
  <member type="relation" ref="19341251" role="subarea"/>
  <member type="relation" ref="19338319" role="subarea"/>
  <member type="relation" ref="19338313" role="subarea"/>
  <member type="relation" ref="19335053" role="subarea"/>
  <member type="relation" ref="19335052" role="subarea"/>
  <member type="relation" ref="19338315" role="subarea"/>
  <member type="relation" ref="19341926" role="subarea"/>
  <member type="relation" ref="19341924" role="subarea"/>
  <member type="relation" ref="19338314" role="subarea"/>
  <member type="relation" ref="19335051" role="subarea"/>
  <member type="relation" ref="19341252" role="subarea"/>
  <member type="relation" ref="19341250" role="subarea"/>
  <member type="relation" ref="19338316" role="subarea"/>
  <member type="relation" ref="19338317" role="subarea"/>
  <member type="relation" ref="19338318" role="subarea"/>
  <member type="relation" ref="19335054" role="subarea"/>
  <member type="relation" ref="19335056" role="subarea"/>
  <member type="relation" ref="19335055" role="subarea"/>
  <member type="relation" ref="19338320" role="subarea"/>
  <member type="relation" ref="19341928" role="subarea"/>
  <member type="relation" ref="19341927" role="subarea"/>
  <member type="relation" ref="19435863" role="subarea"/>
  <member type="relation" ref="19435864" role="subarea"/>
  <member type="relation" ref="19437088" role="subarea"/>
  <member type="relation" ref="19437089" role="subarea"/>
  <member type="relation" ref="19437090" role="subarea"/>
  <member type="relation" ref="19437091" role="subarea"/>
  <member type="relation" ref="19437092" role="subarea"/>
  <member type="relation" ref="19437093" role="subarea"/>
  <member type="relation" ref="19437094" role="subarea"/>
  <member type="relation" ref="19437095" role="subarea"/>
  <member type="relation" ref="19437096" role="subarea"/>
  <member type="relation" ref="19446382" role="subarea"/>
  <member type="relation" ref="19446383" role="subarea"/>
  <member type="relation" ref="19446384" role="subarea"/>
  <member type="relation" ref="19446385" role="subarea"/>
  <member type="relation" ref="19446386" role="subarea"/>
  <member type="relation" ref="19514801" role="subarea"/>
  <member type="relation" ref="19514800" role="subarea"/>
  <member type="relation" ref="19514799" role="subarea"/>
  <member type="relation" ref="19514798" role="subarea"/>
  <member type="relation" ref="19514797" role="subarea"/>
  <member type="relation" ref="19514796" role="subarea"/>
  <member type="relation" ref="19514795" role="subarea"/>
  <member type="relation" ref="19514794" role="subarea"/>
  <member type="relation" ref="19514793" role="subarea"/>
  <member type="relation" ref="19514792" role="subarea"/>
  <member type="relation" ref="19514791" role="subarea"/>
  <member type="relation" ref="19514790" role="subarea"/>
  <member type="relation" ref="19514789" role="subarea"/>
  <member type="relation" ref="19514788" role="subarea"/>
  <member type="relation" ref="19514787" role="subarea"/>
  <member type="relation" ref="19514786" role="subarea"/>
  <member type="relation" ref="19514785" role="subarea"/>
  <member type="relation" ref="19514784" role="subarea"/>
  <member type="relation" ref="19514783" role="subarea"/>
  <member type="relation" ref="19514782" role="subarea"/>
  <member type="relation" ref="19514781" role="subarea"/>
  <member type="relation" ref="19514780" role="subarea"/>
  <member type="relation" ref="19514779" role="subarea"/>
  <member type="relation" ref="19514778" role="subarea"/>
  <member type="relation" ref="19514777" role="subarea"/>
  <member type="relation" ref="19514776" role="subarea"/>
  <member type="relation" ref="19514775" role="subarea"/>
  <member type="relation" ref="19514774" role="subarea"/>
  <member type="relation" ref="19514773" role="subarea"/>
  <member type="relation" ref="19514772" role="subarea"/>
  <member type="relation" ref="19514771" role="subarea"/>
  <member type="relation" ref="19514770" role="subarea"/>
  <member type="relation" ref="19514769" role="subarea"/>
  <member type="relation" ref="19514768" role="subarea"/>
  <member type="relation" ref="19514767" role="subarea"/>
  <tag k="admin_level" v="4"/>
  <tag k="boundary" v="administrative"/>
  <tag k="is_in:country" v="Vietnam"/>
  <tag k="is_in:country_code" v="VN"/>
  <tag k="ISO3166-2" v="VN-HN"/>
  <tag k="name" v="Thành phố Hà Nội"/>
  <tag k="name:am" v="ሀኖይ"/>
  <tag k="name:ar" v="هانوي"/>
  <tag k="name:arz" v="هانوى"/>
  <tag k="name:ast" v="Ḥanói"/>
  <tag k="name:az" v="Hanoy"/>
  <tag k="name:be" v="Ханой"/>
  <tag k="name:be-tarask" v="Ханой"/>
  <tag k="name:bg" v="Ханой"/>
  <tag k="name:bn" v="হ্যানয়"/>
  <tag k="name:bo" v="ཧེ་ནོ།"/>
  <tag k="name:br" v="Ha Noi"/>
  <tag k="name:ca" v="Hanoi"/>
  <tag k="name:ckb" v="ھانۆی"/>
  <tag k="name:cs" v="Hanoj"/>
  <tag k="name:cv" v="Ханой"/>
  <tag k="name:da" v="Hanoi"/>
  <tag k="name:de" v="Hanoi"/>
  <tag k="name:el" v="Ανόι"/>
  <tag k="name:en" v="Hà Nội"/>
  <tag k="name:eo" v="Hanojo"/>
  <tag k="name:es" v="Hanói"/>
  <tag k="name:et" v="Hanoi"/>
  <tag k="name:eu" v="Hanoi"/>
  <tag k="name:fa" v="هانوی"/>
  <tag k="name:fi" v="Hanoi"/>
  <tag k="name:fr" v="Hanoï"/>
  <tag k="name:ga" v="Ha Noi"/>
  <tag k="name:gl" v="Hanoi"/>
  <tag k="name:he" v="האנוי"/>
  <tag k="name:hi" v="हनोई"/>
  <tag k="name:hr" v="Hanoi"/>
  <tag k="name:ht" v="Anòy"/>
  <tag k="name:hu" v="Hanoi"/>
  <tag k="name:hy" v="Հանոյ"/>
  <tag k="name:is" v="Hanoí"/>
  <tag k="name:it" v="Hanoi"/>
  <tag k="name:ja" v="ハノイ"/>
  <tag k="name:ka" v="ჰანოი"/>
  <tag k="name:kk" v="Ханой"/>
  <tag k="name:km" v="ទីក្រុងហានូយ"/>
  <tag k="name:kn" v="ಹಾನೊಯ್"/>
  <tag k="name:ko" v="하노이"/>
  <tag k="name:ku" v="Hanoi"/>
  <tag k="name:lt" v="Hanojus"/>
  <tag k="name:lv" v="Hanoja"/>
  <tag k="name:mhr" v="Ханой"/>
  <tag k="name:mk" v="Ханој"/>
  <tag k="name:mn" v="Ханой"/>
  <tag k="name:mr" v="हनोई"/>
  <tag k="name:my" v="ဟနွိုင်းမြို့"/>
  <tag k="name:mzn" v="هانوی"/>
  <tag k="name:nan" v="Hà Nội"/>
  <tag k="name:nds" v="Hà Nội"/>
  <tag k="name:nl" v="Hanoi"/>
  <tag k="name:oc" v="Hanòi"/>
  <tag k="name:os" v="Ханой"/>
  <tag k="name:pcd" v="Hanoï"/>
  <tag k="name:pl" v="Hanoi"/>
  <tag k="name:pnb" v="ہنوئی"/>
  <tag k="name:pt" v="Hanói"/>
  <tag k="name:qu" v="Ha Nui"/>
  <tag k="name:ru" v="Ханой"/>
  <tag k="name:sah" v="Ханой"/>
  <tag k="name:si" v="හැනෝයි"/>
  <tag k="name:sk" v="Hanoj"/>
  <tag k="name:sl" v="Hanoj"/>
  <tag k="name:sr" v="Ханој"/>
  <tag k="name:sv" v="Hanoi"/>
  <tag k="name:ta" v="ஹனோய்"/>
  <tag k="name:tg" v="Ханой"/>
  <tag k="name:th" v="ฮานอย"/>
  <tag k="name:ug" v="خانوي"/>
  <tag k="name:uk" v="Ханой"/>
  <tag k="name:ur" v="ہنوئی"/>
  <tag k="name:vi" v="Hà Nội"/>
  <tag k="name:vi-Hani" v="河內"/>
  <tag k="name:wuu" v="河內市"/>
  <tag k="name:yue" v="河內市"/>
  <tag k="name:zh" v="河内市"/>
  <tag k="name:zh-Hans" v="河内市"/>
  <tag k="name:zh-Hant" v="河內市"/>
  <tag k="official_name" v="Thành phố Hà Nội"/>
  <tag k="old_name" v="Thăng Long"/>
  <tag k="population" v="8718000"/>
  <tag k="type" v="boundary"/>
  <tag k="UArea" v="3359.80"/>
  <tag k="website" v="https://hanoi.gov.vn"/>
  <tag k="wikidata" v="Q1858"/>
  <tag k="wikipedia" v="vi:Hà Nội"/>
  <tag k="wikivoyage" v="en:Hanoi"/>
 </relation>
 <relation id="9421137" visible="true" version="58" changeset="178609617" timestamp="2026-02-16T04:58:00Z" user="Trần Thanh Tuấn" uid="16014056">
  <member type="way" ref="1413836639" role="outer"/>
  <member type="way" ref="1098119874" role="outer"/>
  <member type="way" ref="925499500" role="outer"/>
  <member type="way" ref="1420437478" role="outer"/>
  <member type="way" ref="1098119914" role="outer"/>
  <member type="way" ref="1420696892" role="outer"/>
  <member type="way" ref="1420696893" role="outer"/>
  <member type="way" ref="832454937" role="outer"/>
  <member type="way" ref="1420696894" role="outer"/>
  <member type="way" ref="1420696895" role="outer"/>
  <member type="way" ref="1173008192" role="outer"/>
  <member type="way" ref="1182556847" role="outer"/>
  <member type="way" ref="1420679235" role="outer"/>
  <member type="way" ref="678539325" role="outer"/>
  <member type="way" ref="1182556844" role="outer"/>
  <member type="way" ref="1000188132" role="outer"/>
  <member type="way" ref="832454940" role="outer"/>
  <member type="way" ref="1195438775" role="outer"/>
  <member type="way" ref="832454939" role="outer"/>
  <member type="way" ref="1195438774" role="outer"/>
  <member type="way" ref="1195448656" role="outer"/>
  <member type="way" ref="678539333" role="outer"/>
  <member type="way" ref="896794950" role="outer"/>
  <member type="way" ref="896794949" role="outer"/>
  <member type="way" ref="832454943" role="outer"/>
  <member type="way" ref="1324696123" role="outer"/>
  <member type="way" ref="678539335" role="outer"/>
  <member type="way" ref="705491700" role="outer"/>
  <member type="way" ref="705491699" role="outer"/>
  <member type="way" ref="678774579" role="outer"/>
  <member type="way" ref="678799141" role="outer"/>
  <member type="way" ref="832454944" role="outer"/>
  <member type="way" ref="1420682850" role="outer"/>
  <member type="way" ref="1420682852" role="outer"/>
  <member type="way" ref="1420682851" role="outer"/>
  <member type="way" ref="832454935" role="outer"/>
  <member type="way" ref="1420682854" role="outer"/>
  <member type="way" ref="1420682855" role="outer"/>
  <member type="way" ref="1420682853" role="outer"/>
  <member type="way" ref="678799138" role="outer"/>
  <member type="way" ref="832454916" role="outer"/>
  <member type="way" ref="832454936" role="outer"/>
  <member type="way" ref="1414615898" role="outer"/>
  <member type="way" ref="1414615899" role="outer"/>
  <member type="way" ref="1098119869" role="outer"/>
  <member type="way" ref="1414615897" role="outer"/>
  <member type="relation" ref="11367524" role="subarea"/>
  <member type="relation" ref="11367519" role="subarea"/>
  <member type="relation" ref="11367520" role="subarea"/>
  <member type="relation" ref="11367521" role="subarea"/>
  <member type="relation" ref="11367522" role="subarea"/>
  <member type="relation" ref="11367523" role="subarea"/>
  <member type="relation" ref="11367518" role="subarea"/>
  <member type="relation" ref="12734019" role="subarea"/>
  <member type="relation" ref="14989991" role="subarea"/>
  <member type="relation" ref="11367526" role="subarea"/>
  <tag k="alt_name:en" v="South Tu Liem District"/>
  <tag k="boundary" v="historic"/>
  <tag k="end_date" v="2025-06-30"/>
  <tag k="name" v="Quận Nam Từ Liêm"/>
  <tag k="name:en" v="Nam Từ Liêm District"/>
  <tag k="name:ko" v="남뜨리엠"/>
  <tag k="name:zh" v="南慈廉郡"/>
  <tag k="name:zh-Hans" v="南慈廉郡"/>
  <tag k="name:zh-Hant" v="南慈廉郡"/>
  <tag k="note" v="DO NOT DELETE PLEASE"/>
  <tag k="type" v="boundary"/>
  <tag k="was:admin_level" v="6"/>
  <tag k="was:boundary" v="administrative"/>
  <tag k="wikidata" v="Q16479957"/>
 </relation>
 <relation id="9424587" visible="true" version="51" changeset="178609617" timestamp="2026-02-16T04:58:00Z" user="Trần Thanh Tuấn" uid="16014056">
  <member type="way" ref="1000333688" role="outer"/>
  <member type="way" ref="1098119886" role="outer"/>
  <member type="way" ref="1000333689" role="outer"/>
  <member type="way" ref="1098119879" role="outer"/>
  <member type="way" ref="1196983052" role="outer"/>
  <member type="way" ref="986921503" role="outer"/>
  <member type="way" ref="483236495" role="outer"/>
  <member type="way" ref="832454922" role="outer"/>
  <member type="way" ref="1420700240" role="outer"/>
  <member type="way" ref="1413836641" role="outer"/>
  <member type="way" ref="1098119870" role="outer"/>
  <member type="way" ref="1413836630" role="outer"/>
  <member type="way" ref="1000425979" role="outer"/>
  <member type="way" ref="1413922755" role="outer"/>
  <member type="way" ref="1414036535" role="outer"/>
  <member type="way" ref="1414036534" role="outer"/>
  <member type="way" ref="1000425980" role="outer"/>
  <member type="way" ref="832454936" role="outer"/>
  <member type="way" ref="1414615898" role="outer"/>
  <member type="way" ref="1414615899" role="outer"/>
  <member type="way" ref="1098119869" role="outer"/>
  <member type="way" ref="1414615897" role="outer"/>
  <member type="way" ref="1413836639" role="outer"/>
  <member type="way" ref="1098119874" role="outer"/>
  <member type="way" ref="925499500" role="outer"/>
  <member type="way" ref="1420437478" role="outer"/>
  <member type="way" ref="1098119914" role="outer"/>
  <member type="way" ref="1420696892" role="outer"/>
  <member type="way" ref="1420696893" role="outer"/>
  <member type="way" ref="832454937" role="outer"/>
  <member type="way" ref="1420696894" role="outer"/>
  <member type="way" ref="1420696895" role="outer"/>
  <member type="way" ref="1173008192" role="outer"/>
  <member type="way" ref="1000116845" role="outer"/>
  <member type="way" ref="1420696901" role="outer"/>
  <member type="way" ref="1420696900" role="outer"/>
  <member type="way" ref="1420696897" role="outer"/>
  <member type="way" ref="1420696898" role="outer"/>
  <member type="way" ref="678539329" role="outer"/>
  <member type="way" ref="1098119919" role="outer"/>
  <member type="way" ref="1268972693" role="outer"/>
  <member type="way" ref="1420686181" role="outer"/>
  <member type="way" ref="1268982566" role="outer"/>
  <member type="way" ref="1098119895" role="outer"/>
  <member type="way" ref="1420437475" role="outer"/>
  <member type="way" ref="1098119894" role="outer"/>
  <member type="way" ref="1000333234" role="outer"/>
  <member type="way" ref="1361665001" role="outer"/>
  <member type="way" ref="1098119891" role="outer"/>
  <member type="way" ref="1365315331" role="outer"/>
  <member type="way" ref="1098119887" role="outer"/>
  <member type="way" ref="1420689163" role="outer"/>
  <member type="relation" ref="14628179" role="subarea"/>
  <member type="relation" ref="14628180" role="subarea"/>
  <member type="relation" ref="14628182" role="subarea"/>
  <member type="relation" ref="14628183" role="subarea"/>
  <member type="relation" ref="14628184" role="subarea"/>
  <member type="relation" ref="14628185" role="subarea"/>
  <member type="relation" ref="14628186" role="subarea"/>
  <member type="relation" ref="14628187" role="subarea"/>
  <member type="relation" ref="14628188" role="subarea"/>
  <member type="relation" ref="14628189" role="subarea"/>
  <member type="relation" ref="14628191" role="subarea"/>
  <member type="relation" ref="14628192" role="subarea"/>
  <member type="relation" ref="14628193" role="subarea"/>
  <member type="relation" ref="14628194" role="subarea"/>
  <member type="relation" ref="14628181" role="subarea"/>
  <tag k="boundary" v="historic"/>
  <tag k="end_date" v="2025-06-30"/>
  <tag k="name" v="Quận Hà Đông"/>
  <tag k="name:en" v="Hà Đông District"/>
  <tag k="name:zh" v="河東郡"/>
  <tag k="name:zh-Hans" v="河东郡"/>
  <tag k="name:zh-Hant" v="河東郡"/>
  <tag k="old_name" v="Thành phố Hà Đông"/>
  <tag k="old_name:de" v="Stadt Hà Đông"/>
  <tag k="type" v="boundary"/>
  <tag k="was:admin_level" v="6"/>
  <tag k="was:boundary" v="administrative"/>
  <tag k="wikidata" v="Q546840"/>
 </relation>
 <relation id="11367518" visible="true" version="21" changeset="170533373" timestamp="2025-08-16T17:07:02Z" user="ItsLouisAnderson" uid="11691953">
  <member type="way" ref="832455033" role="outer"/>
  <member type="way" ref="1182556844" role="outer"/>
  <member type="way" ref="678539325" role="outer"/>
  <member type="way" ref="1420679235" role="outer"/>
  <member type="way" ref="1182556847" role="outer"/>
  <member type="way" ref="1173008192" role="outer"/>
  <member type="way" ref="1420696895" role="outer"/>
  <member type="way" ref="1420696894" role="outer"/>
  <member type="way" ref="832454937" role="outer"/>
  <member type="way" ref="1420696893" role="outer"/>
  <member type="way" ref="1420696892" role="outer"/>
  <member type="way" ref="832455028" role="outer"/>
  <member type="way" ref="832455040" role="outer"/>
  <tag k="admin_level" v="8"/>
  <tag k="boundary" v="historic"/>
  <tag k="name" v="Phường Trung Văn"/>
  <tag k="source" v="GADM"/>
  <tag k="type" v="boundary"/>
 </relation>
 <relation id="13106487" visible="true" version="55" changeset="183089364" timestamp="2026-05-24T02:05:58Z" user="edumiz624" uid="20881381">
  <member type="node" ref="6695986187" role="platform_entry_only"/>
  <member type="node" ref="7622858412" role="platform"/>
  <member type="node" ref="7622858413" role="platform"/>
  <member type="node" ref="8829926853" role="platform"/>
  <member type="node" ref="8829926854" role="platform"/>
  <member type="node" ref="8829926855" role="platform"/>
  <member type="node" ref="8939177170" role="platform"/>
  <member type="node" ref="11166521210" role="platform"/>
  <member type="node" ref="9019312704" role="platform"/>
  <member type="node" ref="9019312706" role="platform"/>
  <member type="node" ref="9019312708" role="platform"/>
  <member type="node" ref="9019312710" role="platform"/>
  <member type="node" ref="9019312712" role="platform"/>
  <member type="node" ref="9019312714" role="platform"/>
  <member type="node" ref="9019312716" role="platform"/>
  <member type="node" ref="444394950" role="platform"/>
  <member type="node" ref="8770675678" role="platform"/>
  <member type="node" ref="738814236" role="platform"/>
  <member type="node" ref="8846358751" role="platform"/>
  <member type="node" ref="8944376754" role="platform"/>
  <member type="node" ref="8846358753" role="platform"/>
  <member type="node" ref="8943684257" role="platform"/>
  <member type="node" ref="8943684259" role="platform"/>
  <member type="node" ref="9019290564" role="platform"/>
  <member type="node" ref="9019290567" role="platform"/>
  <member type="node" ref="9019290614" role="platform"/>
  <member type="node" ref="9019290616" role="platform"/>
  <member type="node" ref="9019312617" role="platform"/>
  <member type="node" ref="9019312621" role="platform"/>
  <member type="node" ref="9019312623" role="platform"/>
  <member type="node" ref="9019312625" role="platform"/>
  <member type="node" ref="9019312627" role="platform"/>
  <member type="node" ref="9019312629" role="platform"/>
  <member type="node" ref="9019312636" role="platform"/>
  <member type="node" ref="9019312638" role="platform"/>
  <member type="node" ref="9019312640" role="platform"/>
  <member type="node" ref="9007633067" role="platform"/>
  <member type="node" ref="9007633069" role="platform"/>
  <member type="node" ref="9007633071" role="platform"/>
  <member type="node" ref="9007633114" role="platform"/>
  <member type="node" ref="9007633116" role="platform"/>
  <member type="node" ref="9007641818" role="platform"/>
  <member type="node" ref="9007641820" role="platform"/>
  <member type="node" ref="9007641822" role="platform"/>
  <member type="node" ref="9007641824" role="platform"/>
  <member type="node" ref="9007641826" role="platform"/>
  <member type="node" ref="9007641828" role="platform"/>
  <member type="node" ref="9007641830" role="platform"/>
  <member type="node" ref="9006046627" role="platform"/>
  <member type="node" ref="9006046625" role="platform"/>
  <member type="node" ref="9006046623" role="platform"/>
  <member type="node" ref="9006046621" role="platform"/>
  <member type="node" ref="9006046619" role="platform"/>
  <member type="node" ref="9006046617" role="platform"/>
  <member type="node" ref="9005978415" role="platform"/>
  <member type="node" ref="9005978413" role="platform"/>
  <member type="node" ref="9005978411" role="platform"/>
  <member type="node" ref="9005978409" role="platform"/>
  <member type="node" ref="9005978407" role="platform"/>
  <member type="node" ref="9005978405" role="platform"/>
  <member type="node" ref="9019312644" role="platform"/>
  <member type="node" ref="9019312647" role="platform"/>
  <member type="node" ref="9019312648" role="platform"/>
  <member type="node" ref="9019312651" role="platform"/>
  <member type="node" ref="9019312652" role="platform"/>
  <member type="node" ref="9019312654" role="platform"/>
  <member type="node" ref="9019312656" role="platform"/>
  <member type="node" ref="9019312658" role="platform"/>
  <member type="node" ref="9019312660" role="platform"/>
  <member type="node" ref="9019312662" role="platform"/>
  <member type="node" ref="9019312668" role="platform"/>
  <member type="node" ref="9019312669" role="platform"/>
  <member type="node" ref="9019312671" role="platform"/>
  <member type="node" ref="9019312673" role="platform"/>
  <member type="node" ref="9019312675" role="platform"/>
  <member type="node" ref="9019312677" role="platform"/>
  <member type="node" ref="9019312679" role="platform"/>
  <member type="node" ref="9019312683" role="platform"/>
  <member type="node" ref="9019312685" role="platform"/>
  <member type="node" ref="9019312687" role="platform"/>
  <member type="node" ref="9019312689" role="platform_exit_only"/>
  <member type="node" ref="11542412969" role="platform"/>
  <member type="node" ref="11542412970" role="platform"/>
  <member type="node" ref="12083496439" role="platform"/>
  <member type="node" ref="9007633065" role="platform"/>
  <member type="node" ref="12579155904" role="platform"/>
  <member type="node" ref="9019312695" role="platform"/>
  <member type="node" ref="9019312697" role="platform"/>
  <member type="node" ref="9019312699" role="platform"/>
  <member type="node" ref="9019312701" role="platform_exit_only"/>
  <member type="way" ref="601529647" role=""/>
  <member type="way" ref="816197481" role=""/>
  <member type="way" ref="704959984" role=""/>
  <member type="way" ref="703986437" role=""/>
  <member type="way" ref="704964051" role=""/>
  <member type="way" ref="898262239" role=""/>
  <member type="way" ref="1240663517" role=""/>
  <member type="way" ref="951694405" role=""/>
  <member type="way" ref="1000435074" role=""/>
  <member type="way" ref="962493746" role=""/>
  <member type="way" ref="948123041" role=""/>
  <member type="way" ref="703986436" role=""/>
  <member type="way" ref="704984905" role=""/>
  <member type="way" ref="704984904" role=""/>
  <member type="way" ref="704984906" role=""/>
  <member type="way" ref="704990515" role=""/>
  <member type="way" ref="704990516" role=""/>
  <member type="way" ref="704031049" role=""/>
  <member type="way" ref="704990514" role=""/>
  <member type="way" ref="704031050" role=""/>
  <member type="way" ref="704031047" role=""/>
  <member type="way" ref="1010846168" role=""/>
  <member type="way" ref="704031048" role=""/>
  <member type="way" ref="675481681" role=""/>
  <member type="way" ref="704994516" role=""/>
  <member type="way" ref="705485362" role=""/>
  <member type="way" ref="705487902" role=""/>
  <member type="way" ref="705487901" role=""/>
  <member type="way" ref="1313180244" role=""/>
  <member type="way" ref="705487900" role=""/>
  <member type="way" ref="705487899" role=""/>
  <member type="way" ref="709368694" role=""/>
  <member type="way" ref="523124296" role=""/>
  <member type="way" ref="711052050" role=""/>
  <member type="way" ref="1262801206" role=""/>
  <member type="way" ref="1262801207" role=""/>
  <member type="way" ref="711054201" role=""/>
  <member type="way" ref="1100987652" role=""/>
  <member type="way" ref="711052049" role=""/>
  <member type="way" ref="711062849" role=""/>
  <member type="way" ref="711062848" role=""/>
  <member type="way" ref="600057058" role=""/>
  <member type="way" ref="1297901086" role=""/>
  <member type="way" ref="709289097" role=""/>
  <member type="way" ref="711062839" role=""/>
  <member type="way" ref="711062840" role=""/>
  <member type="way" ref="1304444843" role=""/>
  <member type="way" ref="688080590" role=""/>
  <member type="way" ref="600057057" role=""/>
  <member type="way" ref="709292815" role=""/>
  <member type="way" ref="974572930" role=""/>
  <member type="way" ref="1148706374" role=""/>
  <member type="way" ref="709295486" role=""/>
  <member type="way" ref="709295484" role=""/>
  <member type="way" ref="709295488" role=""/>
  <member type="way" ref="1148706375" role=""/>
  <member type="way" ref="458067173" role=""/>
  <member type="way" ref="600584096" role=""/>
  <member type="way" ref="974572933" role=""/>
  <member type="way" ref="1064227954" role=""/>
  <member type="way" ref="974572932" role=""/>
  <member type="way" ref="1373000265" role=""/>
  <member type="way" ref="1374431423" role=""/>
  <member type="way" ref="1374431422" role=""/>
  <member type="way" ref="684898287" role=""/>
  <member type="way" ref="1475686333" role=""/>
  <member type="way" ref="37871554" role=""/>
  <member type="way" ref="974572935" role=""/>
  <member type="way" ref="1242183437" role=""/>
  <member type="way" ref="693652773" role=""/>
  <member type="way" ref="1305064571" role=""/>
  <member type="way" ref="1109636292" role=""/>
  <member type="way" ref="1335957666" role=""/>
  <member type="way" ref="1326204766" role=""/>
  <member type="way" ref="600126505" role=""/>
  <member type="way" ref="11858869" role=""/>
  <member type="way" ref="1228974284" role=""/>
  <member type="way" ref="1228974287" role=""/>
  <member type="way" ref="1242183430" role=""/>
  <member type="way" ref="599508333" role=""/>
  <member type="way" ref="1417166741" role=""/>
  <member type="way" ref="1417166740" role=""/>
  <member type="way" ref="599518218" role=""/>
  <member type="way" ref="599518215" role=""/>
  <member type="way" ref="37926684" role=""/>
  <member type="way" ref="251944455" role=""/>
  <member type="way" ref="966693601" role=""/>
  <member type="way" ref="707866398" role=""/>
  <member type="way" ref="707866397" role=""/>
  <member type="way" ref="251944457" role=""/>
  <member type="way" ref="1202853363" role=""/>
  <member type="way" ref="1202853361" role=""/>
  <member type="way" ref="1204837534" role=""/>
  <member type="way" ref="251931717" role=""/>
  <member type="way" ref="251931715" role=""/>
  <member type="way" ref="251931711" role=""/>
  <member type="way" ref="1241605208" role=""/>
  <member type="way" ref="1133612762" role=""/>
  <member type="way" ref="251931712" role=""/>
  <member type="way" ref="1133612761" role=""/>
  <member type="way" ref="1204837536" role=""/>
  <member type="way" ref="1301458010" role=""/>
  <member type="way" ref="1301457568" role=""/>
  <member type="way" ref="1301457569" role=""/>
  <member type="way" ref="1301458012" role=""/>
  <member type="way" ref="1301458013" role=""/>
  <member type="way" ref="707823411" role=""/>
  <member type="way" ref="1301458003" role=""/>
  <member type="way" ref="1204837538" role=""/>
  <member type="way" ref="1286465362" role=""/>
  <member type="way" ref="1286465360" role=""/>
  <member type="way" ref="1301457525" role=""/>
  <member type="way" ref="1301457524" role=""/>
  <member type="way" ref="1286464199" role=""/>
  <member type="way" ref="973215961" role=""/>
  <member type="way" ref="1292635498" role=""/>
  <member type="way" ref="973215963" role=""/>
  <member type="way" ref="1301457559" role=""/>
  <member type="way" ref="1292662273" role=""/>
  <member type="way" ref="1286464200" role=""/>
  <member type="way" ref="1242757298" role=""/>
  <member type="way" ref="1301457613" role=""/>
  <member type="way" ref="1301457612" role=""/>
  <member type="way" ref="596039080" role=""/>
  <member type="way" ref="1301457611" role=""/>
  <member type="way" ref="1301457610" role=""/>
  <member type="way" ref="1010472261" role=""/>
  <member type="way" ref="973215967" role=""/>
  <member type="way" ref="973023154" role=""/>
  <member type="way" ref="974572927" role=""/>
  <member type="way" ref="973023153" role=""/>
  <member type="way" ref="1212166138" role=""/>
  <member type="way" ref="1212166137" role=""/>
  <member type="way" ref="596039079" role=""/>
  <member type="way" ref="251931726" role=""/>
  <member type="way" ref="830463640" role=""/>
  <member type="way" ref="830218986" role=""/>
  <member type="way" ref="830218984" role=""/>
  <member type="way" ref="1286462702" role=""/>
  <member type="way" ref="1512417536" role=""/>
  <member type="way" ref="242429125" role=""/>
  <member type="way" ref="741271257" role=""/>
  <member type="way" ref="768696772" role=""/>
  <member type="way" ref="768696757" role=""/>
  <member type="way" ref="974572949" role=""/>
  <member type="way" ref="974572950" role=""/>
  <member type="way" ref="974572948" role=""/>
  <member type="way" ref="1011259086" role=""/>
  <member type="way" ref="830115910" role=""/>
  <member type="way" ref="1296932097" role=""/>
  <member type="way" ref="1296932098" role=""/>
  <member type="way" ref="1359074567" role=""/>
  <member type="way" ref="830115909" role=""/>
  <member type="way" ref="261330775" role=""/>
  <member type="way" ref="974572951" role=""/>
  <member type="way" ref="974572929" role=""/>
  <tag k="charge" v="20000 VND"/>
  <tag k="colour" v="#27baff"/>
  <tag k="fee" v="yes"/>
  <tag k="from" v="Bến xe Mỹ Đình"/>
  <tag k="interval" v="00:15-00:25"/>
  <tag k="name" v="Bến xe Mỹ Đình - Hương Sơn"/>
  <tag k="name:en" v="My Dinh Bus Station - Huong Son Commune"/>
  <tag k="network" v="Hanoibus"/>
  <tag k="opening_hours" v="Mo-Su 04:50-21:05"/>
  <tag k="operator" v="Xí nghiệp xe Buýt Cầu Bươu"/>
  <tag k="public_transport:version" v="2"/>
  <tag k="ref" v="103A"/>
  <tag k="route" v="bus"/>
  <tag k="to" v="Hương Sơn"/>
  <tag k="type" v="route"/>
 </relation>
 <relation id="13106488" visible="true" version="50" changeset="183089364" timestamp="2026-05-24T02:05:58Z" user="edumiz624" uid="20881381">
  <member type="node" ref="9019312688" role="platform"/>
  <member type="node" ref="9019312686" role="platform"/>
  <member type="node" ref="9019312684" role="platform"/>
  <member type="node" ref="9019312680" role="platform"/>
  <member type="node" ref="9019312678" role="platform"/>
  <member type="node" ref="9019312676" role="platform"/>
  <member type="node" ref="9019312674" role="platform"/>
  <member type="node" ref="9019312672" role="platform"/>
  <member type="node" ref="9019312670" role="platform"/>
  <member type="node" ref="9019312667" role="platform"/>
  <member type="node" ref="9019312663" role="platform"/>
  <member type="node" ref="9019312661" role="platform"/>
  <member type="node" ref="9019312659" role="platform"/>
  <member type="node" ref="9019312657" role="platform"/>
  <member type="node" ref="9019312655" role="platform"/>
  <member type="node" ref="9019312653" role="platform"/>
  <member type="node" ref="9019312650" role="platform"/>
  <member type="node" ref="9019312649" role="platform"/>
  <member type="node" ref="9019312646" role="platform"/>
  <member type="node" ref="9019312645" role="platform"/>
  <member type="node" ref="9005978404" role="platform"/>
  <member type="node" ref="9005978406" role="platform"/>
  <member type="node" ref="9005978408" role="platform"/>
  <member type="node" ref="9005978410" role="platform"/>
  <member type="node" ref="9005978412" role="platform"/>
  <member type="node" ref="9005978414" role="platform"/>
  <member type="node" ref="9005978416" role="platform"/>
  <member type="node" ref="9006046618" role="platform"/>
  <member type="node" ref="9006046620" role="platform"/>
  <member type="node" ref="9006046622" role="platform"/>
  <member type="node" ref="9006046624" role="platform"/>
  <member type="node" ref="9006046626" role="platform"/>
  <member type="node" ref="9007641831" role="platform"/>
  <member type="node" ref="9007641829" role="platform"/>
  <member type="node" ref="9007641827" role="platform"/>
  <member type="node" ref="9007641825" role="platform"/>
  <member type="node" ref="9007641823" role="platform"/>
  <member type="node" ref="9007641821" role="platform"/>
  <member type="node" ref="9007641819" role="platform"/>
  <member type="node" ref="9007641817" role="platform"/>
  <member type="node" ref="9007633115" role="platform"/>
  <member type="node" ref="9007633072" role="platform"/>
  <member type="node" ref="9007633070" role="platform"/>
  <member type="node" ref="9007633068" role="platform"/>
  <member type="node" ref="9019312641" role="platform"/>
  <member type="node" ref="9019312639" role="platform"/>
  <member type="node" ref="9019312637" role="platform"/>
  <member type="node" ref="9019312630" role="platform"/>
  <member type="node" ref="9019312628" role="platform"/>
  <member type="node" ref="9019312626" role="platform"/>
  <member type="node" ref="9019312624" role="platform"/>
  <member type="node" ref="9019312622" role="platform"/>
  <member type="node" ref="9019312620" role="platform"/>
  <member type="node" ref="9019312618" role="platform"/>
  <member type="node" ref="9019290615" role="platform"/>
  <member type="node" ref="9019290568" role="platform"/>
  <member type="node" ref="9019290566" role="platform"/>
  <member type="node" ref="8943684260" role="platform"/>
  <member type="node" ref="8943684258" role="platform"/>
  <member type="node" ref="8846358791" role="platform"/>
  <member type="node" ref="8846358752" role="platform"/>
  <member type="node" ref="8846358793" role="platform"/>
  <member type="node" ref="738814732" role="platform"/>
  <member type="node" ref="8770739153" role="platform"/>
  <member type="node" ref="8846358794" role="platform"/>
  <member type="node" ref="8770739154" role="platform"/>
  <member type="node" ref="444394880" role="platform"/>
  <member type="node" ref="9019312717" role="platform"/>
  <member type="node" ref="9019312715" role="platform"/>
  <member type="node" ref="9019312713" role="platform"/>
  <member type="node" ref="9019312711" role="platform"/>
  <member type="node" ref="9019312709" role="platform"/>
  <member type="node" ref="9019312707" role="platform"/>
  <member type="node" ref="9019312705" role="platform"/>
  <member type="node" ref="4504060143" role="platform"/>
  <member type="node" ref="8821681976" role="platform"/>
  <member type="node" ref="8821681977" role="platform"/>
  <member type="node" ref="8821681978" role="platform"/>
  <member type="node" ref="7617390958" role="platform"/>
  <member type="node" ref="7617390959" role="platform"/>
  <member type="node" ref="7617390960" role="platform"/>
  <member type="node" ref="6695986187" role="platform_exit_only"/>
  <member type="node" ref="11542412971" role="platform"/>
  <member type="node" ref="11542412972" role="platform"/>
  <member type="node" ref="11542412973" role="platform"/>
  <member type="node" ref="11536511328" role="platform"/>
  <member type="node" ref="12083496440" role="platform"/>
  <member type="node" ref="12579155905" role="platform"/>
  <member type="node" ref="9019312689" role="platform_entry_only"/>
  <member type="node" ref="9019312701" role="platform_entry_only"/>
  <member type="node" ref="9019312700" role="platform"/>
  <member type="node" ref="9019312698" role="platform"/>
  <member type="node" ref="9019312696" role="platform"/>
  <member type="node" ref="9019312691" role="platform"/>
  <member type="way" ref="974572929" role=""/>
  <member type="way" ref="974572951" role=""/>
  <member type="way" ref="261330775" role=""/>
  <member type="way" ref="830115909" role=""/>
  <member type="way" ref="1359074567" role=""/>
  <member type="way" ref="1296932098" role=""/>
  <member type="way" ref="1296932097" role=""/>
  <member type="way" ref="830115910" role=""/>
  <member type="way" ref="1011259086" role=""/>
  <member type="way" ref="974572928" role=""/>
  <member type="way" ref="768696772" role=""/>
  <member type="way" ref="741271257" role=""/>
  <member type="way" ref="242429125" role=""/>
  <member type="way" ref="1512417536" role=""/>
  <member type="way" ref="1286462701" role=""/>
  <member type="way" ref="830218984" role=""/>
  <member type="way" ref="830218986" role=""/>
  <member type="way" ref="830463640" role=""/>
  <member type="way" ref="251931726" role=""/>
  <member type="way" ref="596039079" role=""/>
  <member type="way" ref="1212166137" role=""/>
  <member type="way" ref="1212166138" role=""/>
  <member type="way" ref="973023153" role=""/>
  <member type="way" ref="974572927" role=""/>
  <member type="way" ref="973023154" role=""/>
  <member type="way" ref="973215967" role=""/>
  <member type="way" ref="1010472261" role=""/>
  <member type="way" ref="1301457610" role=""/>
  <member type="way" ref="1301457611" role=""/>
  <member type="way" ref="596039080" role=""/>
  <member type="way" ref="1301457612" role=""/>
  <member type="way" ref="1301457613" role=""/>
  <member type="way" ref="1242757298" role=""/>
  <member type="way" ref="1286464200" role=""/>
  <member type="way" ref="1292662272" role=""/>
  <member type="way" ref="1301457558" role=""/>
  <member type="way" ref="896903200" role=""/>
  <member type="way" ref="973215964" role=""/>
  <member type="way" ref="1286464199" role=""/>
  <member type="way" ref="1301457523" role=""/>
  <member type="way" ref="1301457522" role=""/>
  <member type="way" ref="1286465361" role=""/>
  <member type="way" ref="1286465362" role=""/>
  <member type="way" ref="1204837538" role=""/>
  <member type="way" ref="1301458003" role=""/>
  <member type="way" ref="707823411" role=""/>
  <member type="way" ref="1301458013" role=""/>
  <member type="way" ref="1301458012" role=""/>
  <member type="way" ref="1301457569" role=""/>
  <member type="way" ref="1301457568" role=""/>
  <member type="way" ref="974572947" role=""/>
  <member type="way" ref="1301458011" role=""/>
  <member type="way" ref="1204837537" role=""/>
  <member type="way" ref="1289072598" role=""/>
  <member type="way" ref="251931713" role=""/>
  <member type="way" ref="1241605209" role=""/>
  <member type="way" ref="707832293" role=""/>
  <member type="way" ref="1157592664" role=""/>
  <member type="way" ref="251931714" role=""/>
  <member type="way" ref="707850141" role=""/>
  <member type="way" ref="974572941" role=""/>
  <member type="way" ref="707866400" role=""/>
  <member type="way" ref="707866399" role=""/>
  <member type="way" ref="251944463" role=""/>
  <member type="way" ref="707866396" role=""/>
  <member type="way" ref="707866395" role=""/>
  <member type="way" ref="251944461" role=""/>
  <member type="way" ref="707866392" role=""/>
  <member type="way" ref="707866391" role=""/>
  <member type="way" ref="208808785" role=""/>
  <member type="way" ref="966693597" role=""/>
  <member type="way" ref="599518217" role=""/>
  <member type="way" ref="707866380" role=""/>
  <member type="way" ref="966693596" role=""/>
  <member type="way" ref="1417166740" role=""/>
  <member type="way" ref="1417166741" role=""/>
  <member type="way" ref="599508333" role=""/>
  <member type="way" ref="1242183430" role=""/>
  <member type="way" ref="600487186" role=""/>
  <member type="way" ref="1258538394" role=""/>
  <member type="way" ref="1307455575" role=""/>
  <member type="way" ref="220005736" role=""/>
  <member type="way" ref="1307455574" role=""/>
  <member type="way" ref="708569810" role=""/>
  <member type="way" ref="344408606" role=""/>
  <member type="way" ref="1307455571" role=""/>
  <member type="way" ref="1307455573" role=""/>
  <member type="way" ref="38020420" role=""/>
  <member type="way" ref="1318958371" role=""/>
  <member type="way" ref="1305064572" role=""/>
  <member type="way" ref="708941780" role=""/>
  <member type="way" ref="1109636291" role=""/>
  <member type="way" ref="1242183436" role=""/>
  <member type="way" ref="1109636297" role=""/>
  <member type="way" ref="710270798" role=""/>
  <member type="way" ref="250707370" role=""/>
  <member type="way" ref="37871554" role=""/>
  <member type="way" ref="1475686333" role=""/>
  <member type="way" ref="684898287" role=""/>
  <member type="way" ref="1374431425" role=""/>
  <member type="way" ref="1374431428" role=""/>
  <member type="way" ref="1374431416" role=""/>
  <member type="way" ref="1064227953" role=""/>
  <member type="way" ref="974572934" role=""/>
  <member type="way" ref="600584099" role=""/>
  <member type="way" ref="600584098" role=""/>
  <member type="way" ref="709292814" role=""/>
  <member type="way" ref="600057056" role=""/>
  <member type="way" ref="1309201478" role=""/>
  <member type="way" ref="600057055" role=""/>
  <member type="way" ref="709289096" role=""/>
  <member type="way" ref="1240199930" role=""/>
  <member type="way" ref="688080591" role=""/>
  <member type="way" ref="1214746625" role=""/>
  <member type="way" ref="711052048" role=""/>
  <member type="way" ref="711052047" role=""/>
  <member type="way" ref="630092757" role=""/>
  <member type="way" ref="1054590950" role=""/>
  <member type="way" ref="1215294414" role=""/>
  <member type="way" ref="974572938" role=""/>
  <member type="way" ref="773083570" role=""/>
  <member type="way" ref="773083571" role=""/>
  <member type="way" ref="705501038" role=""/>
  <member type="way" ref="705501037" role=""/>
  <member type="way" ref="705501036" role=""/>
  <member type="way" ref="705501039" role=""/>
  <member type="way" ref="704994517" role=""/>
  <member type="way" ref="675481682" role=""/>
  <member type="way" ref="705508334" role=""/>
  <member type="way" ref="705508333" role=""/>
  <member type="way" ref="705508332" role=""/>
  <member type="way" ref="704024160" role=""/>
  <member type="way" ref="962493734" role=""/>
  <member type="way" ref="37562784" role=""/>
  <member type="way" ref="704024159" role=""/>
  <member type="way" ref="706403447" role=""/>
  <member type="way" ref="704015766" role=""/>
  <member type="way" ref="704015767" role=""/>
  <member type="way" ref="704013518" role=""/>
  <member type="way" ref="703992425" role=""/>
  <member type="way" ref="705790144" role=""/>
  <member type="way" ref="705790143" role=""/>
  <member type="way" ref="703992426" role=""/>
  <member type="way" ref="703997645" role=""/>
  <member type="way" ref="703997646" role=""/>
  <member type="way" ref="815619172" role=""/>
  <member type="way" ref="705564896" role=""/>
  <member type="way" ref="703992427" role=""/>
  <member type="way" ref="1458914359" role=""/>
  <member type="way" ref="703521534" role=""/>
  <member type="way" ref="703521533" role=""/>
  <member type="way" ref="1337871557" role=""/>
  <member type="way" ref="704705860" role=""/>
  <member type="way" ref="704705861" role=""/>
  <member type="way" ref="703519573" role=""/>
  <member type="way" ref="704942289" role=""/>
  <member type="way" ref="1163312635" role=""/>
  <member type="way" ref="704942290" role=""/>
  <member type="way" ref="952211058" role=""/>
  <tag k="charge" v="20000 VND"/>
  <tag k="colour" v="#27baff"/>
  <tag k="fee" v="yes"/>
  <tag k="from" v="Hương Sơn"/>
  <tag k="interval" v="00:15-00:25"/>
  <tag k="name" v="Hương Sơn - Bến xe Mỹ Đình"/>
  <tag k="name:en" v="Huong Son Commune - My Dinh Bus Station"/>
  <tag k="network" v="Hanoibus"/>
  <tag k="opening_hours" v="Mo-Su 04:45-21:05"/>
  <tag k="operator" v="Xí nghiệp xe Buýt Cầu Bươu"/>
  <tag k="public_transport:version" v="2"/>
  <tag k="ref" v="103A"/>
  <tag k="route" v="bus"/>
  <tag k="to" v="Bến xe Mỹ Đình"/>
  <tag k="type" v="route"/>
 </relation>
 <relation id="13106489" visible="true" version="3" changeset="178011178" timestamp="2026-02-02T15:09:12Z" user="edumiz624" uid="20881381">
  <member type="relation" ref="13106487" role=""/>
  <member type="relation" ref="13106488" role=""/>
  <tag k="name" v="Bến xe Mỹ Đình ↔ Hương Sơn"/>
  <tag k="name:en" v="My Dinh Bus Station - Huong Son Commune"/>
  <tag k="network" v="Hanoibus"/>
  <tag k="operator" v="Xí nghiệp xe Buýt Cầu Bươu"/>
  <tag k="ref" v="103A"/>
  <tag k="route_master" v="bus"/>
  <tag k="type" v="route_master"/>
 </relation>
 <relation id="14628194" visible="true" version="14" changeset="170533373" timestamp="2025-08-16T17:07:02Z" user="ItsLouisAnderson" uid="11691953">
  <member type="way" ref="1098119920" role="outer"/>
  <member type="way" ref="1420696895" role="outer"/>
  <member type="way" ref="1420696894" role="outer"/>
  <member type="way" ref="832454937" role="outer"/>
  <member type="way" ref="1420696893" role="outer"/>
  <member type="way" ref="1420696892" role="outer"/>
  <member type="way" ref="1098119914" role="outer"/>
  <member type="way" ref="1098119915" role="outer"/>
  <member type="way" ref="1098119923" role="outer"/>
  <tag k="admin_level" v="8"/>
  <tag k="boundary" v="historic"/>
  <tag k="name" v="Phường Mộ Lao"/>
  <tag k="type" v="boundary"/>
  <tag k="wikidata" v="Q10796616"/>
  <tag k="wikipedia" v="vi:Mộ Lao"/>
 </relation>
 <relation id="17058838" visible="true" version="42" changeset="180704615" timestamp="2026-04-01T07:09:15Z" user="edumiz624" uid="20881381">
  <member type="node" ref="11522073219" role="platform"/>
  <member type="node" ref="11536511312" role="platform"/>
  <member type="node" ref="11536511313" role="platform"/>
  <member type="node" ref="8755733280" role="platform"/>
  <member type="node" ref="11536511314" role="platform"/>
  <member type="node" ref="11536511315" role="platform"/>
  <member type="node" ref="11536511316" role="platform"/>
  <member type="node" ref="11536511317" role="platform"/>
  <member type="node" ref="9759331213" role="platform"/>
  <member type="node" ref="10022468850" role="platform"/>
  <member type="node" ref="10022468851" role="platform"/>
  <member type="node" ref="11536511318" role="platform"/>
  <member type="node" ref="11536511319" role="platform"/>
  <member type="node" ref="11536511320" role="platform"/>
  <member type="node" ref="11150870825" role="platform"/>
  <member type="node" ref="9019290567" role="platform"/>
  <member type="node" ref="9019290614" role="platform"/>
  <member type="node" ref="9019290616" role="platform"/>
  <member type="node" ref="9019312617" role="platform"/>
  <member type="node" ref="11536511321" role="platform"/>
  <member type="node" ref="11536511322" role="platform_exit_only"/>
  <member type="node" ref="8856191317" role="platform_entry_only"/>
  <member type="node" ref="12082634697" role="platform"/>
  <member type="node" ref="7622885213" role="platform"/>
  <member type="node" ref="7622910381" role="platform"/>
  <member type="node" ref="7622910382" role="platform"/>
  <member type="node" ref="7622910383" role="platform"/>
  <member type="node" ref="11166521210" role="platform"/>
  <member type="node" ref="9019312704" role="platform"/>
  <member type="node" ref="9019312706" role="platform"/>
  <member type="node" ref="9019312708" role="platform"/>
  <member type="node" ref="9019312710" role="platform"/>
  <member type="node" ref="9019312712" role="platform"/>
  <member type="node" ref="9019312714" role="platform"/>
  <member type="node" ref="9019312716" role="platform"/>
  <member type="node" ref="444394950" role="platform"/>
  <member type="way" ref="37447735" role=""/>
  <member type="way" ref="954183039" role=""/>
  <member type="way" ref="967878673" role=""/>
  <member type="way" ref="38030916" role=""/>
  <member type="way" ref="136572163" role=""/>
  <member type="way" ref="136572163" role=""/>
  <member type="way" ref="967878684" role=""/>
  <member type="way" ref="954183040" role=""/>
  <member type="way" ref="958138886" role=""/>
  <member type="way" ref="958138885" role=""/>
  <member type="way" ref="181564349" role=""/>
  <member type="way" ref="615426398" role=""/>
  <member type="way" ref="712065731" role=""/>
  <member type="way" ref="601578052" role=""/>
  <member type="way" ref="1205148105" role=""/>
  <member type="way" ref="1205147387" role=""/>
  <member type="way" ref="1241122650" role=""/>
  <member type="way" ref="1205146902" role=""/>
  <member type="way" ref="106049739" role=""/>
  <member type="way" ref="1110149612" role=""/>
  <member type="way" ref="157031808" role=""/>
  <member type="way" ref="1467790157" role=""/>
  <member type="way" ref="709788192" role=""/>
  <member type="way" ref="709788184" role=""/>
  <member type="way" ref="1241605198" role=""/>
  <member type="way" ref="601860675" role=""/>
  <member type="way" ref="709788194" role=""/>
  <member type="way" ref="1012665669" role=""/>
  <member type="way" ref="601905897" role=""/>
  <member type="way" ref="25954131" role=""/>
  <member type="way" ref="1241605201" role=""/>
  <member type="way" ref="705529723" role=""/>
  <member type="way" ref="705529722" role=""/>
  <member type="way" ref="1455949134" role=""/>
  <member type="way" ref="344953759" role=""/>
  <member type="way" ref="705487703" role=""/>
  <member type="way" ref="945783759" role=""/>
  <member type="way" ref="600518175" role=""/>
  <member type="way" ref="1205381232" role=""/>
  <member type="way" ref="1242935510" role=""/>
  <member type="way" ref="816842161" role=""/>
  <member type="way" ref="1102812589" role=""/>
  <member type="way" ref="702572992" role=""/>
  <member type="way" ref="705574386" role=""/>
  <member type="way" ref="702572998" role=""/>
  <member type="way" ref="464488488" role=""/>
  <member type="way" ref="1102812588" role=""/>
  <member type="way" ref="408828309" role=""/>
  <member type="way" ref="1304254918" role=""/>
  <member type="way" ref="1130829741" role=""/>
  <member type="way" ref="710360126" role=""/>
  <member type="way" ref="1158361669" role=""/>
  <member type="way" ref="1100987653" role=""/>
  <member type="way" ref="1100995755" role=""/>
  <member type="way" ref="1215294415" role=""/>
  <member type="way" ref="974572937" role=""/>
  <member type="way" ref="1054590951" role=""/>
  <member type="way" ref="711052050" role=""/>
  <member type="way" ref="1262801206" role=""/>
  <member type="way" ref="1262801207" role=""/>
  <member type="way" ref="711054201" role=""/>
  <member type="way" ref="1100987652" role=""/>
  <member type="way" ref="711052049" role=""/>
  <member type="way" ref="711062849" role=""/>
  <member type="way" ref="711062848" role=""/>
  <member type="way" ref="600057058" role=""/>
  <member type="way" ref="1297901086" role=""/>
  <member type="way" ref="709289097" role=""/>
  <member type="way" ref="711062839" role=""/>
  <member type="way" ref="711062840" role=""/>
  <member type="way" ref="1304444843" role=""/>
  <member type="way" ref="688080590" role=""/>
  <member type="way" ref="600057057" role=""/>
  <member type="way" ref="709292815" role=""/>
  <member type="way" ref="974572930" role=""/>
  <member type="way" ref="1148706374" role=""/>
  <member type="way" ref="709295486" role=""/>
  <member type="way" ref="709295484" role=""/>
  <member type="way" ref="709295488" role=""/>
  <member type="way" ref="1148706375" role=""/>
  <member type="way" ref="458067173" role=""/>
  <member type="way" ref="600584096" role=""/>
  <member type="way" ref="974572933" role=""/>
  <member type="way" ref="1064227954" role=""/>
  <member type="way" ref="974572932" role=""/>
  <member type="way" ref="1373000265" role=""/>
  <member type="way" ref="1374431423" role=""/>
  <member type="way" ref="1374431422" role=""/>
  <member type="way" ref="684898287" role=""/>
  <member type="way" ref="1475686333" role=""/>
  <member type="way" ref="37871554" role=""/>
  <member type="way" ref="974572935" role=""/>
  <member type="way" ref="1242183437" role=""/>
  <member type="way" ref="693652773" role=""/>
  <member type="way" ref="1305064571" role=""/>
  <member type="way" ref="1109636292" role=""/>
  <member type="way" ref="600126493" role=""/>
  <member type="way" ref="38020420" role=""/>
  <member type="way" ref="1318958371" role=""/>
  <member type="way" ref="1305064572" role=""/>
  <member type="way" ref="708941780" role=""/>
  <member type="way" ref="1109636290" role=""/>
  <member type="way" ref="708932477" role=""/>
  <member type="way" ref="1241605205" role=""/>
  <member type="way" ref="708932480" role=""/>
  <member type="way" ref="599606604" role=""/>
  <member type="way" ref="1258539392" role=""/>
  <member type="way" ref="399841613" role=""/>
  <member type="way" ref="1258535762" role=""/>
  <member type="way" ref="1258535761" role=""/>
  <member type="way" ref="1146186228" role=""/>
  <member type="way" ref="708635248" role=""/>
  <member type="way" ref="600487189" role=""/>
  <member type="way" ref="220005740" role=""/>
  <member type="way" ref="208808780" role=""/>
  <member type="way" ref="1109636263" role=""/>
  <member type="way" ref="1109636269" role=""/>
  <member type="way" ref="1109636272" role=""/>
  <member type="way" ref="1109636273" role=""/>
  <member type="way" ref="1359074558" role=""/>
  <member type="way" ref="1344947452" role=""/>
  <member type="way" ref="1109636267" role=""/>
  <member type="way" ref="965548427" role=""/>
  <member type="way" ref="1241605212" role=""/>
  <member type="way" ref="208808754" role=""/>
  <member type="way" ref="599233508" role=""/>
  <member type="way" ref="1109636279" role=""/>
  <member type="way" ref="1204837534" role=""/>
  <member type="way" ref="251931717" role=""/>
  <member type="way" ref="251931715" role=""/>
  <member type="way" ref="251931711" role=""/>
  <member type="way" ref="1241605210" role=""/>
  <member type="way" ref="595927441" role=""/>
  <member type="way" ref="598763578" role=""/>
  <tag k="charge" v="10000 VND"/>
  <tag k="colour" v="#76c04d"/>
  <tag k="fee" v="yes"/>
  <tag k="from" v="Công viên Nghĩa Đô"/>
  <tag k="interval" v="00:20-00:30"/>
  <tag k="name" v="Công viên Nghĩa Đô - Khu đô thị Thanh Hà"/>
  <tag k="name:en" v="Nghia Do Park - Thanh Ha Urban Area"/>
  <tag k="network" v="Hanoibus"/>
  <tag k="opening_hours" v="Mo-Su 05:15-21:10"/>
  <tag k="operator" v="Xí nghiệp Xe buýt Cầu Bươu"/>
  <tag k="ref" v="85"/>
  <tag k="route" v="bus"/>
  <tag k="to" v="Khu đô thị Thanh Hà"/>
  <tag k="type" v="route"/>
 </relation>
 <relation id="17059213" visible="true" version="31" changeset="180704615" timestamp="2026-04-01T07:09:15Z" user="edumiz624" uid="20881381">
  <member type="node" ref="11536511322" role="platform_entry_only"/>
  <member type="node" ref="11536511323" role="platform"/>
  <member type="node" ref="11536511324" role="platform"/>
  <member type="node" ref="11536511325" role="platform"/>
  <member type="node" ref="8930987737" role="platform"/>
  <member type="node" ref="10024786182" role="platform"/>
  <member type="node" ref="10024786183" role="platform"/>
  <member type="node" ref="10024786184" role="platform"/>
  <member type="node" ref="11536511326" role="platform"/>
  <member type="node" ref="11536511327" role="platform"/>
  <member type="node" ref="9019312713" role="platform"/>
  <member type="node" ref="9019312711" role="platform"/>
  <member type="node" ref="9019312709" role="platform"/>
  <member type="node" ref="9019312707" role="platform"/>
  <member type="node" ref="9019312705" role="platform"/>
  <member type="node" ref="11536511328" role="platform"/>
  <member type="node" ref="11536511329" role="platform"/>
  <member type="node" ref="8236289502" role="platform"/>
  <member type="node" ref="11536511330" role="platform"/>
  <member type="node" ref="11536511331" role="platform"/>
  <member type="node" ref="8865361295" role="platform"/>
  <member type="node" ref="11522073217" role="platform"/>
  <member type="node" ref="8856191317" role="platform_exit_only"/>
  <member type="node" ref="8770739154" role="platform"/>
  <member type="node" ref="9019312618" role="platform"/>
  <member type="node" ref="9019290615" role="platform"/>
  <member type="node" ref="9019290568" role="platform"/>
  <member type="node" ref="11150870824" role="platform"/>
  <member type="node" ref="9019312717" role="platform"/>
  <member type="node" ref="9019312715" role="platform"/>
  <member type="node" ref="738814284" role="platform"/>
  <member type="node" ref="7617390947" role="platform"/>
  <member type="node" ref="7617390955" role="platform"/>
  <member type="node" ref="7617390956" role="platform"/>
  <member type="node" ref="12083496440" role="platform"/>
  <member type="way" ref="598763578" role=""/>
  <member type="way" ref="595927441" role=""/>
  <member type="way" ref="707832293" role=""/>
  <member type="way" ref="1157592664" role=""/>
  <member type="way" ref="251931714" role=""/>
  <member type="way" ref="707850141" role=""/>
  <member type="way" ref="974572941" role=""/>
  <member type="way" ref="1202853362" role=""/>
  <member type="way" ref="1202853363" role=""/>
  <member type="way" ref="208808786" role=""/>
  <member type="way" ref="208808754" role=""/>
  <member type="way" ref="37926693" role=""/>
  <member type="way" ref="965548428" role=""/>
  <member type="way" ref="965408113" role=""/>
  <member type="way" ref="1344947452" role=""/>
  <member type="way" ref="1109636264" role=""/>
  <member type="way" ref="37926685" role=""/>
  <member type="way" ref="1094319615" role=""/>
  <member type="way" ref="208808780" role=""/>
  <member type="way" ref="220005740" role=""/>
  <member type="way" ref="600487189" role=""/>
  <member type="way" ref="708635248" role=""/>
  <member type="way" ref="1146186228" role=""/>
  <member type="way" ref="1258535761" role=""/>
  <member type="way" ref="1258535762" role=""/>
  <member type="way" ref="399841613" role=""/>
  <member type="way" ref="1258539392" role=""/>
  <member type="way" ref="599606604" role=""/>
  <member type="way" ref="708932476" role=""/>
  <member type="way" ref="1242183425" role=""/>
  <member type="way" ref="708932475" role=""/>
  <member type="way" ref="1242183435" role=""/>
  <member type="way" ref="1241605204" role=""/>
  <member type="way" ref="37871586" role=""/>
  <member type="way" ref="1242183436" role=""/>
  <member type="way" ref="1109636297" role=""/>
  <member type="way" ref="710270798" role=""/>
  <member type="way" ref="250707370" role=""/>
  <member type="way" ref="37871554" role=""/>
  <member type="way" ref="1475686333" role=""/>
  <member type="way" ref="684898287" role=""/>
  <member type="way" ref="1374431425" role=""/>
  <member type="way" ref="1374431428" role=""/>
  <member type="way" ref="1374431416" role=""/>
  <member type="way" ref="1064227953" role=""/>
  <member type="way" ref="974572934" role=""/>
  <member type="way" ref="600584099" role=""/>
  <member type="way" ref="600584098" role=""/>
  <member type="way" ref="709292814" role=""/>
  <member type="way" ref="600057056" role=""/>
  <member type="way" ref="1309201478" role=""/>
  <member type="way" ref="600057055" role=""/>
  <member type="way" ref="709289096" role=""/>
  <member type="way" ref="1240199930" role=""/>
  <member type="way" ref="688080591" role=""/>
  <member type="way" ref="1214746625" role=""/>
  <member type="way" ref="711052048" role=""/>
  <member type="way" ref="711052047" role=""/>
  <member type="way" ref="630092757" role=""/>
  <member type="way" ref="1054590950" role=""/>
  <member type="way" ref="1215294414" role=""/>
  <member type="way" ref="974572938" role=""/>
  <member type="way" ref="1100995756" role=""/>
  <member type="way" ref="1304254919" role=""/>
  <member type="way" ref="1100987654" role=""/>
  <member type="way" ref="710360128" role=""/>
  <member type="way" ref="1139127115" role=""/>
  <member type="way" ref="1139127117" role=""/>
  <member type="way" ref="1130829742" role=""/>
  <member type="way" ref="408828309" role=""/>
  <member type="way" ref="815619170" role=""/>
  <member type="way" ref="464488487" role=""/>
  <member type="way" ref="702572999" role=""/>
  <member type="way" ref="702572990" role=""/>
  <member type="way" ref="702572991" role=""/>
  <member type="way" ref="464488489" role=""/>
  <member type="way" ref="816842160" role=""/>
  <member type="way" ref="1102812591" role=""/>
  <member type="way" ref="1102812590" role=""/>
  <member type="way" ref="1242935515" role=""/>
  <member type="way" ref="1205381231" role=""/>
  <member type="way" ref="600518175" role=""/>
  <member type="way" ref="945783759" role=""/>
  <member type="way" ref="705487703" role=""/>
  <member type="way" ref="344953759" role=""/>
  <member type="way" ref="1455949134" role=""/>
  <member type="way" ref="705529722" role=""/>
  <member type="way" ref="1241605215" role=""/>
  <member type="way" ref="397016904" role=""/>
  <member type="way" ref="706496931" role=""/>
  <member type="way" ref="705792970" role=""/>
  <member type="way" ref="1012665670" role=""/>
  <member type="way" ref="1012665685" role=""/>
  <member type="way" ref="116436710" role=""/>
  <member type="way" ref="1115710779" role=""/>
  <member type="way" ref="709788186" role=""/>
  <member type="way" ref="709788193" role=""/>
  <member type="way" ref="1390613355" role=""/>
  <member type="way" ref="1467790157" role=""/>
  <member type="way" ref="157031808" role=""/>
  <member type="way" ref="1110149612" role=""/>
  <member type="way" ref="106049739" role=""/>
  <member type="way" ref="1205146902" role=""/>
  <member type="way" ref="1241122650" role=""/>
  <member type="way" ref="1205147387" role=""/>
  <member type="way" ref="156898469" role=""/>
  <member type="way" ref="157394824" role=""/>
  <member type="way" ref="776703518" role=""/>
  <member type="way" ref="712065731" role=""/>
  <member type="way" ref="615426398" role=""/>
  <member type="way" ref="37447734" role=""/>
  <member type="way" ref="967878672" role=""/>
  <member type="way" ref="184919488" role=""/>
  <member type="way" ref="38030916" role=""/>
  <member type="way" ref="967878673" role=""/>
  <member type="way" ref="420754266" role=""/>
  <member type="way" ref="1240365577" role=""/>
  <member type="way" ref="1240365578" role=""/>
  <member type="way" ref="957062227" role=""/>
  <member type="way" ref="957062226" role=""/>
  <member type="way" ref="956690100" role=""/>
  <tag k="charge" v="10000 VND"/>
  <tag k="colour" v="#76c04d"/>
  <tag k="fee" v="yes"/>
  <tag k="from" v="Khu đô thị Thanh Hà"/>
  <tag k="interval" v="00:20-00:30"/>
  <tag k="name" v="Khu đô thị Thanh Hà - Công viện Nghĩa Đô"/>
  <tag k="name:en" v="Thanh Ha Urban Area - Nghia Do Park"/>
  <tag k="network" v="Hanoibus"/>
  <tag k="opening_hours" v="Mo-Su 05:00-21:05"/>
  <tag k="operator" v="Xí nghiệp xe buýt Cầu Bươu"/>
  <tag k="ref" v="85"/>
  <tag k="route" v="bus"/>
  <tag k="to" v="Công viên Nghĩa Đô"/>
  <tag k="type" v="route"/>
 </relation>
 <relation id="17059214" visible="true" version="2" changeset="148274894" timestamp="2024-03-06T03:52:58Z" user="edumiz624" uid="20881381">
  <member type="relation" ref="17058838" role=""/>
  <member type="relation" ref="17059213" role=""/>
  <tag k="name" v="Công viên Nghĩa Đô - Khu đô thị Thanh Hà"/>
  <tag k="name:en" v="Nghia Do Park - Thanh Ha Urban Area"/>
  <tag k="network" v="Hanoibus"/>
  <tag k="operator" v="Xí nghiệp xe buýt Cầu Bươu"/>
  <tag k="ref" v="85"/>
  <tag k="route_master" v="bus"/>
  <tag k="type" v="route_master"/>
 </relation>
 <relation id="19166353" visible="true" version="1" changeset="166661729" timestamp="2025-05-23T15:15:19Z" user="Hung Tran 9x0" uid="20910140">
  <member type="way" ref="755115316" role="outer"/>
  <member type="way" ref="755111015" role="outer"/>
  <tag k="addr:street" v="Khu Đô Thị Mỗ Lao"/>
  <tag k="building" v="yes"/>
  <tag k="name" v="Chung cư TSQ Euroland"/>
  <tag k="type" v="multipolygon"/>
 </relation>
 <relation id="19261106" visible="true" version="28" changeset="171228959" timestamp="2025-08-30T13:50:00Z" user="Kiharu1410" uid="10610073">
  <member type="way" ref="1357798440" role="outer"/>
  <member type="way" ref="1359056474" role="outer"/>
  <member type="way" ref="1418877640" role="outer"/>
  <member type="way" ref="1360322821" role="outer"/>
  <member type="way" ref="1360322823" role="outer"/>
  <member type="way" ref="1425977540" role="outer"/>
  <member type="way" ref="1425977539" role="outer"/>
  <member type="way" ref="483226558" role="outer"/>
  <member type="way" ref="1425977538" role="outer"/>
  <member type="way" ref="1425977537" role="outer"/>
  <member type="way" ref="1360322820" role="outer"/>
  <member type="way" ref="1360322830" role="outer"/>
  <member type="way" ref="484464066" role="outer"/>
  <member type="way" ref="1311443022" role="outer"/>
  <member type="way" ref="1420761668" role="outer"/>
  <member type="way" ref="1420761666" role="outer"/>
  <member type="way" ref="1420761665" role="outer"/>
  <member type="way" ref="1420761663" role="outer"/>
  <member type="way" ref="1420761661" role="outer"/>
  <member type="way" ref="1420761660" role="outer"/>
  <member type="way" ref="1420761659" role="outer"/>
  <member type="way" ref="1311443025" role="outer"/>
  <member type="way" ref="1360322828" role="outer"/>
  <member type="way" ref="1420761669" role="outer"/>
  <member type="way" ref="1420761656" role="outer"/>
  <member type="way" ref="483226559" role="outer"/>
  <member type="way" ref="1360322845" role="outer"/>
  <member type="way" ref="1361660788" role="outer"/>
  <member type="way" ref="1311443017" role="outer"/>
  <member type="way" ref="1361660787" role="outer"/>
  <member type="way" ref="1361660789" role="outer"/>
  <member type="way" ref="1311443016" role="outer"/>
  <member type="way" ref="1268977625" role="outer"/>
  <member type="way" ref="1361665003" role="outer"/>
  <member type="way" ref="483232113" role="outer"/>
  <member type="way" ref="1268977337" role="outer"/>
  <member type="way" ref="1420437475" role="outer"/>
  <member type="way" ref="1098119895" role="outer"/>
  <member type="way" ref="1268982566" role="outer"/>
  <member type="way" ref="1420686181" role="outer"/>
  <member type="way" ref="1268972693" role="outer"/>
  <member type="way" ref="1098119919" role="outer"/>
  <member type="way" ref="678539329" role="outer"/>
  <member type="way" ref="1420696898" role="outer"/>
  <member type="way" ref="1420696897" role="outer"/>
  <member type="way" ref="1420696900" role="outer"/>
  <member type="way" ref="1420696901" role="outer"/>
  <member type="way" ref="1000116845" role="outer"/>
  <member type="way" ref="1173008192" role="outer"/>
  <member type="way" ref="1420696895" role="outer"/>
  <member type="way" ref="1420696894" role="outer"/>
  <member type="way" ref="832454937" role="outer"/>
  <member type="way" ref="1420696893" role="outer"/>
  <member type="way" ref="1420696892" role="outer"/>
  <member type="way" ref="1098119914" role="outer"/>
  <member type="way" ref="1420437478" role="outer"/>
  <member type="way" ref="925499500" role="outer"/>
  <member type="way" ref="1098119874" role="outer"/>
  <member type="way" ref="1413836639" role="outer"/>
  <member type="way" ref="1414615897" role="outer"/>
  <member type="way" ref="1098119869" role="outer"/>
  <member type="way" ref="1414615899" role="outer"/>
  <member type="way" ref="1414615898" role="outer"/>
  <member type="way" ref="832454936" role="outer"/>
  <member type="way" ref="1000425980" role="outer"/>
  <member type="way" ref="1414036534" role="outer"/>
  <member type="way" ref="1414036535" role="outer"/>
  <member type="way" ref="1413922755" role="outer"/>
  <member type="way" ref="1000425979" role="outer"/>
  <member type="way" ref="1413836630" role="outer"/>
  <member type="way" ref="1098119870" role="outer"/>
  <member type="way" ref="1413836641" role="outer"/>
  <member type="way" ref="1420700240" role="outer"/>
  <member type="way" ref="832454922" role="outer"/>
  <member type="way" ref="483236495" role="outer"/>
  <member type="way" ref="1352838536" role="outer"/>
  <member type="way" ref="1352854198" role="outer"/>
  <member type="way" ref="1352856242" role="outer"/>
  <member type="way" ref="1395681382" role="outer"/>
  <member type="way" ref="483192213" role="outer"/>
  <member type="way" ref="1395681377" role="outer"/>
  <member type="way" ref="1352862688" role="outer"/>
  <member type="way" ref="1339202537" role="outer"/>
  <member type="way" ref="1339202536" role="outer"/>
  <member type="way" ref="1352866552" role="outer"/>
  <member type="way" ref="1426035510" role="outer"/>
  <member type="way" ref="1426035511" role="outer"/>
  <member type="way" ref="483192219" role="outer"/>
  <member type="way" ref="1352870163" role="outer"/>
  <member type="way" ref="1353288737" role="outer"/>
  <member type="way" ref="1353291327" role="outer"/>
  <member type="way" ref="1352870162" role="outer"/>
  <member type="way" ref="764373558" role="outer"/>
  <member type="way" ref="762882413" role="outer"/>
  <member type="way" ref="1426035508" role="outer"/>
  <member type="way" ref="1426035509" role="outer"/>
  <member type="way" ref="903384225" role="outer"/>
  <member type="way" ref="1424383804" role="outer"/>
  <member type="way" ref="1424383805" role="outer"/>
  <member type="way" ref="483632310" role="outer"/>
  <member type="way" ref="140210317" role="outer"/>
  <member type="way" ref="1424383798" role="outer"/>
  <member type="way" ref="1424383799" role="outer"/>
  <member type="way" ref="1425805903" role="outer"/>
  <member type="way" ref="1425805902" role="outer"/>
  <member type="way" ref="140210320" role="outer"/>
  <member type="way" ref="483196192" role="outer"/>
  <member type="way" ref="1418877648" role="outer"/>
  <member type="way" ref="1425805901" role="outer"/>
  <member type="way" ref="1425805900" role="outer"/>
  <member type="way" ref="483720005" role="outer"/>
  <member type="way" ref="1358115413" role="outer"/>
  <member type="way" ref="1425805899" role="outer"/>
  <member type="way" ref="1425805898" role="outer"/>
  <member type="way" ref="1358115402" role="outer"/>
  <member type="way" ref="1358115404" role="outer"/>
  <member type="way" ref="1359332218" role="outer"/>
  <member type="way" ref="1425805897" role="outer"/>
  <member type="way" ref="1425805896" role="outer"/>
  <member type="way" ref="483220090" role="outer"/>
  <member type="way" ref="1358115398" role="outer"/>
  <member type="way" ref="1425977545" role="outer"/>
  <member type="way" ref="1358115400" role="outer"/>
  <member type="way" ref="140210321" role="outer"/>
  <member type="way" ref="1358115393" role="outer"/>
  <member type="way" ref="1425977544" role="outer"/>
  <member type="way" ref="1425977543" role="outer"/>
  <member type="way" ref="1358115387" role="outer"/>
  <member type="way" ref="1425977542" role="outer"/>
  <member type="way" ref="1425977541" role="outer"/>
  <member type="way" ref="484461490" role="outer"/>
  <member type="relation" ref="7115367" role="subarea"/>
  <member type="relation" ref="7115398" role="subarea"/>
  <member type="relation" ref="7115580" role="subarea"/>
  <member type="relation" ref="7115635" role="subarea"/>
  <member type="relation" ref="7115593" role="subarea"/>
  <member type="relation" ref="7115632" role="subarea"/>
  <member type="relation" ref="9424587" role="subarea"/>
  <tag k="name" v="Tỉnh Hà Đông"/>
  <tag k="name:de" v="Provinz Ha Dong"/>
  <tag k="note" v="This was a province before merging with Sơn Tây province to form the old Hà Tây province"/>
  <tag k="type" v="boundary"/>
 </relation>
 <relation id="19267328" visible="true" version="22" changeset="177124538" timestamp="2026-01-12T07:20:22Z" user="goldmelodyvn" uid="8591028">
  <member type="way" ref="1414071046" role="outer"/>
  <member type="way" ref="484561938" role="outer"/>
  <member type="way" ref="1285926708" role="outer"/>
  <member type="way" ref="483150861" role="outer"/>
  <member type="way" ref="1285926710" role="outer"/>
  <member type="way" ref="660919764" role="outer"/>
  <member type="way" ref="1336799424" role="outer"/>
  <member type="way" ref="484563275" role="outer"/>
  <member type="way" ref="1067561904" role="outer"/>
  <member type="way" ref="1033198076" role="outer"/>
  <member type="way" ref="484551783" role="outer"/>
  <member type="way" ref="140210322" role="outer"/>
  <member type="way" ref="1296971657" role="outer"/>
  <member type="way" ref="1033198073" role="outer"/>
  <member type="way" ref="1033173766" role="outer"/>
  <member type="way" ref="1425977531" role="outer"/>
  <member type="way" ref="1425977532" role="outer"/>
  <member type="way" ref="484463626" role="outer"/>
  <member type="way" ref="1033173768" role="outer"/>
  <member type="way" ref="1033173759" role="outer"/>
  <member type="way" ref="483232111" role="outer"/>
  <member type="way" ref="1033173760" role="outer"/>
  <member type="way" ref="1032879040" role="outer"/>
  <member type="way" ref="1032879037" role="outer"/>
  <member type="way" ref="1032879034" role="outer"/>
  <member type="way" ref="1425977533" role="outer"/>
  <member type="way" ref="1425977534" role="outer"/>
  <member type="way" ref="1425977535" role="outer"/>
  <member type="way" ref="1425977536" role="outer"/>
  <member type="way" ref="483226562" role="outer"/>
  <member type="way" ref="1311443022" role="outer"/>
  <member type="way" ref="1420761668" role="outer"/>
  <member type="way" ref="1420761666" role="outer"/>
  <member type="way" ref="1420761665" role="outer"/>
  <member type="way" ref="1420761663" role="outer"/>
  <member type="way" ref="1420761661" role="outer"/>
  <member type="way" ref="1420761660" role="outer"/>
  <member type="way" ref="1420761659" role="outer"/>
  <member type="way" ref="1311443025" role="outer"/>
  <member type="way" ref="1360322828" role="outer"/>
  <member type="way" ref="1420761669" role="outer"/>
  <member type="way" ref="1420761656" role="outer"/>
  <member type="way" ref="483226559" role="outer"/>
  <member type="way" ref="1360322845" role="outer"/>
  <member type="way" ref="1361660788" role="outer"/>
  <member type="way" ref="1311443017" role="outer"/>
  <member type="way" ref="1361660787" role="outer"/>
  <member type="way" ref="1361660789" role="outer"/>
  <member type="way" ref="1311443016" role="outer"/>
  <member type="way" ref="1268977625" role="outer"/>
  <member type="way" ref="1361665003" role="outer"/>
  <member type="way" ref="483232113" role="outer"/>
  <member type="way" ref="1268977337" role="outer"/>
  <member type="way" ref="1420437475" role="outer"/>
  <member type="way" ref="1098119895" role="outer"/>
  <member type="way" ref="1268982566" role="outer"/>
  <member type="way" ref="1420686181" role="outer"/>
  <member type="way" ref="1268972693" role="outer"/>
  <member type="way" ref="1098119919" role="outer"/>
  <member type="way" ref="678539329" role="outer"/>
  <member type="way" ref="1420696898" role="outer"/>
  <member type="way" ref="1420696897" role="outer"/>
  <member type="way" ref="1420696900" role="outer"/>
  <member type="way" ref="1420696901" role="outer"/>
  <member type="way" ref="1000116845" role="outer"/>
  <member type="way" ref="1173008192" role="outer"/>
  <member type="way" ref="1420696895" role="outer"/>
  <member type="way" ref="1420696894" role="outer"/>
  <member type="way" ref="832454937" role="outer"/>
  <member type="way" ref="1420696893" role="outer"/>
  <member type="way" ref="1420696892" role="outer"/>
  <member type="way" ref="1098119914" role="outer"/>
  <member type="way" ref="1420437478" role="outer"/>
  <member type="way" ref="925499500" role="outer"/>
  <member type="way" ref="1098119874" role="outer"/>
  <member type="way" ref="1413836639" role="outer"/>
  <member type="way" ref="1414615897" role="outer"/>
  <member type="way" ref="1098119869" role="outer"/>
  <member type="way" ref="1414615899" role="outer"/>
  <member type="way" ref="1414615898" role="outer"/>
  <member type="way" ref="832454936" role="outer"/>
  <member type="way" ref="832454916" role="outer"/>
  <member type="way" ref="678799138" role="outer"/>
  <member type="way" ref="1420682853" role="outer"/>
  <member type="way" ref="1420682855" role="outer"/>
  <member type="way" ref="1420682854" role="outer"/>
  <member type="way" ref="832454935" role="outer"/>
  <member type="way" ref="1420682851" role="outer"/>
  <member type="way" ref="1420682852" role="outer"/>
  <member type="way" ref="1420682850" role="outer"/>
  <member type="way" ref="832454944" role="outer"/>
  <member type="way" ref="678799141" role="outer"/>
  <member type="way" ref="678774579" role="outer"/>
  <member type="way" ref="678774174" role="outer"/>
  <member type="way" ref="1324046567" role="outer"/>
  <member type="way" ref="678418321" role="outer"/>
  <member type="way" ref="1311931116" role="outer"/>
  <member type="way" ref="1420669513" role="outer"/>
  <member type="way" ref="1420669512" role="outer"/>
  <member type="way" ref="705491702" role="outer"/>
  <member type="way" ref="1413274999" role="outer"/>
  <member type="way" ref="483235220" role="outer"/>
  <member type="way" ref="1311284909" role="outer"/>
  <member type="way" ref="1412300290" role="outer"/>
  <member type="way" ref="1328090700" role="outer"/>
  <member type="way" ref="1412300291" role="outer"/>
  <member type="way" ref="1311284910" role="outer"/>
  <member type="way" ref="483151238" role="outer"/>
  <member type="way" ref="1413275000" role="outer"/>
  <member type="way" ref="1354361330" role="outer"/>
  <member type="way" ref="1311284923" role="outer"/>
  <member type="way" ref="1270602563" role="outer"/>
  <member type="way" ref="1286771826" role="outer"/>
  <member type="way" ref="1270602558" role="outer"/>
  <member type="way" ref="1286471123" role="outer"/>
  <member type="way" ref="1412300281" role="outer"/>
  <member type="way" ref="1270602562" role="outer"/>
  <member type="way" ref="1270602568" role="outer"/>
  <member type="way" ref="1270602572" role="outer"/>
  <member type="way" ref="1285926709" role="outer"/>
  <member type="way" ref="483150859" role="outer"/>
  <member type="way" ref="1349140136" role="outer"/>
  <member type="relation" ref="7115759" role="subarea"/>
  <member type="relation" ref="7114815" role="subarea"/>
  <member type="relation" ref="9421138" role="subarea"/>
  <member type="relation" ref="9421137" role="subarea"/>
  <member type="relation" ref="9421130" role="subarea"/>
  <member type="relation" ref="9421133" role="subarea"/>
  <member type="relation" ref="7115709" role="subarea"/>
  <member type="relation" ref="7115863" role="subarea"/>
  <member type="relation" ref="9421134" role="subarea"/>
  <member type="relation" ref="9421135" role="subarea"/>
  <member type="relation" ref="9421132" role="subarea"/>
  <member type="relation" ref="9421139" role="subarea"/>
  <member type="relation" ref="9421136" role="subarea"/>
  <member type="relation" ref="9421131" role="subarea"/>
  <tag k="boundary" v="administrative"/>
  <tag k="name" v="Trung tâm Hà Nội"/>
  <tag k="note" v="This is not a historical boundary, but rather an subtraction of the defunct Hà Tây province and Mê Linh, Sóc Sơn districts (formerly in Vĩnh Phúc province) from Hà Nội"/>
  <tag k="type" v="boundary"/>
 </relation>
 <relation id="19338314" visible="true" version="15" changeset="180920713" timestamp="2026-04-06T01:42:27Z" user="inserteunnombreaqui" uid="22579655">
  <member type="way" ref="1420696893" role="outer"/>
  <member type="way" ref="1413922752" role="outer"/>
  <member type="way" ref="1420696894" role="outer"/>
  <member type="way" ref="1413520764" role="outer"/>
  <member type="way" ref="1413520765" role="outer"/>
  <member type="way" ref="1420696896" role="outer"/>
  <member type="way" ref="1173008192" role="outer"/>
  <member type="way" ref="1182556847" role="outer"/>
  <member type="way" ref="1413266871" role="outer"/>
  <member type="way" ref="1413266870" role="outer"/>
  <member type="way" ref="1413266869" role="outer"/>
  <member type="way" ref="1413266868" role="outer"/>
  <member type="way" ref="1413266875" role="outer"/>
  <member type="way" ref="1413266874" role="outer"/>
  <member type="way" ref="1413520751" role="outer"/>
  <member type="way" ref="1413520750" role="outer"/>
  <member type="way" ref="832454975" role="outer"/>
  <member type="way" ref="1413520753" role="outer"/>
  <member type="way" ref="1413520754" role="outer"/>
  <member type="way" ref="1413520755" role="outer"/>
  <member type="way" ref="1413520756" role="outer"/>
  <member type="way" ref="1413836639" role="outer"/>
  <member type="way" ref="1098119874" role="outer"/>
  <member type="way" ref="925499500" role="outer"/>
  <member type="way" ref="1413520758" role="outer"/>
  <member type="node" ref="13710014147" role="label"/>
  <tag k="admin_level" v="6"/>
  <tag k="boundary" v="administrative"/>
  <tag k="name" v="Phường Đại Mỗ"/>
  <tag k="name:en" v="Dai Mo Ward"/>
  <tag k="population" v="80462"/>
  <tag k="population:date" v="2025-07-01"/>
  <tag k="source:population" v="gis.vn"/>
  <tag k="type" v="boundary"/>
  <tag k="wikidata" v="Q10841119"/>
  <tag k="wikipedia" v="vi:Đại Mỗ"/>
 </relation>
 <relation id="19341924" visible="true" version="13" changeset="181212835" timestamp="2026-04-12T02:22:14Z" user="inserteunnombreaqui" uid="22579655">
  <member type="way" ref="1414615893" role="outer"/>
  <member type="way" ref="1420700237" role="outer"/>
  <member type="way" ref="1098119874" role="outer"/>
  <member type="way" ref="925499500" role="outer"/>
  <member type="way" ref="1413922753" role="outer"/>
  <member type="way" ref="1420696892" role="outer"/>
  <member type="way" ref="1420696893" role="outer"/>
  <member type="way" ref="1413922752" role="outer"/>
  <member type="way" ref="1420696894" role="outer"/>
  <member type="way" ref="1413520764" role="outer"/>
  <member type="way" ref="1413520765" role="outer"/>
  <member type="way" ref="1413922748" role="outer"/>
  <member type="way" ref="1420696900" role="outer"/>
  <member type="way" ref="1420696897" role="outer"/>
  <member type="way" ref="1420696898" role="outer"/>
  <member type="way" ref="678539329" role="outer"/>
  <member type="way" ref="1413922746" role="outer"/>
  <member type="way" ref="1413922745" role="outer"/>
  <member type="way" ref="1098119896" role="outer"/>
  <member type="way" ref="1098119897" role="outer"/>
  <member type="way" ref="1098119899" role="outer"/>
  <member type="way" ref="1413922744" role="outer"/>
  <member type="way" ref="1413922759" role="outer"/>
  <member type="way" ref="1413922743" role="outer"/>
  <member type="node" ref="13709983624" role="label"/>
  <tag k="admin_level" v="6"/>
  <tag k="boundary" v="administrative"/>
  <tag k="name" v="Phường Hà Đông"/>
  <tag k="name:en" v="Ha Dong Ward"/>
  <tag k="population" v="185205"/>
  <tag k="population:date" v="2025-07-01"/>
  <tag k="source:population" v="gis.vn"/>
  <tag k="type" v="boundary"/>
 </relation>
 <relation id="19352279" visible="true" version="7" changeset="170094117" timestamp="2025-08-07T08:40:18Z" user="AndjelaS" uid="8951082">
  <member type="way" ref="705491711" role="outer"/>
  <member type="way" ref="1413274999" role="outer"/>
  <member type="way" ref="705491702" role="outer"/>
  <member type="way" ref="1420669512" role="outer"/>
  <member type="way" ref="1420669513" role="outer"/>
  <member type="way" ref="1311931116" role="outer"/>
  <member type="way" ref="678418321" role="outer"/>
  <member type="way" ref="1324046567" role="outer"/>
  <member type="way" ref="678774174" role="outer"/>
  <member type="way" ref="678774579" role="outer"/>
  <member type="way" ref="678799141" role="outer"/>
  <member type="way" ref="832454944" role="outer"/>
  <member type="way" ref="1420682850" role="outer"/>
  <member type="way" ref="1420682852" role="outer"/>
  <member type="way" ref="1420682851" role="outer"/>
  <member type="way" ref="832454935" role="outer"/>
  <member type="way" ref="1420682854" role="outer"/>
  <member type="way" ref="1420682855" role="outer"/>
  <member type="way" ref="1420682853" role="outer"/>
  <member type="way" ref="678799138" role="outer"/>
  <member type="way" ref="832454916" role="outer"/>
  <member type="way" ref="832454936" role="outer"/>
  <member type="way" ref="1414615898" role="outer"/>
  <member type="way" ref="1414615899" role="outer"/>
  <member type="way" ref="1098119869" role="outer"/>
  <member type="way" ref="1414615897" role="outer"/>
  <member type="way" ref="1413836639" role="outer"/>
  <member type="way" ref="1098119874" role="outer"/>
  <member type="way" ref="925499500" role="outer"/>
  <member type="way" ref="1420437478" role="outer"/>
  <member type="way" ref="1098119914" role="outer"/>
  <member type="way" ref="1420696892" role="outer"/>
  <member type="way" ref="1420696893" role="outer"/>
  <member type="way" ref="832454937" role="outer"/>
  <member type="way" ref="1420696894" role="outer"/>
  <member type="way" ref="1420696895" role="outer"/>
  <member type="way" ref="1173008192" role="outer"/>
  <member type="way" ref="1182556847" role="outer"/>
  <member type="way" ref="1420679235" role="outer"/>
  <member type="way" ref="678539325" role="outer"/>
  <member type="way" ref="1182556844" role="outer"/>
  <member type="way" ref="1000188132" role="outer"/>
  <member type="way" ref="832454940" role="outer"/>
  <member type="way" ref="1195438775" role="outer"/>
  <member type="way" ref="832454939" role="outer"/>
  <member type="way" ref="1195438774" role="outer"/>
  <member type="way" ref="1195448656" role="outer"/>
  <member type="way" ref="678539333" role="outer"/>
  <member type="way" ref="896794950" role="outer"/>
  <member type="way" ref="832454941" role="outer"/>
  <member type="way" ref="1195448657" role="outer"/>
  <member type="way" ref="1418571387" role="outer"/>
  <member type="way" ref="1242747180" role="outer"/>
  <member type="way" ref="678539334" role="outer"/>
  <member type="way" ref="1195523876" role="outer"/>
  <member type="way" ref="705212244" role="outer"/>
  <member type="way" ref="1418571381" role="outer"/>
  <member type="way" ref="705212239" role="outer"/>
  <member type="way" ref="705212238" role="outer"/>
  <member type="way" ref="1418571365" role="outer"/>
  <member type="way" ref="705491685" role="outer"/>
  <member type="way" ref="897378389" role="outer"/>
  <member type="way" ref="1286797363" role="outer"/>
  <member type="way" ref="1418571367" role="outer"/>
  <member type="way" ref="705491709" role="outer"/>
  <member type="way" ref="705491710" role="outer"/>
  <member type="way" ref="678539316" role="outer"/>
  <member type="way" ref="1286797362" role="outer"/>
  <tag k="name" v="Huyện Từ Liêm xưa"/>
  <tag k="type" v="boundary"/>
 </relation>
 <relation id="19356221" visible="true" version="18" changeset="179306258" timestamp="2026-03-03T14:58:11Z" user="Ducminhduongcb" uid="20524909">
  <member type="relation" ref="7133707" role="member"/>
  <member type="relation" ref="7133870" role="member"/>
  <member type="relation" ref="7134112" role="member"/>
  <member type="relation" ref="6913068" role="member"/>
  <member type="relation" ref="7133835" role="member"/>
  <member type="relation" ref="7134111" role="member"/>
  <member type="relation" ref="6913418" role="member"/>
  <member type="relation" ref="6912155" role="member"/>
  <member type="relation" ref="6911714" role="member"/>
  <member type="relation" ref="6912913" role="member"/>
  <member type="relation" ref="7133693" role="member"/>
  <member type="relation" ref="6908463" role="member"/>
  <member type="relation" ref="7133660" role="member"/>
  <member type="relation" ref="6913804" role="member"/>
  <member type="relation" ref="7106558" role="member"/>
  <member type="relation" ref="7106046" role="member"/>
  <member type="relation" ref="7106214" role="member"/>
  <member type="relation" ref="7106070" role="member"/>
  <member type="relation" ref="7106060" role="member"/>
  <member type="relation" ref="6881349" role="member"/>
  <member type="relation" ref="6882024" role="member"/>
  <member type="relation" ref="6881753" role="member"/>
  <member type="relation" ref="6882617" role="member"/>
  <member type="relation" ref="6883035" role="member"/>
  <member type="relation" ref="7102797" role="member"/>
  <member type="relation" ref="7115759" role="member"/>
  <member type="relation" ref="9421133" role="member"/>
  <member type="relation" ref="9421130" role="member"/>
  <member type="relation" ref="9421135" role="member"/>
  <member type="relation" ref="9421134" role="member"/>
  <member type="relation" ref="9421131" role="member"/>
  <member type="relation" ref="7115863" role="member"/>
  <member type="relation" ref="9421136" role="member"/>
  <member type="relation" ref="9421139" role="member"/>
  <member type="relation" ref="9421138" role="member"/>
  <member type="relation" ref="9421137" role="member"/>
  <member type="relation" ref="9424587" role="member"/>
  <member type="relation" ref="7115709" role="member"/>
  <member type="relation" ref="7114815" role="member"/>
  <member type="relation" ref="7114806" role="member"/>
  <member type="relation" ref="7114823" role="member"/>
  <member type="relation" ref="7115780" role="member"/>
  <member type="relation" ref="7115795" role="member"/>
  <member type="relation" ref="7115194" role="member"/>
  <member type="relation" ref="7115367" role="member"/>
  <member type="relation" ref="7114829" role="member"/>
  <member type="relation" ref="7115008" role="member"/>
  <member type="relation" ref="7115003" role="member"/>
  <member type="relation" ref="7114847" role="member"/>
  <member type="relation" ref="6925458" role="member"/>
  <member type="relation" ref="7120939" role="member"/>
  <member type="relation" ref="7120760" role="member"/>
  <member type="relation" ref="7120763" role="member"/>
  <member type="relation" ref="7120751" role="member"/>
  <member type="relation" ref="7120938" role="member"/>
  <member type="relation" ref="6932096" role="member"/>
  <member type="relation" ref="6931773" role="member"/>
  <member type="relation" ref="6932207" role="member"/>
  <member type="relation" ref="7120726" role="member"/>
  <member type="relation" ref="7120730" role="member"/>
  <member type="relation" ref="6932323" role="member"/>
  <member type="relation" ref="7094614" role="member"/>
  <member type="relation" ref="7094597" role="member"/>
  <member type="relation" ref="7094347" role="member"/>
  <member type="relation" ref="6929157" role="member"/>
  <member type="relation" ref="6929170" role="member"/>
  <member type="relation" ref="7094543" role="member"/>
  <member type="relation" ref="6300358" role="member"/>
  <member type="relation" ref="7094297" role="member"/>
  <member type="relation" ref="6300521" role="member"/>
  <member type="relation" ref="7094823" role="member"/>
  <member type="relation" ref="7095004" role="member"/>
  <member type="relation" ref="7094991" role="member"/>
  <member type="relation" ref="7094946" role="member"/>
  <member type="relation" ref="7094992" role="member"/>
  <member type="relation" ref="7094929" role="member"/>
  <member type="relation" ref="6932557" role="member"/>
  <member type="relation" ref="6932525" role="member"/>
  <member type="relation" ref="6932526" role="member"/>
  <member type="relation" ref="7125737" role="member"/>
  <member type="relation" ref="7125712" role="member"/>
  <member type="relation" ref="7125704" role="member"/>
  <member type="relation" ref="7125608" role="member"/>
  <member type="relation" ref="7125588" role="member"/>
  <member type="relation" ref="6939707" role="member"/>
  <member type="relation" ref="6938785" role="member"/>
  <member type="relation" ref="6938983" role="member"/>
  <member type="relation" ref="7018411" role="member"/>
  <member type="relation" ref="7018178" role="member"/>
  <member type="relation" ref="7021430" role="member"/>
  <member type="relation" ref="7022471" role="member"/>
  <member type="relation" ref="7022867" role="member"/>
  <member type="relation" ref="7025174" role="member"/>
  <member type="relation" ref="7027190" role="member"/>
  <member type="relation" ref="7125467" role="member"/>
  <member type="relation" ref="7125494" role="member"/>
  <member type="relation" ref="7125491" role="member"/>
  <member type="relation" ref="7125487" role="member"/>
  <member type="relation" ref="7125468" role="member"/>
  <member type="relation" ref="7124623" role="member"/>
  <member type="relation" ref="7124564" role="member"/>
  <member type="relation" ref="7124433" role="member"/>
  <member type="relation" ref="7026159" role="member"/>
  <member type="relation" ref="7026071" role="member"/>
  <member type="relation" ref="7124593" role="member"/>
  <member type="relation" ref="9421132" role="member"/>
  <member type="relation" ref="7115593" role="member"/>
  <member type="relation" ref="7115632" role="member"/>
  <member type="relation" ref="7115580" role="member"/>
  <member type="relation" ref="7115398" role="member"/>
  <member type="relation" ref="7115635" role="member"/>
  <member type="relation" ref="7031744" role="member"/>
  <member type="relation" ref="7031745" role="member"/>
  <member type="relation" ref="7031638" role="member"/>
  <member type="relation" ref="7031698" role="member"/>
  <member type="relation" ref="7016510" role="member"/>
  <member type="relation" ref="7016300" role="member"/>
  <member type="relation" ref="7017020" role="member"/>
  <member type="relation" ref="7014438" role="member"/>
  <member type="relation" ref="6942988" role="member"/>
  <member type="relation" ref="7031576" role="member"/>
  <member type="relation" ref="7033529" role="member"/>
  <member type="relation" ref="7031602" role="member"/>
  <member type="relation" ref="7033530" role="member"/>
  <member type="relation" ref="7032033" role="member"/>
  <member type="relation" ref="7031883" role="member"/>
  <member type="relation" ref="7033033" role="member"/>
  <member type="relation" ref="7033219" role="member"/>
  <member type="relation" ref="7033420" role="member"/>
  <member type="relation" ref="7033334" role="member"/>
  <member type="relation" ref="7033300" role="member"/>
  <member type="relation" ref="7033665" role="member"/>
  <member type="relation" ref="7036466" role="member"/>
  <member type="relation" ref="7036443" role="member"/>
  <member type="relation" ref="7036501" role="member"/>
  <member type="relation" ref="7033755" role="member"/>
  <member type="relation" ref="7034070" role="member"/>
  <member type="relation" ref="7035243" role="member"/>
  <member type="relation" ref="7035199" role="member"/>
  <member type="relation" ref="7036577" role="member"/>
  <member type="relation" ref="7036318" role="member"/>
  <member type="relation" ref="7036057" role="member"/>
  <member type="relation" ref="7035939" role="member"/>
  <member type="relation" ref="7051224" role="member"/>
  <member type="relation" ref="7051220" role="member"/>
  <member type="relation" ref="7051225" role="member"/>
  <member type="relation" ref="7051221" role="member"/>
  <member type="relation" ref="7051227" role="member"/>
  <member type="relation" ref="7051222" role="member"/>
  <member type="relation" ref="7051226" role="member"/>
  <member type="relation" ref="18356281" role="member"/>
  <member type="relation" ref="18356280" role="member"/>
  <member type="relation" ref="7104282" role="member"/>
  <member type="relation" ref="7103106" role="member"/>
  <member type="relation" ref="7100875" role="member"/>
  <member type="relation" ref="7100559" role="member"/>
  <member type="relation" ref="7102525" role="member"/>
  <member type="relation" ref="7103193" role="member"/>
  <tag k="name" v="Old district-level divisions of retained Vietnamese provinces"/>
  <tag k="type" v="collection"/>
 </relation>
</osm>
