2026-04-16 09:57:45,968 - __main__ - INFO - CARLA client initialized successfully
2026-04-16 09:57:45,975 - __main__ - INFO - Synchronous mode enabled
2026-04-16 09:57:45,990 - modules.camera_controller - INFO - Configuration loaded successfully
2026-04-16 09:57:45,991 - modules.camera_controller - INFO - CameraController initialized with config: config\camera_config.yaml
2026-04-16 09:57:46,000 - modules.camera_controller - INFO - Camera CAM_001 spawned at [0, 0, 3]
2026-04-16 09:57:46,001 - modules.camera_controller - INFO - Camera CAM_002 spawned at [50, 0, 3]
2026-04-16 09:57:46,002 - modules.camera_controller - INFO - Camera CAM_003 spawned at [25, -30, 3]
2026-04-16 09:57:46,003 - modules.traffic_generator - INFO - TrafficGenerator initialized: 10 vehicles, 5 pedestrians
2026-04-16 09:57:47,517 - modules.traffic_generator - WARNING - Failed to spawn vehicle at Location(x=153.030273, y=-84.655762, z=8.305627)
2026-04-16 10:07:07,735 - __main__ - INFO - CARLA client initialized successfully
2026-04-16 10:07:17,737 - __main__ - INFO - Synchronous mode enabled
2026-04-16 10:07:17,752 - modules.camera_controller - INFO - Configuration loaded successfully
2026-04-16 10:07:17,752 - modules.camera_controller - INFO - CameraController initialized with config: config\camera_config.yaml
2026-04-16 10:07:17,756 - modules.camera_controller - INFO - Camera CAM_001 spawned at [0, 0, 3]
2026-04-16 10:07:17,759 - modules.camera_controller - INFO - Camera CAM_002 spawned at [50, 0, 3]
2026-04-16 10:07:17,761 - modules.camera_controller - INFO - Camera CAM_003 spawned at [25, -30, 3]
2026-04-16 10:07:17,762 - modules.traffic_generator - INFO - TrafficGenerator initialized: 10 vehicles, 5 pedestrians
2026-04-16 10:09:57,890 - __main__ - INFO - CARLA client initialized successfully
2026-04-16 10:10:07,891 - __main__ - INFO - Synchronous mode enabled
2026-04-16 10:10:07,892 - __main__ - INFO - Initializing: CameraController
2026-04-16 10:10:07,911 - modules.camera_controller - INFO - Configuration loaded successfully
2026-04-16 10:10:07,912 - modules.camera_controller - INFO - CameraController initialized with config: config\camera_config.yaml
2026-04-16 10:10:07,916 - modules.camera_controller - INFO - Camera CAM_001 spawned at [0, 0, 3]
2026-04-16 10:10:07,918 - modules.camera_controller - INFO - Camera CAM_002 spawned at [50, 0, 3]
2026-04-16 10:10:07,920 - modules.camera_controller - INFO - Camera CAM_003 spawned at [25, -30, 3]
2026-04-16 10:10:07,920 - __main__ - INFO - Initializing: TrafficGenerator
2026-04-16 10:10:07,921 - modules.traffic_generator - INFO - TrafficGenerator initialized: 10 vehicles, 5 pedestrians
2026-04-16 10:10:08,153 - modules.traffic_generator - WARNING - Failed to spawn vehicle at Location(x=4.104583, y=-43.915955, z=0.275307)
2026-04-16 10:13:07,988 - __main__ - INFO - CARLA client initialized successfully
2026-04-16 10:13:07,994 - __main__ - INFO - Synchronous mode enabled
2026-04-16 10:13:07,995 - __main__ - INFO - Initializing: CameraController
2026-04-16 10:13:08,010 - modules.camera_controller - INFO - Configuration loaded successfully
2026-04-16 10:13:08,011 - modules.camera_controller - INFO - CameraController initialized with config: config\camera_config.yaml
2026-04-16 10:13:08,014 - modules.camera_controller - INFO - Camera CAM_001 spawned at [0, 0, 3]
2026-04-16 10:13:08,015 - modules.camera_controller - INFO - Camera CAM_002 spawned at [50, 0, 3]
2026-04-16 10:13:08,016 - modules.camera_controller - INFO - Camera CAM_003 spawned at [25, -30, 3]
2026-04-16 10:13:08,017 - __main__ - INFO - Initializing: TrafficGenerator
2026-04-16 10:13:08,017 - modules.traffic_generator - INFO - TrafficGenerator initialized: 10 vehicles, 5 pedestrians
2026-04-16 10:13:09,319 - modules.traffic_generator - INFO - Spawned 10 vehicles and 5 pedestrians
2026-04-16 10:13:09,320 - __main__ - INFO - Initializing: ObjectDetector
2026-04-16 10:13:09,484 - modules.detector - ERROR - Failed to load model: No module named 'utils.datasets'
2026-04-16 10:13:09,484 - __main__ - ERROR - Failed to initialize modules: No module named 'utils.datasets'
Traceback (most recent call last):
  File "main.py", line 85, in initialize_modules
    self.modules['detector'] = ObjectDetector(model_type='yolov5s')
  File "e:\finalproject\PythonAPI\custom_tracking_system\modules\detector.py", line 40, in __init__
    self._load_model()
  File "e:\finalproject\PythonAPI\custom_tracking_system\modules\detector.py", line 56, in _load_model
    pretrained=True, force_reload=False)
  File "C:\Users\hungp\anaconda3\envs\carla-sim\lib\site-packages\torch\hub.py", line 399, in load
    model = _load_local(repo_or_dir, model, *args, **kwargs)
  File "C:\Users\hungp\anaconda3\envs\carla-sim\lib\site-packages\torch\hub.py", line 428, in _load_local
    model = entry(*args, **kwargs)
  File "e:\finalproject\PythonAPI\custom_tracking_system\models\hub\ultralytics_yolov5_v6.1\hubconf.py", line 80, in yolov5s
    return _create('yolov5s', pretrained, channels, classes, autoshape, verbose, device)
  File "e:\finalproject\PythonAPI\custom_tracking_system\models\hub\ultralytics_yolov5_v6.1\hubconf.py", line 31, in _create
    from models.common import AutoShape, DetectMultiBackend
  File "e:\finalproject\PythonAPI\custom_tracking_system\models\hub\ultralytics_yolov5_v6.1\models\common.py", line 24, in <module>
    from utils.datasets import exif_transpose, letterbox
ModuleNotFoundError: No module named 'utils.datasets'
2026-04-16 10:16:31,989 - __main__ - INFO - CARLA client initialized successfully
2026-04-16 10:16:41,990 - __main__ - INFO - Synchronous mode enabled
2026-04-16 10:16:41,991 - __main__ - INFO - Initializing: CameraController
2026-04-16 10:16:42,002 - modules.camera_controller - INFO - Configuration loaded successfully
2026-04-16 10:16:42,002 - modules.camera_controller - INFO - CameraController initialized with config: config\camera_config.yaml
2026-04-16 10:16:42,006 - modules.camera_controller - INFO - Camera CAM_001 spawned at [0, 0, 3]
2026-04-16 10:16:42,007 - modules.camera_controller - INFO - Camera CAM_002 spawned at [50, 0, 3]
2026-04-16 10:16:42,009 - modules.camera_controller - INFO - Camera CAM_003 spawned at [25, -30, 3]
2026-04-16 10:16:42,010 - __main__ - INFO - Initializing: TrafficGenerator
2026-04-16 10:16:42,010 - modules.traffic_generator - INFO - TrafficGenerator initialized: 10 vehicles, 5 pedestrians
2026-04-16 10:17:46,593 - __main__ - INFO - CARLA client initialized successfully
2026-04-16 10:17:46,598 - __main__ - INFO - Synchronous mode enabled
2026-04-16 10:17:46,598 - __main__ - INFO - Initializing: CameraController
2026-04-16 10:17:46,606 - modules.camera_controller - INFO - Configuration loaded successfully
2026-04-16 10:17:46,607 - modules.camera_controller - INFO - CameraController initialized with config: config\camera_config.yaml
2026-04-16 10:17:46,609 - modules.camera_controller - INFO - Camera CAM_001 spawned at [0, 0, 3]
2026-04-16 10:17:46,610 - modules.camera_controller - INFO - Camera CAM_002 spawned at [50, 0, 3]
2026-04-16 10:17:46,611 - modules.camera_controller - INFO - Camera CAM_003 spawned at [25, -30, 3]
2026-04-16 10:17:46,612 - __main__ - INFO - Initializing: TrafficGenerator
2026-04-16 10:17:46,612 - modules.traffic_generator - INFO - TrafficGenerator initialized: 10 vehicles, 5 pedestrians
2026-04-16 10:17:47,520 - modules.traffic_generator - WARNING - Failed to spawn pedestrian at Location(x=-118.079285, y=0.275539, z=0.275307)
2026-04-16 10:17:47,521 - modules.traffic_generator - WARNING - Failed to spawn pedestrian at Location(x=-18.167728, y=9.451503, z=0.275307)
2026-04-16 10:25:40,424 - __main__ - INFO - CARLA client initialized successfully
2026-04-16 10:25:40,430 - __main__ - INFO - Synchronous mode enabled
2026-04-16 10:25:40,430 - __main__ - INFO - Initializing: CameraController
2026-04-16 10:25:40,438 - modules.camera_controller - INFO - Configuration loaded successfully
2026-04-16 10:25:40,438 - modules.camera_controller - INFO - CameraController initialized with config: config\camera_config.yaml
2026-04-16 10:25:40,441 - modules.camera_controller - INFO - Camera CAM_001 spawned at [0, 0, 3]
2026-04-16 10:25:40,442 - modules.camera_controller - INFO - Camera CAM_002 spawned at [50, 0, 3]
2026-04-16 10:25:40,443 - modules.camera_controller - INFO - Camera CAM_003 spawned at [25, -30, 3]
2026-04-16 10:25:40,443 - __main__ - INFO - Initializing: TrafficGenerator
2026-04-16 10:25:40,443 - modules.traffic_generator - INFO - TrafficGenerator initialized: 10 vehicles, 5 pedestrians
2026-04-16 10:25:41,372 - modules.traffic_generator - INFO - Spawned 10 vehicles and 5 pedestrians
2026-04-16 10:25:41,373 - __main__ - INFO - Initializing: ObjectDetector
2026-04-16 10:25:42,716 - yolov5 - INFO - YOLOv5  2026-4-16 torch 1.10.2+cpu CPU

2026-04-16 10:25:42,763 - yolov5 - INFO - Fusing layers... 
2026-04-16 10:25:42,981 - yolov5 - INFO - Model Summary: 213 layers, 7225885 parameters, 0 gradients, 16.4 GFLOPs
2026-04-16 10:25:42,983 - yolov5 - INFO - Adding AutoShape... 
2026-04-16 10:25:42,989 - modules.detector - INFO - Model loaded successfully: yolov5s
2026-04-16 10:25:42,990 - modules.detector - INFO - ObjectDetector initialized with yolov5s on cpu
2026-04-16 10:25:42,990 - __main__ - INFO - Initializing: SimpleTracker (per camera)
2026-04-16 10:25:42,990 - modules.tracker - INFO - SimpleTracker initialized: max_age=30, min_hits=3
2026-04-16 10:25:42,990 - modules.tracker - INFO - SimpleTracker initialized: max_age=30, min_hits=3
2026-04-16 10:25:42,990 - modules.tracker - INFO - SimpleTracker initialized: max_age=30, min_hits=3
2026-04-16 10:25:42,991 - __main__ - INFO - Initializing: ReIDExtractor
2026-04-16 10:25:53,349 - modules.reid - WARNING - Using ResNet50-ImageNet fallback — ReID accuracy will be limited
2026-04-16 10:25:53,349 - modules.reid - INFO - ReIDExtractor ready: model=resnet50_imagenet_fallback, device=cpu, feature_dim=2048
2026-04-16 10:25:53,350 - __main__ - INFO - Initializing: GlobalTracker
2026-04-16 10:25:53,352 - modules.global_tracking - INFO - GlobalTracker initialized with threshold=0.5
2026-04-16 10:25:53,352 - __main__ - INFO - Initializing: TrajectoryPredictor
2026-04-16 10:25:53,352 - modules.trajectory_predictor - INFO - TrajectoryPredictor initialized: window=10, steps=5
2026-04-16 10:25:53,353 - __main__ - INFO - Initializing: AlertSystem
2026-04-16 10:25:53,353 - modules.alert_system - INFO - AlertSystem initialized
2026-04-16 10:25:53,353 - modules.alert_system - INFO - Set 3 ROIs for 3 cameras
2026-04-16 10:25:53,354 - __main__ - INFO - Initializing: Visualizer
2026-04-16 10:25:53,354 - utils.visualization - INFO - Visualizer initialized
2026-04-16 10:25:53,354 - __main__ - INFO - Initializing: MetricsCollector
2026-04-16 10:25:53,355 - utils.metrics - INFO - MetricsCollector initialized
2026-04-16 10:25:53,355 - __main__ - INFO - All modules initialized successfully
2026-04-16 10:25:53,355 - __main__ - INFO - Starting tracking system...
2026-04-20 14:12:40,549 - __main__ - INFO - CARLA client initialized successfully
2026-04-20 14:12:40,584 - __main__ - INFO - Synchronous mode enabled
2026-04-20 14:12:40,585 - __main__ - INFO - Initializing: CameraController
2026-04-20 14:12:40,601 - modules.camera_controller - INFO - Configuration loaded successfully
2026-04-20 14:12:40,602 - modules.camera_controller - INFO - CameraController initialized with config: config\camera_config.yaml
2026-04-20 14:12:40,609 - modules.camera_controller - INFO - Camera CAM_001 spawned at [0, 0, 3]
2026-04-20 14:12:40,610 - modules.camera_controller - INFO - Camera CAM_002 spawned at [50, 0, 3]
2026-04-20 14:12:40,611 - modules.camera_controller - INFO - Camera CAM_003 spawned at [25, -30, 3]
2026-04-20 14:12:40,612 - __main__ - INFO - Initializing: TrafficGenerator
2026-04-20 14:12:40,612 - modules.traffic_generator - INFO - TrafficGenerator initialized: 10 vehicles, 5 pedestrians
2026-04-20 14:12:42,171 - modules.traffic_generator - INFO - Spawned 10 vehicles and 5 pedestrians
2026-04-20 14:12:42,172 - __main__ - INFO - Initializing: ObjectDetector
2026-04-20 14:13:34,313 - yolov5 - INFO - YOLOv5  1d91afc torch 1.10.2+cpu CPU

2026-04-20 14:13:34,406 - yolov5 - INFO - Fusing layers... 
2026-04-20 14:13:34,729 - yolov5 - INFO - Model Summary: 213 layers, 7225885 parameters, 0 gradients, 16.4 GFLOPs
2026-04-20 14:13:34,735 - yolov5 - INFO - Adding AutoShape... 
2026-04-20 14:13:34,744 - modules.detector - INFO - Model loaded successfully: yolov5s
2026-04-20 14:13:34,744 - modules.detector - INFO - ObjectDetector initialized with yolov5s on cpu
2026-04-20 14:13:34,745 - __main__ - INFO - Initializing: SimpleTracker (per camera)
2026-04-20 14:13:34,745 - modules.tracker - INFO - SimpleTracker initialized: max_age=30, min_hits=3
2026-04-20 14:13:34,746 - modules.tracker - INFO - SimpleTracker initialized: max_age=30, min_hits=3
2026-04-20 14:13:34,746 - modules.tracker - INFO - SimpleTracker initialized: max_age=30, min_hits=3
2026-04-20 14:13:34,746 - __main__ - INFO - Initializing: ReIDExtractor
2026-04-20 14:13:35,665 - modules.reid - WARNING - Using ResNet50-ImageNet fallback — ReID accuracy will be limited
2026-04-20 14:13:35,666 - modules.reid - INFO - ReIDExtractor ready: model=resnet50_imagenet_fallback, device=cpu, feature_dim=2048
2026-04-20 14:13:35,667 - __main__ - INFO - Initializing: GlobalTracker
2026-04-20 14:13:35,667 - modules.global_tracking - INFO - GlobalTracker initialized with threshold=0.5
2026-04-20 14:13:35,668 - __main__ - INFO - Initializing: TrajectoryPredictor
2026-04-20 14:13:35,668 - modules.trajectory_predictor - INFO - TrajectoryPredictor initialized: window=10, steps=5
2026-04-20 14:13:35,668 - __main__ - INFO - Initializing: AlertSystem
2026-04-20 14:13:35,669 - modules.alert_system - INFO - AlertSystem initialized
2026-04-20 14:13:35,669 - modules.alert_system - INFO - Set 3 ROIs for 3 cameras
2026-04-20 14:13:35,670 - __main__ - INFO - Initializing: Visualizer
2026-04-20 14:13:35,670 - utils.visualization - INFO - Visualizer initialized
2026-04-20 14:13:35,672 - __main__ - INFO - Initializing: MetricsCollector
2026-04-20 14:13:35,673 - utils.metrics - INFO - MetricsCollector initialized
2026-04-20 14:13:35,673 - __main__ - INFO - All modules initialized successfully
2026-04-20 14:13:35,673 - __main__ - INFO - Starting tracking system...
2026-04-20 14:14:55,654 - __main__ - INFO - Interrupted by user
2026-04-20 14:14:55,658 - __main__ - INFO - Cleaning up...
2026-04-20 14:14:55,684 - modules.camera_controller - INFO - Camera destroyed
2026-04-20 14:14:55,686 - modules.camera_controller - INFO - Camera destroyed
2026-04-20 14:14:55,687 - modules.camera_controller - INFO - Camera destroyed
2026-04-20 14:14:55,907 - modules.traffic_generator - INFO - Cleaning up traffic actors...
2026-04-20 14:14:55,920 - modules.traffic_generator - INFO - Traffic cleanup completed
2026-04-20 14:14:55,921 - __main__ - INFO - Cleanup completed
2026-05-06 10:42:04,333 - __main__ - INFO - CARLA client initialized successfully
2026-05-06 10:42:04,369 - __main__ - INFO - Synchronous mode enabled
2026-05-06 10:42:04,370 - __main__ - INFO - Initializing: CameraController
2026-05-06 10:42:04,394 - modules.camera_controller - INFO - Configuration loaded successfully
2026-05-06 10:42:04,395 - modules.camera_controller - INFO - CameraController initialized with config: config\camera_config.yaml
2026-05-06 10:42:04,401 - modules.camera_controller - INFO - Camera CAM_001 spawned at [0, 0, 3]
2026-05-06 10:42:04,402 - modules.camera_controller - INFO - Camera CAM_002 spawned at [50, 0, 3]
2026-05-06 10:42:04,404 - modules.camera_controller - INFO - Camera CAM_003 spawned at [25, -30, 3]
2026-05-06 10:42:04,405 - __main__ - INFO - Initializing: TrafficGenerator
2026-05-06 10:42:04,405 - modules.traffic_generator - INFO - TrafficGenerator initialized: 10 vehicles, 5 pedestrians
2026-05-06 10:42:06,649 - modules.traffic_generator - WARNING - Failed to spawn pedestrian at Location(x=-9.424404, y=111.396446, z=0.275307)
2026-05-06 10:42:06,689 - modules.traffic_generator - INFO - Spawned 10 vehicles and 4 pedestrians
2026-05-06 10:42:06,691 - __main__ - INFO - Initializing: ObjectDetector
2026-05-06 10:42:56,972 - yolov5 - INFO - YOLOv5  45d320d torch 1.13.1+cu117 CUDA:0 (NVIDIA GeForce GTX 1050 Ti, 4096MiB)

2026-05-06 10:43:02,580 - yolov5 - INFO - Fusing layers... 
2026-05-06 10:43:07,430 - yolov5 - INFO - Model Summary: 213 layers, 7225885 parameters, 0 gradients
2026-05-06 10:43:07,432 - yolov5 - INFO - Adding AutoShape... 
2026-05-06 10:43:07,439 - modules.detector - INFO - Model loaded successfully: yolov5s
2026-05-06 10:43:07,439 - modules.detector - INFO - ObjectDetector initialized with yolov5s on cuda
2026-05-06 10:43:07,439 - __main__ - INFO - Initializing: SimpleTracker (per camera)
2026-05-06 10:43:07,439 - modules.tracker - INFO - SimpleTracker initialized: max_age=30, min_hits=3
2026-05-06 10:43:07,440 - modules.tracker - INFO - SimpleTracker initialized: max_age=30, min_hits=3
2026-05-06 10:43:07,440 - modules.tracker - INFO - SimpleTracker initialized: max_age=30, min_hits=3
2026-05-06 10:43:07,440 - __main__ - INFO - Initializing: ReIDExtractor
2026-05-06 10:43:08,288 - modules.reid - WARNING - Using ResNet50-ImageNet fallback — ReID accuracy will be limited
2026-05-06 10:43:08,288 - modules.reid - INFO - ReIDExtractor ready: model=resnet50_imagenet_fallback, device=cuda, feature_dim=2048
2026-05-06 10:43:08,290 - __main__ - INFO - Initializing: GlobalTracker
2026-05-06 10:43:08,290 - modules.global_tracking - INFO - GlobalTracker initialized with threshold=0.5
2026-05-06 10:43:08,291 - __main__ - INFO - Initializing: TrajectoryPredictor
2026-05-06 10:43:08,291 - modules.trajectory_predictor - INFO - TrajectoryPredictor initialized: window=10, steps=5
2026-05-06 10:43:08,291 - __main__ - INFO - Initializing: AlertSystem
2026-05-06 10:43:08,292 - modules.alert_system - INFO - AlertSystem initialized
2026-05-06 10:43:08,292 - modules.alert_system - INFO - Set 3 ROIs for 3 cameras
2026-05-06 10:43:08,292 - __main__ - INFO - Initializing: Visualizer
2026-05-06 10:43:08,292 - utils.visualization - INFO - Visualizer initialized
2026-05-06 10:43:08,293 - __main__ - INFO - Initializing: MetricsCollector
2026-05-06 10:43:08,293 - utils.metrics - INFO - MetricsCollector initialized
2026-05-06 10:43:08,293 - __main__ - INFO - All modules initialized successfully
2026-05-06 10:43:08,295 - __main__ - INFO - Starting tracking system...
2026-05-06 10:43:08,344 - modules.detector - ERROR - Detection error: 'Upsample' object has no attribute 'recompute_scale_factor'
2026-05-06 10:43:08,431 - modules.detector - ERROR - Detection error: 'Upsample' object has no attribute 'recompute_scale_factor'
2026-05-06 10:43:08,499 - modules.detector - ERROR - Detection error: 'Upsample' object has no attribute 'recompute_scale_factor'
2026-05-06 10:43:08,596 - modules.detector - ERROR - Detection error: 'Upsample' object has no attribute 'recompute_scale_factor'
2026-05-06 10:43:08,629 - modules.detector - ERROR - Detection error: 'Upsample' object has no attribute 'recompute_scale_factor'
2026-05-06 10:43:08,662 - modules.detector - ERROR - Detection error: 'Upsample' object has no attribute 'recompute_scale_factor'
2026-05-06 10:43:08,721 - modules.detector - ERROR - Detection error: 'Upsample' object has no attribute 'recompute_scale_factor'
2026-05-06 10:43:08,759 - modules.detector - ERROR - Detection error: 'Upsample' object has no attribute 'recompute_scale_factor'
2026-05-06 10:43:08,795 - modules.detector - ERROR - Detection error: 'Upsample' object has no attribute 'recompute_scale_factor'
2026-05-06 10:43:08,850 - modules.detector - ERROR - Detection error: 'Upsample' object has no attribute 'recompute_scale_factor'
2026-05-06 10:43:08,882 - modules.detector - ERROR - Detection error: 'Upsample' object has no attribute 'recompute_scale_factor'
2026-05-06 10:43:08,906 - modules.detector - ERROR - Detection error: 'Upsample' object has no attribute 'recompute_scale_factor'
2026-05-06 10:43:08,940 - modules.detector - ERROR - Detection error: 'Upsample' object has no attribute 'recompute_scale_factor'
2026-05-06 10:43:08,962 - modules.detector - ERROR - Detection error: 'Upsample' object has no attribute 'recompute_scale_factor'
2026-05-06 10:43:08,983 - modules.detector - ERROR - Detection error: 'Upsample' object has no attribute 'recompute_scale_factor'
2026-05-06 10:43:09,011 - modules.detector - ERROR - Detection error: 'Upsample' object has no attribute 'recompute_scale_factor'
2026-05-06 10:43:09,037 - modules.detector - ERROR - Detection error: 'Upsample' object has no attribute 'recompute_scale_factor'
2026-05-06 10:43:09,054 - modules.detector - ERROR - Detection error: 'Upsample' object has no attribute 'recompute_scale_factor'
2026-05-06 10:43:09,083 - modules.detector - ERROR - Detection error: 'Upsample' object has no attribute 'recompute_scale_factor'
2026-05-06 10:43:09,115 - modules.detector - ERROR - Detection error: 'Upsample' object has no attribute 'recompute_scale_factor'
2026-05-06 10:43:09,136 - modules.detector - ERROR - Detection error: 'Upsample' object has no attribute 'recompute_scale_factor'
2026-05-06 10:43:09,172 - modules.detector - ERROR - Detection error: 'Upsample' object has no attribute 'recompute_scale_factor'
2026-05-06 10:43:09,194 - modules.detector - ERROR - Detection error: 'Upsample' object has no attribute 'recompute_scale_factor'
2026-05-06 10:43:09,213 - modules.detector - ERROR - Detection error: 'Upsample' object has no attribute 'recompute_scale_factor'
2026-05-06 10:43:09,243 - modules.detector - ERROR - Detection error: 'Upsample' object has no attribute 'recompute_scale_factor'
2026-05-06 10:43:09,264 - modules.detector - ERROR - Detection error: 'Upsample' object has no attribute 'recompute_scale_factor'
2026-05-06 10:43:09,283 - modules.detector - ERROR - Detection error: 'Upsample' object has no attribute 'recompute_scale_factor'
2026-05-06 10:43:09,321 - modules.detector - ERROR - Detection error: 'Upsample' object has no attribute 'recompute_scale_factor'
2026-05-06 10:43:09,341 - modules.detector - ERROR - Detection error: 'Upsample' object has no attribute 'recompute_scale_factor'
2026-05-06 10:43:09,362 - modules.detector - ERROR - Detection error: 'Upsample' object has no attribute 'recompute_scale_factor'
2026-05-06 10:43:09,392 - modules.detector - ERROR - Detection error: 'Upsample' object has no attribute 'recompute_scale_factor'
2026-05-06 10:43:09,416 - modules.detector - ERROR - Detection error: 'Upsample' object has no attribute 'recompute_scale_factor'
2026-05-06 10:43:09,435 - modules.detector - ERROR - Detection error: 'Upsample' object has no attribute 'recompute_scale_factor'
2026-05-06 10:43:09,461 - modules.detector - ERROR - Detection error: 'Upsample' object has no attribute 'recompute_scale_factor'
2026-05-06 10:43:09,484 - modules.detector - ERROR - Detection error: 'Upsample' object has no attribute 'recompute_scale_factor'
2026-05-06 10:43:09,505 - modules.detector - ERROR - Detection error: 'Upsample' object has no attribute 'recompute_scale_factor'
2026-05-06 10:43:09,539 - modules.detector - ERROR - Detection error: 'Upsample' object has no attribute 'recompute_scale_factor'
2026-05-06 10:43:09,564 - modules.detector - ERROR - Detection error: 'Upsample' object has no attribute 'recompute_scale_factor'
2026-05-06 10:43:09,587 - modules.detector - ERROR - Detection error: 'Upsample' object has no attribute 'recompute_scale_factor'
2026-05-06 10:43:09,621 - modules.detector - ERROR - Detection error: 'Upsample' object has no attribute 'recompute_scale_factor'
2026-05-06 10:43:09,641 - modules.detector - ERROR - Detection error: 'Upsample' object has no attribute 'recompute_scale_factor'
2026-05-06 10:43:09,660 - modules.detector - ERROR - Detection error: 'Upsample' object has no attribute 'recompute_scale_factor'
2026-05-06 10:43:09,693 - modules.detector - ERROR - Detection error: 'Upsample' object has no attribute 'recompute_scale_factor'
2026-05-06 10:43:09,711 - modules.detector - ERROR - Detection error: 'Upsample' object has no attribute 'recompute_scale_factor'
2026-05-06 10:43:09,734 - modules.detector - ERROR - Detection error: 'Upsample' object has no attribute 'recompute_scale_factor'
2026-05-06 10:43:09,765 - modules.detector - ERROR - Detection error: 'Upsample' object has no attribute 'recompute_scale_factor'
2026-05-06 10:43:09,783 - modules.detector - ERROR - Detection error: 'Upsample' object has no attribute 'recompute_scale_factor'
2026-05-06 10:43:09,801 - modules.detector - ERROR - Detection error: 'Upsample' object has no attribute 'recompute_scale_factor'
2026-05-06 10:43:09,831 - modules.detector - ERROR - Detection error: 'Upsample' object has no attribute 'recompute_scale_factor'
2026-05-06 10:43:09,854 - modules.detector - ERROR - Detection error: 'Upsample' object has no attribute 'recompute_scale_factor'
2026-05-06 10:43:09,872 - modules.detector - ERROR - Detection error: 'Upsample' object has no attribute 'recompute_scale_factor'
2026-05-06 10:43:09,905 - modules.detector - ERROR - Detection error: 'Upsample' object has no attribute 'recompute_scale_factor'
2026-05-06 10:43:09,924 - modules.detector - ERROR - Detection error: 'Upsample' object has no attribute 'recompute_scale_factor'
2026-05-06 10:43:09,943 - modules.detector - ERROR - Detection error: 'Upsample' object has no attribute 'recompute_scale_factor'
2026-05-06 10:43:09,974 - modules.detector - ERROR - Detection error: 'Upsample' object has no attribute 'recompute_scale_factor'
2026-05-06 10:43:09,997 - modules.detector - ERROR - Detection error: 'Upsample' object has no attribute 'recompute_scale_factor'
2026-05-06 10:43:10,015 - modules.detector - ERROR - Detection error: 'Upsample' object has no attribute 'recompute_scale_factor'
2026-05-06 10:43:10,043 - modules.detector - ERROR - Detection error: 'Upsample' object has no attribute 'recompute_scale_factor'
2026-05-06 10:43:10,067 - modules.detector - ERROR - Detection error: 'Upsample' object has no attribute 'recompute_scale_factor'
2026-05-06 10:43:10,088 - modules.detector - ERROR - Detection error: 'Upsample' object has no attribute 'recompute_scale_factor'
2026-05-06 10:43:10,123 - modules.detector - ERROR - Detection error: 'Upsample' object has no attribute 'recompute_scale_factor'
2026-05-06 10:43:10,141 - modules.detector - ERROR - Detection error: 'Upsample' object has no attribute 'recompute_scale_factor'
2026-05-06 10:43:10,161 - modules.detector - ERROR - Detection error: 'Upsample' object has no attribute 'recompute_scale_factor'
2026-05-06 10:43:10,193 - modules.detector - ERROR - Detection error: 'Upsample' object has no attribute 'recompute_scale_factor'
2026-05-06 10:43:10,214 - modules.detector - ERROR - Detection error: 'Upsample' object has no attribute 'recompute_scale_factor'
2026-05-06 10:43:10,232 - modules.detector - ERROR - Detection error: 'Upsample' object has no attribute 'recompute_scale_factor'
2026-05-06 10:43:10,261 - modules.detector - ERROR - Detection error: 'Upsample' object has no attribute 'recompute_scale_factor'
2026-05-06 10:43:10,281 - modules.detector - ERROR - Detection error: 'Upsample' object has no attribute 'recompute_scale_factor'
2026-05-06 10:43:10,299 - modules.detector - ERROR - Detection error: 'Upsample' object has no attribute 'recompute_scale_factor'
2026-05-06 10:43:10,328 - modules.detector - ERROR - Detection error: 'Upsample' object has no attribute 'recompute_scale_factor'
2026-05-06 10:43:10,349 - modules.detector - ERROR - Detection error: 'Upsample' object has no attribute 'recompute_scale_factor'
2026-05-06 10:43:10,368 - modules.detector - ERROR - Detection error: 'Upsample' object has no attribute 'recompute_scale_factor'
2026-05-06 10:43:10,395 - modules.detector - ERROR - Detection error: 'Upsample' object has no attribute 'recompute_scale_factor'
2026-05-06 10:43:10,420 - modules.detector - ERROR - Detection error: 'Upsample' object has no attribute 'recompute_scale_factor'
2026-05-06 10:43:10,437 - modules.detector - ERROR - Detection error: 'Upsample' object has no attribute 'recompute_scale_factor'
2026-05-06 10:43:10,469 - modules.detector - ERROR - Detection error: 'Upsample' object has no attribute 'recompute_scale_factor'
2026-05-06 10:43:10,490 - modules.detector - ERROR - Detection error: 'Upsample' object has no attribute 'recompute_scale_factor'
2026-05-06 10:43:10,509 - modules.detector - ERROR - Detection error: 'Upsample' object has no attribute 'recompute_scale_factor'
2026-05-06 10:43:10,541 - modules.detector - ERROR - Detection error: 'Upsample' object has no attribute 'recompute_scale_factor'
2026-05-06 10:43:10,559 - modules.detector - ERROR - Detection error: 'Upsample' object has no attribute 'recompute_scale_factor'
2026-05-06 10:43:10,576 - modules.detector - ERROR - Detection error: 'Upsample' object has no attribute 'recompute_scale_factor'
2026-05-06 10:43:10,610 - modules.detector - ERROR - Detection error: 'Upsample' object has no attribute 'recompute_scale_factor'
2026-05-06 10:43:10,629 - modules.detector - ERROR - Detection error: 'Upsample' object has no attribute 'recompute_scale_factor'
2026-05-06 10:43:10,645 - modules.detector - ERROR - Detection error: 'Upsample' object has no attribute 'recompute_scale_factor'
2026-05-06 10:43:10,674 - modules.detector - ERROR - Detection error: 'Upsample' object has no attribute 'recompute_scale_factor'
2026-05-06 10:43:10,696 - modules.detector - ERROR - Detection error: 'Upsample' object has no attribute 'recompute_scale_factor'
2026-05-06 10:43:10,716 - modules.detector - ERROR - Detection error: 'Upsample' object has no attribute 'recompute_scale_factor'
2026-05-06 10:43:10,744 - modules.detector - ERROR - Detection error: 'Upsample' object has no attribute 'recompute_scale_factor'
2026-05-06 10:43:10,768 - modules.detector - ERROR - Detection error: 'Upsample' object has no attribute 'recompute_scale_factor'
2026-05-06 10:43:10,785 - modules.detector - ERROR - Detection error: 'Upsample' object has no attribute 'recompute_scale_factor'
2026-05-06 10:43:10,818 - modules.detector - ERROR - Detection error: 'Upsample' object has no attribute 'recompute_scale_factor'
2026-05-06 10:43:10,842 - modules.detector - ERROR - Detection error: 'Upsample' object has no attribute 'recompute_scale_factor'
2026-05-06 10:43:10,860 - modules.detector - ERROR - Detection error: 'Upsample' object has no attribute 'recompute_scale_factor'
2026-05-06 10:43:10,889 - modules.detector - ERROR - Detection error: 'Upsample' object has no attribute 'recompute_scale_factor'
2026-05-06 10:43:10,912 - modules.detector - ERROR - Detection error: 'Upsample' object has no attribute 'recompute_scale_factor'
2026-05-06 10:43:10,930 - modules.detector - ERROR - Detection error: 'Upsample' object has no attribute 'recompute_scale_factor'
2026-05-06 10:43:10,964 - modules.detector - ERROR - Detection error: 'Upsample' object has no attribute 'recompute_scale_factor'
2026-05-06 10:43:10,981 - modules.detector - ERROR - Detection error: 'Upsample' object has no attribute 'recompute_scale_factor'
2026-05-06 10:43:11,001 - modules.detector - ERROR - Detection error: 'Upsample' object has no attribute 'recompute_scale_factor'
2026-05-06 10:43:11,029 - modules.detector - ERROR - Detection error: 'Upsample' object has no attribute 'recompute_scale_factor'
2026-05-06 10:43:11,052 - modules.detector - ERROR - Detection error: 'Upsample' object has no attribute 'recompute_scale_factor'
2026-05-06 10:43:11,071 - modules.detector - ERROR - Detection error: 'Upsample' object has no attribute 'recompute_scale_factor'
2026-05-06 10:43:11,099 - modules.detector - ERROR - Detection error: 'Upsample' object has no attribute 'recompute_scale_factor'
2026-05-06 10:43:11,119 - modules.detector - ERROR - Detection error: 'Upsample' object has no attribute 'recompute_scale_factor'
2026-05-06 10:43:11,138 - modules.detector - ERROR - Detection error: 'Upsample' object has no attribute 'recompute_scale_factor'
2026-05-06 10:43:11,166 - modules.detector - ERROR - Detection error: 'Upsample' object has no attribute 'recompute_scale_factor'
2026-05-06 10:43:11,189 - modules.detector - ERROR - Detection error: 'Upsample' object has no attribute 'recompute_scale_factor'
2026-05-06 10:43:11,207 - modules.detector - ERROR - Detection error: 'Upsample' object has no attribute 'recompute_scale_factor'
2026-05-06 10:43:11,240 - modules.detector - ERROR - Detection error: 'Upsample' object has no attribute 'recompute_scale_factor'
2026-05-06 10:43:11,261 - modules.detector - ERROR - Detection error: 'Upsample' object has no attribute 'recompute_scale_factor'
2026-05-06 10:43:11,280 - modules.detector - ERROR - Detection error: 'Upsample' object has no attribute 'recompute_scale_factor'
2026-05-06 10:43:11,308 - modules.detector - ERROR - Detection error: 'Upsample' object has no attribute 'recompute_scale_factor'
2026-05-06 10:43:11,329 - modules.detector - ERROR - Detection error: 'Upsample' object has no attribute 'recompute_scale_factor'
2026-05-06 10:43:11,351 - modules.detector - ERROR - Detection error: 'Upsample' object has no attribute 'recompute_scale_factor'
2026-05-06 10:43:11,386 - modules.detector - ERROR - Detection error: 'Upsample' object has no attribute 'recompute_scale_factor'
2026-05-06 10:43:11,408 - modules.detector - ERROR - Detection error: 'Upsample' object has no attribute 'recompute_scale_factor'
2026-05-06 10:43:11,427 - modules.detector - ERROR - Detection error: 'Upsample' object has no attribute 'recompute_scale_factor'
2026-05-06 10:43:11,456 - modules.detector - ERROR - Detection error: 'Upsample' object has no attribute 'recompute_scale_factor'
2026-05-06 10:43:11,479 - modules.detector - ERROR - Detection error: 'Upsample' object has no attribute 'recompute_scale_factor'
2026-05-06 10:43:11,497 - modules.detector - ERROR - Detection error: 'Upsample' object has no attribute 'recompute_scale_factor'
2026-05-06 10:43:11,532 - modules.detector - ERROR - Detection error: 'Upsample' object has no attribute 'recompute_scale_factor'
2026-05-06 10:43:11,558 - modules.detector - ERROR - Detection error: 'Upsample' object has no attribute 'recompute_scale_factor'
2026-05-06 10:43:11,581 - modules.detector - ERROR - Detection error: 'Upsample' object has no attribute 'recompute_scale_factor'
2026-05-06 10:43:11,619 - modules.detector - ERROR - Detection error: 'Upsample' object has no attribute 'recompute_scale_factor'
2026-05-06 10:43:11,639 - modules.detector - ERROR - Detection error: 'Upsample' object has no attribute 'recompute_scale_factor'
2026-05-06 10:43:11,656 - modules.detector - ERROR - Detection error: 'Upsample' object has no attribute 'recompute_scale_factor'
2026-05-06 10:43:11,687 - modules.detector - ERROR - Detection error: 'Upsample' object has no attribute 'recompute_scale_factor'
2026-05-06 10:43:11,705 - modules.detector - ERROR - Detection error: 'Upsample' object has no attribute 'recompute_scale_factor'
2026-05-06 10:43:11,723 - modules.detector - ERROR - Detection error: 'Upsample' object has no attribute 'recompute_scale_factor'
2026-05-06 10:43:11,750 - modules.detector - ERROR - Detection error: 'Upsample' object has no attribute 'recompute_scale_factor'
2026-05-06 10:43:11,773 - modules.detector - ERROR - Detection error: 'Upsample' object has no attribute 'recompute_scale_factor'
2026-05-06 10:43:11,791 - modules.detector - ERROR - Detection error: 'Upsample' object has no attribute 'recompute_scale_factor'
2026-05-06 10:43:11,823 - modules.detector - ERROR - Detection error: 'Upsample' object has no attribute 'recompute_scale_factor'
2026-05-06 10:43:11,843 - modules.detector - ERROR - Detection error: 'Upsample' object has no attribute 'recompute_scale_factor'
2026-05-06 10:43:11,861 - modules.detector - ERROR - Detection error: 'Upsample' object has no attribute 'recompute_scale_factor'
2026-05-06 10:43:11,892 - modules.detector - ERROR - Detection error: 'Upsample' object has no attribute 'recompute_scale_factor'
2026-05-06 10:43:11,911 - modules.detector - ERROR - Detection error: 'Upsample' object has no attribute 'recompute_scale_factor'
2026-05-06 10:43:11,930 - modules.detector - ERROR - Detection error: 'Upsample' object has no attribute 'recompute_scale_factor'
2026-05-06 10:43:11,959 - modules.detector - ERROR - Detection error: 'Upsample' object has no attribute 'recompute_scale_factor'
2026-05-06 10:43:11,983 - modules.detector - ERROR - Detection error: 'Upsample' object has no attribute 'recompute_scale_factor'
2026-05-06 10:43:12,001 - modules.detector - ERROR - Detection error: 'Upsample' object has no attribute 'recompute_scale_factor'
2026-05-06 10:43:12,031 - modules.detector - ERROR - Detection error: 'Upsample' object has no attribute 'recompute_scale_factor'
2026-05-06 10:43:12,052 - modules.detector - ERROR - Detection error: 'Upsample' object has no attribute 'recompute_scale_factor'
2026-05-06 10:43:12,074 - modules.detector - ERROR - Detection error: 'Upsample' object has no attribute 'recompute_scale_factor'
2026-05-06 10:43:12,104 - modules.detector - ERROR - Detection error: 'Upsample' object has no attribute 'recompute_scale_factor'
2026-05-06 10:43:12,124 - modules.detector - ERROR - Detection error: 'Upsample' object has no attribute 'recompute_scale_factor'
2026-05-06 10:43:12,145 - modules.detector - ERROR - Detection error: 'Upsample' object has no attribute 'recompute_scale_factor'
2026-05-06 10:43:12,175 - modules.detector - ERROR - Detection error: 'Upsample' object has no attribute 'recompute_scale_factor'
2026-05-06 10:43:12,194 - modules.detector - ERROR - Detection error: 'Upsample' object has no attribute 'recompute_scale_factor'
2026-05-06 10:43:12,214 - modules.detector - ERROR - Detection error: 'Upsample' object has no attribute 'recompute_scale_factor'
2026-05-06 10:43:12,246 - modules.detector - ERROR - Detection error: 'Upsample' object has no attribute 'recompute_scale_factor'
2026-05-06 10:43:12,265 - modules.detector - ERROR - Detection error: 'Upsample' object has no attribute 'recompute_scale_factor'
2026-05-06 10:43:12,284 - modules.detector - ERROR - Detection error: 'Upsample' object has no attribute 'recompute_scale_factor'
2026-05-06 10:43:12,315 - modules.detector - ERROR - Detection error: 'Upsample' object has no attribute 'recompute_scale_factor'
2026-05-06 10:43:12,335 - modules.detector - ERROR - Detection error: 'Upsample' object has no attribute 'recompute_scale_factor'
2026-05-06 10:43:12,356 - modules.detector - ERROR - Detection error: 'Upsample' object has no attribute 'recompute_scale_factor'
2026-05-06 10:43:12,389 - modules.detector - ERROR - Detection error: 'Upsample' object has no attribute 'recompute_scale_factor'
2026-05-06 10:43:12,409 - modules.detector - ERROR - Detection error: 'Upsample' object has no attribute 'recompute_scale_factor'
2026-05-06 10:43:12,429 - modules.detector - ERROR - Detection error: 'Upsample' object has no attribute 'recompute_scale_factor'
2026-05-06 10:43:12,457 - modules.detector - ERROR - Detection error: 'Upsample' object has no attribute 'recompute_scale_factor'
2026-05-06 10:43:12,482 - modules.detector - ERROR - Detection error: 'Upsample' object has no attribute 'recompute_scale_factor'
2026-05-06 10:43:12,500 - modules.detector - ERROR - Detection error: 'Upsample' object has no attribute 'recompute_scale_factor'
2026-05-06 10:43:12,528 - modules.detector - ERROR - Detection error: 'Upsample' object has no attribute 'recompute_scale_factor'
2026-05-06 10:43:12,551 - modules.detector - ERROR - Detection error: 'Upsample' object has no attribute 'recompute_scale_factor'
2026-05-06 10:43:12,571 - modules.detector - ERROR - Detection error: 'Upsample' object has no attribute 'recompute_scale_factor'
2026-05-06 10:43:12,598 - modules.detector - ERROR - Detection error: 'Upsample' object has no attribute 'recompute_scale_factor'
2026-05-06 10:43:12,620 - modules.detector - ERROR - Detection error: 'Upsample' object has no attribute 'recompute_scale_factor'
2026-05-06 10:43:12,638 - modules.detector - ERROR - Detection error: 'Upsample' object has no attribute 'recompute_scale_factor'
2026-05-06 10:43:12,669 - modules.detector - ERROR - Detection error: 'Upsample' object has no attribute 'recompute_scale_factor'
2026-05-06 10:43:12,688 - modules.detector - ERROR - Detection error: 'Upsample' object has no attribute 'recompute_scale_factor'
2026-05-06 10:43:12,707 - modules.detector - ERROR - Detection error: 'Upsample' object has no attribute 'recompute_scale_factor'
2026-05-06 10:43:12,733 - modules.detector - ERROR - Detection error: 'Upsample' object has no attribute 'recompute_scale_factor'
2026-05-06 10:43:12,757 - modules.detector - ERROR - Detection error: 'Upsample' object has no attribute 'recompute_scale_factor'
2026-05-06 10:43:12,778 - modules.detector - ERROR - Detection error: 'Upsample' object has no attribute 'recompute_scale_factor'
2026-05-06 10:43:12,807 - modules.detector - ERROR - Detection error: 'Upsample' object has no attribute 'recompute_scale_factor'
2026-05-06 10:43:12,830 - modules.detector - ERROR - Detection error: 'Upsample' object has no attribute 'recompute_scale_factor'
2026-05-06 10:43:12,849 - modules.detector - ERROR - Detection error: 'Upsample' object has no attribute 'recompute_scale_factor'
2026-05-06 10:43:12,876 - modules.detector - ERROR - Detection error: 'Upsample' object has no attribute 'recompute_scale_factor'
2026-05-06 10:43:12,899 - modules.detector - ERROR - Detection error: 'Upsample' object has no attribute 'recompute_scale_factor'
2026-05-06 10:43:12,917 - modules.detector - ERROR - Detection error: 'Upsample' object has no attribute 'recompute_scale_factor'
2026-05-06 10:43:12,945 - modules.detector - ERROR - Detection error: 'Upsample' object has no attribute 'recompute_scale_factor'
2026-05-06 10:43:12,967 - modules.detector - ERROR - Detection error: 'Upsample' object has no attribute 'recompute_scale_factor'
2026-05-06 10:43:12,986 - modules.detector - ERROR - Detection error: 'Upsample' object has no attribute 'recompute_scale_factor'
2026-05-06 10:43:13,017 - modules.detector - ERROR - Detection error: 'Upsample' object has no attribute 'recompute_scale_factor'
2026-05-06 10:43:13,036 - modules.detector - ERROR - Detection error: 'Upsample' object has no attribute 'recompute_scale_factor'
2026-05-06 10:43:13,057 - modules.detector - ERROR - Detection error: 'Upsample' object has no attribute 'recompute_scale_factor'
2026-05-06 10:43:13,089 - modules.detector - ERROR - Detection error: 'Upsample' object has no attribute 'recompute_scale_factor'
2026-05-06 10:43:13,109 - modules.detector - ERROR - Detection error: 'Upsample' object has no attribute 'recompute_scale_factor'
2026-05-06 10:43:13,127 - modules.detector - ERROR - Detection error: 'Upsample' object has no attribute 'recompute_scale_factor'
2026-05-06 10:43:13,160 - modules.detector - ERROR - Detection error: 'Upsample' object has no attribute 'recompute_scale_factor'
2026-05-06 10:43:13,181 - modules.detector - ERROR - Detection error: 'Upsample' object has no attribute 'recompute_scale_factor'
2026-05-06 10:43:13,198 - modules.detector - ERROR - Detection error: 'Upsample' object has no attribute 'recompute_scale_factor'
2026-05-06 10:43:13,227 - modules.detector - ERROR - Detection error: 'Upsample' object has no attribute 'recompute_scale_factor'
2026-05-06 10:43:13,249 - modules.detector - ERROR - Detection error: 'Upsample' object has no attribute 'recompute_scale_factor'
2026-05-06 10:43:13,270 - modules.detector - ERROR - Detection error: 'Upsample' object has no attribute 'recompute_scale_factor'
2026-05-06 10:43:13,304 - modules.detector - ERROR - Detection error: 'Upsample' object has no attribute 'recompute_scale_factor'
2026-05-06 10:43:13,326 - modules.detector - ERROR - Detection error: 'Upsample' object has no attribute 'recompute_scale_factor'
2026-05-06 10:43:13,344 - modules.detector - ERROR - Detection error: 'Upsample' object has no attribute 'recompute_scale_factor'
2026-05-06 10:43:13,376 - modules.detector - ERROR - Detection error: 'Upsample' object has no attribute 'recompute_scale_factor'
2026-05-06 10:43:13,400 - modules.detector - ERROR - Detection error: 'Upsample' object has no attribute 'recompute_scale_factor'
2026-05-06 10:43:13,421 - modules.detector - ERROR - Detection error: 'Upsample' object has no attribute 'recompute_scale_factor'
2026-05-06 10:43:13,451 - modules.detector - ERROR - Detection error: 'Upsample' object has no attribute 'recompute_scale_factor'
2026-05-06 10:43:13,473 - modules.detector - ERROR - Detection error: 'Upsample' object has no attribute 'recompute_scale_factor'
2026-05-06 10:43:13,493 - modules.detector - ERROR - Detection error: 'Upsample' object has no attribute 'recompute_scale_factor'
2026-05-06 10:43:13,523 - modules.detector - ERROR - Detection error: 'Upsample' object has no attribute 'recompute_scale_factor'
2026-05-06 10:43:13,545 - modules.detector - ERROR - Detection error: 'Upsample' object has no attribute 'recompute_scale_factor'
2026-05-06 10:43:13,563 - modules.detector - ERROR - Detection error: 'Upsample' object has no attribute 'recompute_scale_factor'
2026-05-06 10:43:13,590 - modules.detector - ERROR - Detection error: 'Upsample' object has no attribute 'recompute_scale_factor'
2026-05-06 10:43:13,615 - modules.detector - ERROR - Detection error: 'Upsample' object has no attribute 'recompute_scale_factor'
2026-05-06 10:43:13,633 - modules.detector - ERROR - Detection error: 'Upsample' object has no attribute 'recompute_scale_factor'
2026-05-06 10:43:13,659 - modules.detector - ERROR - Detection error: 'Upsample' object has no attribute 'recompute_scale_factor'
2026-05-06 10:43:13,681 - modules.detector - ERROR - Detection error: 'Upsample' object has no attribute 'recompute_scale_factor'
2026-05-06 10:43:13,701 - modules.detector - ERROR - Detection error: 'Upsample' object has no attribute 'recompute_scale_factor'
2026-05-06 10:43:13,732 - modules.detector - ERROR - Detection error: 'Upsample' object has no attribute 'recompute_scale_factor'
2026-05-06 10:43:13,754 - modules.detector - ERROR - Detection error: 'Upsample' object has no attribute 'recompute_scale_factor'
2026-05-06 10:43:13,772 - modules.detector - ERROR - Detection error: 'Upsample' object has no attribute 'recompute_scale_factor'
2026-05-06 10:43:13,820 - modules.detector - ERROR - Detection error: 'Upsample' object has no attribute 'recompute_scale_factor'
2026-05-06 10:43:13,843 - modules.detector - ERROR - Detection error: 'Upsample' object has no attribute 'recompute_scale_factor'
2026-05-06 10:43:13,868 - modules.detector - ERROR - Detection error: 'Upsample' object has no attribute 'recompute_scale_factor'
2026-05-06 10:43:13,900 - modules.detector - ERROR - Detection error: 'Upsample' object has no attribute 'recompute_scale_factor'
2026-05-06 10:43:13,923 - modules.detector - ERROR - Detection error: 'Upsample' object has no attribute 'recompute_scale_factor'
2026-05-06 10:43:13,944 - modules.detector - ERROR - Detection error: 'Upsample' object has no attribute 'recompute_scale_factor'
2026-05-06 10:43:13,972 - modules.detector - ERROR - Detection error: 'Upsample' object has no attribute 'recompute_scale_factor'
2026-05-06 10:43:13,995 - modules.detector - ERROR - Detection error: 'Upsample' object has no attribute 'recompute_scale_factor'
2026-05-06 10:43:14,013 - modules.detector - ERROR - Detection error: 'Upsample' object has no attribute 'recompute_scale_factor'
2026-05-06 10:43:14,041 - modules.detector - ERROR - Detection error: 'Upsample' object has no attribute 'recompute_scale_factor'
2026-05-06 10:43:14,066 - modules.detector - ERROR - Detection error: 'Upsample' object has no attribute 'recompute_scale_factor'
2026-05-06 10:43:14,083 - modules.detector - ERROR - Detection error: 'Upsample' object has no attribute 'recompute_scale_factor'
2026-05-06 10:43:14,111 - modules.detector - ERROR - Detection error: 'Upsample' object has no attribute 'recompute_scale_factor'
2026-05-06 10:43:14,137 - modules.detector - ERROR - Detection error: 'Upsample' object has no attribute 'recompute_scale_factor'
2026-05-06 10:43:14,154 - modules.detector - ERROR - Detection error: 'Upsample' object has no attribute 'recompute_scale_factor'
2026-05-06 10:43:14,182 - modules.detector - ERROR - Detection error: 'Upsample' object has no attribute 'recompute_scale_factor'
2026-05-06 10:43:14,209 - modules.detector - ERROR - Detection error: 'Upsample' object has no attribute 'recompute_scale_factor'
2026-05-06 10:43:14,227 - modules.detector - ERROR - Detection error: 'Upsample' object has no attribute 'recompute_scale_factor'
2026-05-06 10:43:14,254 - modules.detector - ERROR - Detection error: 'Upsample' object has no attribute 'recompute_scale_factor'
2026-05-06 10:43:14,277 - modules.detector - ERROR - Detection error: 'Upsample' object has no attribute 'recompute_scale_factor'
2026-05-06 10:43:14,296 - modules.detector - ERROR - Detection error: 'Upsample' object has no attribute 'recompute_scale_factor'
2026-05-06 10:43:14,321 - modules.detector - ERROR - Detection error: 'Upsample' object has no attribute 'recompute_scale_factor'
2026-05-06 10:43:14,343 - modules.detector - ERROR - Detection error: 'Upsample' object has no attribute 'recompute_scale_factor'
2026-05-06 10:43:14,360 - modules.detector - ERROR - Detection error: 'Upsample' object has no attribute 'recompute_scale_factor'
2026-05-06 10:43:14,388 - modules.detector - ERROR - Detection error: 'Upsample' object has no attribute 'recompute_scale_factor'
2026-05-06 10:43:14,411 - modules.detector - ERROR - Detection error: 'Upsample' object has no attribute 'recompute_scale_factor'
2026-05-06 10:43:14,428 - modules.detector - ERROR - Detection error: 'Upsample' object has no attribute 'recompute_scale_factor'
2026-05-06 10:43:14,456 - modules.detector - ERROR - Detection error: 'Upsample' object has no attribute 'recompute_scale_factor'
2026-05-06 10:43:14,479 - modules.detector - ERROR - Detection error: 'Upsample' object has no attribute 'recompute_scale_factor'
2026-05-06 10:43:14,497 - modules.detector - ERROR - Detection error: 'Upsample' object has no attribute 'recompute_scale_factor'
2026-05-06 10:43:14,523 - modules.detector - ERROR - Detection error: 'Upsample' object has no attribute 'recompute_scale_factor'
2026-05-06 10:43:14,547 - modules.detector - ERROR - Detection error: 'Upsample' object has no attribute 'recompute_scale_factor'
2026-05-06 10:43:14,564 - modules.detector - ERROR - Detection error: 'Upsample' object has no attribute 'recompute_scale_factor'
2026-05-06 10:43:14,590 - modules.detector - ERROR - Detection error: 'Upsample' object has no attribute 'recompute_scale_factor'
2026-05-06 10:43:14,612 - modules.detector - ERROR - Detection error: 'Upsample' object has no attribute 'recompute_scale_factor'
2026-05-06 10:43:14,632 - modules.detector - ERROR - Detection error: 'Upsample' object has no attribute 'recompute_scale_factor'
2026-05-06 10:43:14,663 - modules.detector - ERROR - Detection error: 'Upsample' object has no attribute 'recompute_scale_factor'
2026-05-06 10:43:14,683 - modules.detector - ERROR - Detection error: 'Upsample' object has no attribute 'recompute_scale_factor'
2026-05-06 10:43:14,700 - modules.detector - ERROR - Detection error: 'Upsample' object has no attribute 'recompute_scale_factor'
2026-05-06 10:43:14,726 - modules.detector - ERROR - Detection error: 'Upsample' object has no attribute 'recompute_scale_factor'
2026-05-06 10:43:14,748 - modules.detector - ERROR - Detection error: 'Upsample' object has no attribute 'recompute_scale_factor'
2026-05-06 10:43:14,765 - modules.detector - ERROR - Detection error: 'Upsample' object has no attribute 'recompute_scale_factor'
2026-05-06 10:43:14,788 - modules.detector - ERROR - Detection error: 'Upsample' object has no attribute 'recompute_scale_factor'
2026-05-06 10:43:14,813 - modules.detector - ERROR - Detection error: 'Upsample' object has no attribute 'recompute_scale_factor'
2026-05-06 10:43:14,830 - modules.detector - ERROR - Detection error: 'Upsample' object has no attribute 'recompute_scale_factor'
2026-05-06 10:43:14,856 - modules.detector - ERROR - Detection error: 'Upsample' object has no attribute 'recompute_scale_factor'
2026-05-06 10:43:14,878 - modules.detector - ERROR - Detection error: 'Upsample' object has no attribute 'recompute_scale_factor'
2026-05-06 10:43:14,900 - modules.detector - ERROR - Detection error: 'Upsample' object has no attribute 'recompute_scale_factor'
2026-05-06 10:43:14,927 - modules.detector - ERROR - Detection error: 'Upsample' object has no attribute 'recompute_scale_factor'
2026-05-06 10:43:14,948 - modules.detector - ERROR - Detection error: 'Upsample' object has no attribute 'recompute_scale_factor'
2026-05-06 10:43:14,968 - modules.detector - ERROR - Detection error: 'Upsample' object has no attribute 'recompute_scale_factor'
2026-05-06 10:43:14,997 - modules.detector - ERROR - Detection error: 'Upsample' object has no attribute 'recompute_scale_factor'
2026-05-06 10:43:15,017 - modules.detector - ERROR - Detection error: 'Upsample' object has no attribute 'recompute_scale_factor'
2026-05-06 10:43:15,035 - modules.detector - ERROR - Detection error: 'Upsample' object has no attribute 'recompute_scale_factor'
2026-05-06 10:43:15,063 - modules.detector - ERROR - Detection error: 'Upsample' object has no attribute 'recompute_scale_factor'
2026-05-06 10:43:15,087 - modules.detector - ERROR - Detection error: 'Upsample' object has no attribute 'recompute_scale_factor'
2026-05-06 10:43:15,148 - modules.detector - ERROR - Detection error: 'Upsample' object has no attribute 'recompute_scale_factor'
2026-05-06 10:43:15,251 - modules.detector - ERROR - Detection error: 'Upsample' object has no attribute 'recompute_scale_factor'
2026-05-06 10:43:15,321 - modules.detector - ERROR - Detection error: 'Upsample' object has no attribute 'recompute_scale_factor'
2026-05-06 10:43:15,403 - modules.detector - ERROR - Detection error: 'Upsample' object has no attribute 'recompute_scale_factor'
2026-05-06 10:43:15,511 - modules.detector - ERROR - Detection error: 'Upsample' object has no attribute 'recompute_scale_factor'
2026-05-06 10:43:15,586 - modules.detector - ERROR - Detection error: 'Upsample' object has no attribute 'recompute_scale_factor'
2026-05-06 10:43:15,663 - modules.detector - ERROR - Detection error: 'Upsample' object has no attribute 'recompute_scale_factor'
2026-05-06 10:43:15,761 - modules.detector - ERROR - Detection error: 'Upsample' object has no attribute 'recompute_scale_factor'
2026-05-06 10:43:15,823 - modules.detector - ERROR - Detection error: 'Upsample' object has no attribute 'recompute_scale_factor'
2026-05-06 10:43:15,906 - modules.detector - ERROR - Detection error: 'Upsample' object has no attribute 'recompute_scale_factor'
2026-05-06 10:43:16,713 - modules.detector - ERROR - Detection error: 'Upsample' object has no attribute 'recompute_scale_factor'
2026-05-06 10:43:16,776 - modules.detector - ERROR - Detection error: 'Upsample' object has no attribute 'recompute_scale_factor'
2026-05-06 10:43:16,840 - modules.detector - ERROR - Detection error: 'Upsample' object has no attribute 'recompute_scale_factor'
2026-05-06 10:43:16,940 - modules.detector - ERROR - Detection error: 'Upsample' object has no attribute 'recompute_scale_factor'
2026-05-06 10:43:17,003 - modules.detector - ERROR - Detection error: 'Upsample' object has no attribute 'recompute_scale_factor'
2026-05-06 10:43:17,067 - modules.detector - ERROR - Detection error: 'Upsample' object has no attribute 'recompute_scale_factor'
2026-05-06 10:43:17,166 - modules.detector - ERROR - Detection error: 'Upsample' object has no attribute 'recompute_scale_factor'
2026-05-06 10:43:17,242 - modules.detector - ERROR - Detection error: 'Upsample' object has no attribute 'recompute_scale_factor'
2026-05-06 10:43:17,319 - modules.detector - ERROR - Detection error: 'Upsample' object has no attribute 'recompute_scale_factor'
2026-05-06 10:43:17,428 - modules.detector - ERROR - Detection error: 'Upsample' object has no attribute 'recompute_scale_factor'
2026-05-06 10:43:17,511 - modules.detector - ERROR - Detection error: 'Upsample' object has no attribute 'recompute_scale_factor'
2026-05-06 10:43:17,601 - modules.detector - ERROR - Detection error: 'Upsample' object has no attribute 'recompute_scale_factor'
2026-05-06 10:43:17,728 - modules.detector - ERROR - Detection error: 'Upsample' object has no attribute 'recompute_scale_factor'
2026-05-06 10:43:17,806 - modules.detector - ERROR - Detection error: 'Upsample' object has no attribute 'recompute_scale_factor'
2026-05-06 10:43:17,877 - modules.detector - ERROR - Detection error: 'Upsample' object has no attribute 'recompute_scale_factor'
2026-05-06 10:43:17,981 - modules.detector - ERROR - Detection error: 'Upsample' object has no attribute 'recompute_scale_factor'
2026-05-06 10:43:18,047 - modules.detector - ERROR - Detection error: 'Upsample' object has no attribute 'recompute_scale_factor'
2026-05-06 10:43:18,075 - modules.detector - ERROR - Detection error: 'Upsample' object has no attribute 'recompute_scale_factor'
2026-05-06 10:43:18,083 - __main__ - INFO - Processed 100 frames
2026-05-06 10:43:18,105 - modules.detector - ERROR - Detection error: 'Upsample' object has no attribute 'recompute_scale_factor'
2026-05-06 10:43:18,126 - modules.detector - ERROR - Detection error: 'Upsample' object has no attribute 'recompute_scale_factor'
2026-05-06 10:43:18,144 - modules.detector - ERROR - Detection error: 'Upsample' object has no attribute 'recompute_scale_factor'
2026-05-06 10:43:18,341 - modules.detector - ERROR - Detection error: 'Upsample' object has no attribute 'recompute_scale_factor'
2026-05-06 10:43:18,359 - modules.detector - ERROR - Detection error: 'Upsample' object has no attribute 'recompute_scale_factor'
2026-05-06 10:43:18,378 - modules.detector - ERROR - Detection error: 'Upsample' object has no attribute 'recompute_scale_factor'
2026-05-06 10:43:18,404 - modules.detector - ERROR - Detection error: 'Upsample' object has no attribute 'recompute_scale_factor'
2026-05-06 10:43:18,431 - modules.detector - ERROR - Detection error: 'Upsample' object has no attribute 'recompute_scale_factor'
2026-05-06 10:43:18,448 - modules.detector - ERROR - Detection error: 'Upsample' object has no attribute 'recompute_scale_factor'
2026-05-06 10:43:18,473 - modules.detector - ERROR - Detection error: 'Upsample' object has no attribute 'recompute_scale_factor'
2026-05-06 10:43:18,498 - modules.detector - ERROR - Detection error: 'Upsample' object has no attribute 'recompute_scale_factor'
2026-05-06 10:43:18,518 - modules.detector - ERROR - Detection error: 'Upsample' object has no attribute 'recompute_scale_factor'
2026-05-06 10:43:18,546 - modules.detector - ERROR - Detection error: 'Upsample' object has no attribute 'recompute_scale_factor'
2026-05-06 10:43:18,567 - modules.detector - ERROR - Detection error: 'Upsample' object has no attribute 'recompute_scale_factor'
2026-05-06 10:43:18,587 - modules.detector - ERROR - Detection error: 'Upsample' object has no attribute 'recompute_scale_factor'
2026-05-06 10:43:18,616 - modules.detector - ERROR - Detection error: 'Upsample' object has no attribute 'recompute_scale_factor'
2026-05-06 10:43:18,644 - modules.detector - ERROR - Detection error: 'Upsample' object has no attribute 'recompute_scale_factor'
2026-05-06 10:43:18,666 - modules.detector - ERROR - Detection error: 'Upsample' object has no attribute 'recompute_scale_factor'
2026-05-06 10:43:18,695 - modules.detector - ERROR - Detection error: 'Upsample' object has no attribute 'recompute_scale_factor'
2026-05-06 10:43:18,719 - modules.detector - ERROR - Detection error: 'Upsample' object has no attribute 'recompute_scale_factor'
2026-05-06 10:43:18,738 - modules.detector - ERROR - Detection error: 'Upsample' object has no attribute 'recompute_scale_factor'
2026-05-06 10:43:18,765 - modules.detector - ERROR - Detection error: 'Upsample' object has no attribute 'recompute_scale_factor'
2026-05-06 10:43:18,785 - modules.detector - ERROR - Detection error: 'Upsample' object has no attribute 'recompute_scale_factor'
2026-05-06 10:43:18,802 - modules.detector - ERROR - Detection error: 'Upsample' object has no attribute 'recompute_scale_factor'
2026-05-06 10:43:18,829 - modules.detector - ERROR - Detection error: 'Upsample' object has no attribute 'recompute_scale_factor'
2026-05-06 10:43:18,850 - modules.detector - ERROR - Detection error: 'Upsample' object has no attribute 'recompute_scale_factor'
2026-05-06 10:43:18,867 - modules.detector - ERROR - Detection error: 'Upsample' object has no attribute 'recompute_scale_factor'
2026-05-06 10:43:18,894 - modules.detector - ERROR - Detection error: 'Upsample' object has no attribute 'recompute_scale_factor'
2026-05-06 10:43:18,918 - modules.detector - ERROR - Detection error: 'Upsample' object has no attribute 'recompute_scale_factor'
2026-05-06 10:43:18,935 - modules.detector - ERROR - Detection error: 'Upsample' object has no attribute 'recompute_scale_factor'
2026-05-06 10:43:18,959 - modules.detector - ERROR - Detection error: 'Upsample' object has no attribute 'recompute_scale_factor'
2026-05-06 10:43:18,980 - modules.detector - ERROR - Detection error: 'Upsample' object has no attribute 'recompute_scale_factor'
2026-05-06 10:43:19,001 - modules.detector - ERROR - Detection error: 'Upsample' object has no attribute 'recompute_scale_factor'
2026-05-06 10:43:19,026 - modules.detector - ERROR - Detection error: 'Upsample' object has no attribute 'recompute_scale_factor'
2026-05-06 10:43:19,048 - modules.detector - ERROR - Detection error: 'Upsample' object has no attribute 'recompute_scale_factor'
2026-05-06 10:43:19,070 - modules.detector - ERROR - Detection error: 'Upsample' object has no attribute 'recompute_scale_factor'
2026-05-06 10:43:19,098 - modules.detector - ERROR - Detection error: 'Upsample' object has no attribute 'recompute_scale_factor'
2026-05-06 10:43:19,124 - modules.detector - ERROR - Detection error: 'Upsample' object has no attribute 'recompute_scale_factor'
2026-05-06 10:43:19,141 - modules.detector - ERROR - Detection error: 'Upsample' object has no attribute 'recompute_scale_factor'
2026-05-06 10:43:19,166 - modules.detector - ERROR - Detection error: 'Upsample' object has no attribute 'recompute_scale_factor'
2026-05-06 10:43:19,188 - modules.detector - ERROR - Detection error: 'Upsample' object has no attribute 'recompute_scale_factor'
2026-05-06 10:43:19,208 - modules.detector - ERROR - Detection error: 'Upsample' object has no attribute 'recompute_scale_factor'
2026-05-06 10:43:19,235 - modules.detector - ERROR - Detection error: 'Upsample' object has no attribute 'recompute_scale_factor'
2026-05-06 10:43:19,260 - modules.detector - ERROR - Detection error: 'Upsample' object has no attribute 'recompute_scale_factor'
2026-05-06 10:43:19,277 - modules.detector - ERROR - Detection error: 'Upsample' object has no attribute 'recompute_scale_factor'
2026-05-06 10:43:19,305 - modules.detector - ERROR - Detection error: 'Upsample' object has no attribute 'recompute_scale_factor'
2026-05-06 10:43:19,326 - modules.detector - ERROR - Detection error: 'Upsample' object has no attribute 'recompute_scale_factor'
2026-05-06 10:43:19,344 - modules.detector - ERROR - Detection error: 'Upsample' object has no attribute 'recompute_scale_factor'
2026-05-06 10:43:20,400 - modules.detector - ERROR - Detection error: 'Upsample' object has no attribute 'recompute_scale_factor'
2026-05-06 10:43:20,418 - modules.detector - ERROR - Detection error: 'Upsample' object has no attribute 'recompute_scale_factor'
2026-05-06 10:43:20,435 - modules.detector - ERROR - Detection error: 'Upsample' object has no attribute 'recompute_scale_factor'
2026-05-06 10:43:20,470 - modules.detector - ERROR - Detection error: 'Upsample' object has no attribute 'recompute_scale_factor'
2026-05-06 10:43:20,488 - modules.detector - ERROR - Detection error: 'Upsample' object has no attribute 'recompute_scale_factor'
2026-05-06 10:43:20,505 - modules.detector - ERROR - Detection error: 'Upsample' object has no attribute 'recompute_scale_factor'
2026-05-06 10:43:20,530 - modules.detector - ERROR - Detection error: 'Upsample' object has no attribute 'recompute_scale_factor'
2026-05-06 10:43:20,553 - modules.detector - ERROR - Detection error: 'Upsample' object has no attribute 'recompute_scale_factor'
2026-05-06 10:43:20,570 - modules.detector - ERROR - Detection error: 'Upsample' object has no attribute 'recompute_scale_factor'
2026-05-06 10:43:20,597 - modules.detector - ERROR - Detection error: 'Upsample' object has no attribute 'recompute_scale_factor'
2026-05-06 10:43:20,618 - modules.detector - ERROR - Detection error: 'Upsample' object has no attribute 'recompute_scale_factor'
2026-05-06 10:43:20,638 - modules.detector - ERROR - Detection error: 'Upsample' object has no attribute 'recompute_scale_factor'
2026-05-06 10:43:20,665 - modules.detector - ERROR - Detection error: 'Upsample' object has no attribute 'recompute_scale_factor'
2026-05-06 10:43:20,686 - modules.detector - ERROR - Detection error: 'Upsample' object has no attribute 'recompute_scale_factor'
2026-05-06 10:43:20,701 - modules.detector - ERROR - Detection error: 'Upsample' object has no attribute 'recompute_scale_factor'
2026-05-06 10:43:20,728 - modules.detector - ERROR - Detection error: 'Upsample' object has no attribute 'recompute_scale_factor'
2026-05-06 10:43:20,751 - modules.detector - ERROR - Detection error: 'Upsample' object has no attribute 'recompute_scale_factor'
2026-05-06 10:43:20,769 - modules.detector - ERROR - Detection error: 'Upsample' object has no attribute 'recompute_scale_factor'
2026-05-06 10:43:20,799 - modules.detector - ERROR - Detection error: 'Upsample' object has no attribute 'recompute_scale_factor'
2026-05-06 10:43:20,819 - modules.detector - ERROR - Detection error: 'Upsample' object has no attribute 'recompute_scale_factor'
2026-05-06 10:43:20,837 - modules.detector - ERROR - Detection error: 'Upsample' object has no attribute 'recompute_scale_factor'
2026-05-06 10:43:20,863 - modules.detector - ERROR - Detection error: 'Upsample' object has no attribute 'recompute_scale_factor'
2026-05-06 10:43:20,883 - modules.detector - ERROR - Detection error: 'Upsample' object has no attribute 'recompute_scale_factor'
2026-05-06 10:43:20,901 - modules.detector - ERROR - Detection error: 'Upsample' object has no attribute 'recompute_scale_factor'
2026-05-06 10:43:20,933 - modules.detector - ERROR - Detection error: 'Upsample' object has no attribute 'recompute_scale_factor'
2026-05-06 10:43:20,953 - modules.detector - ERROR - Detection error: 'Upsample' object has no attribute 'recompute_scale_factor'
2026-05-06 10:43:20,972 - modules.detector - ERROR - Detection error: 'Upsample' object has no attribute 'recompute_scale_factor'
2026-05-06 10:43:21,001 - modules.detector - ERROR - Detection error: 'Upsample' object has no attribute 'recompute_scale_factor'
2026-05-06 10:43:21,028 - modules.detector - ERROR - Detection error: 'Upsample' object has no attribute 'recompute_scale_factor'
2026-05-06 10:43:21,048 - modules.detector - ERROR - Detection error: 'Upsample' object has no attribute 'recompute_scale_factor'
2026-05-06 10:43:21,074 - modules.detector - ERROR - Detection error: 'Upsample' object has no attribute 'recompute_scale_factor'
2026-05-06 10:43:21,098 - modules.detector - ERROR - Detection error: 'Upsample' object has no attribute 'recompute_scale_factor'
2026-05-06 10:43:21,116 - modules.detector - ERROR - Detection error: 'Upsample' object has no attribute 'recompute_scale_factor'
2026-05-06 10:43:21,144 - modules.detector - ERROR - Detection error: 'Upsample' object has no attribute 'recompute_scale_factor'
2026-05-06 10:43:21,166 - modules.detector - ERROR - Detection error: 'Upsample' object has no attribute 'recompute_scale_factor'
2026-05-06 10:43:21,184 - modules.detector - ERROR - Detection error: 'Upsample' object has no attribute 'recompute_scale_factor'
2026-05-06 10:43:21,210 - modules.detector - ERROR - Detection error: 'Upsample' object has no attribute 'recompute_scale_factor'
2026-05-06 10:43:21,233 - modules.detector - ERROR - Detection error: 'Upsample' object has no attribute 'recompute_scale_factor'
2026-05-06 10:43:21,249 - modules.detector - ERROR - Detection error: 'Upsample' object has no attribute 'recompute_scale_factor'
2026-05-06 10:43:21,276 - modules.detector - ERROR - Detection error: 'Upsample' object has no attribute 'recompute_scale_factor'
2026-05-06 10:43:21,303 - modules.detector - ERROR - Detection error: 'Upsample' object has no attribute 'recompute_scale_factor'
2026-05-06 10:43:21,323 - modules.detector - ERROR - Detection error: 'Upsample' object has no attribute 'recompute_scale_factor'
2026-05-06 10:43:21,349 - modules.detector - ERROR - Detection error: 'Upsample' object has no attribute 'recompute_scale_factor'
2026-05-06 10:43:21,380 - modules.detector - ERROR - Detection error: 'Upsample' object has no attribute 'recompute_scale_factor'
2026-05-06 10:43:21,403 - modules.detector - ERROR - Detection error: 'Upsample' object has no attribute 'recompute_scale_factor'
2026-05-06 10:43:21,437 - modules.detector - ERROR - Detection error: 'Upsample' object has no attribute 'recompute_scale_factor'
2026-05-06 10:43:21,462 - modules.detector - ERROR - Detection error: 'Upsample' object has no attribute 'recompute_scale_factor'
2026-05-06 10:43:21,481 - modules.detector - ERROR - Detection error: 'Upsample' object has no attribute 'recompute_scale_factor'
2026-05-06 10:43:21,508 - modules.detector - ERROR - Detection error: 'Upsample' object has no attribute 'recompute_scale_factor'
2026-05-06 10:43:21,529 - modules.detector - ERROR - Detection error: 'Upsample' object has no attribute 'recompute_scale_factor'
2026-05-06 10:43:21,547 - modules.detector - ERROR - Detection error: 'Upsample' object has no attribute 'recompute_scale_factor'
2026-05-06 10:43:21,580 - modules.detector - ERROR - Detection error: 'Upsample' object has no attribute 'recompute_scale_factor'
2026-05-06 10:43:21,600 - modules.detector - ERROR - Detection error: 'Upsample' object has no attribute 'recompute_scale_factor'
2026-05-06 10:43:21,619 - modules.detector - ERROR - Detection error: 'Upsample' object has no attribute 'recompute_scale_factor'
2026-05-06 10:43:21,647 - modules.detector - ERROR - Detection error: 'Upsample' object has no attribute 'recompute_scale_factor'
2026-05-06 10:43:21,669 - modules.detector - ERROR - Detection error: 'Upsample' object has no attribute 'recompute_scale_factor'
2026-05-06 10:43:21,691 - modules.detector - ERROR - Detection error: 'Upsample' object has no attribute 'recompute_scale_factor'
2026-05-06 10:43:21,720 - modules.detector - ERROR - Detection error: 'Upsample' object has no attribute 'recompute_scale_factor'
2026-05-06 10:43:21,746 - modules.detector - ERROR - Detection error: 'Upsample' object has no attribute 'recompute_scale_factor'
2026-05-06 10:43:21,767 - modules.detector - ERROR - Detection error: 'Upsample' object has no attribute 'recompute_scale_factor'
2026-05-06 10:43:21,797 - modules.detector - ERROR - Detection error: 'Upsample' object has no attribute 'recompute_scale_factor'
2026-05-06 10:43:21,816 - modules.detector - ERROR - Detection error: 'Upsample' object has no attribute 'recompute_scale_factor'
2026-05-06 10:43:21,834 - modules.detector - ERROR - Detection error: 'Upsample' object has no attribute 'recompute_scale_factor'
2026-05-06 10:43:21,865 - modules.detector - ERROR - Detection error: 'Upsample' object has no attribute 'recompute_scale_factor'
2026-05-06 10:43:21,889 - modules.detector - ERROR - Detection error: 'Upsample' object has no attribute 'recompute_scale_factor'
2026-05-06 10:43:21,906 - modules.detector - ERROR - Detection error: 'Upsample' object has no attribute 'recompute_scale_factor'
2026-05-06 10:43:21,938 - modules.detector - ERROR - Detection error: 'Upsample' object has no attribute 'recompute_scale_factor'
2026-05-06 10:43:21,960 - modules.detector - ERROR - Detection error: 'Upsample' object has no attribute 'recompute_scale_factor'
2026-05-06 10:43:21,978 - modules.detector - ERROR - Detection error: 'Upsample' object has no attribute 'recompute_scale_factor'
2026-05-06 10:43:22,005 - modules.detector - ERROR - Detection error: 'Upsample' object has no attribute 'recompute_scale_factor'
2026-05-06 10:43:22,029 - modules.detector - ERROR - Detection error: 'Upsample' object has no attribute 'recompute_scale_factor'
2026-05-06 10:43:22,047 - modules.detector - ERROR - Detection error: 'Upsample' object has no attribute 'recompute_scale_factor'
2026-05-06 10:43:22,078 - modules.detector - ERROR - Detection error: 'Upsample' object has no attribute 'recompute_scale_factor'
2026-05-06 10:43:22,096 - modules.detector - ERROR - Detection error: 'Upsample' object has no attribute 'recompute_scale_factor'
2026-05-06 10:43:22,116 - modules.detector - ERROR - Detection error: 'Upsample' object has no attribute 'recompute_scale_factor'
2026-05-06 10:43:22,148 - modules.detector - ERROR - Detection error: 'Upsample' object has no attribute 'recompute_scale_factor'
2026-05-06 10:43:22,167 - modules.detector - ERROR - Detection error: 'Upsample' object has no attribute 'recompute_scale_factor'
2026-05-06 10:43:22,185 - modules.detector - ERROR - Detection error: 'Upsample' object has no attribute 'recompute_scale_factor'
2026-05-06 10:43:22,214 - modules.detector - ERROR - Detection error: 'Upsample' object has no attribute 'recompute_scale_factor'
2026-05-06 10:43:22,233 - modules.detector - ERROR - Detection error: 'Upsample' object has no attribute 'recompute_scale_factor'
2026-05-06 10:43:22,252 - modules.detector - ERROR - Detection error: 'Upsample' object has no attribute 'recompute_scale_factor'
2026-05-06 10:43:22,282 - modules.detector - ERROR - Detection error: 'Upsample' object has no attribute 'recompute_scale_factor'
2026-05-06 10:43:22,300 - modules.detector - ERROR - Detection error: 'Upsample' object has no attribute 'recompute_scale_factor'
2026-05-06 10:43:22,320 - modules.detector - ERROR - Detection error: 'Upsample' object has no attribute 'recompute_scale_factor'
2026-05-06 10:43:22,352 - modules.detector - ERROR - Detection error: 'Upsample' object has no attribute 'recompute_scale_factor'
2026-05-06 10:43:22,370 - modules.detector - ERROR - Detection error: 'Upsample' object has no attribute 'recompute_scale_factor'
2026-05-06 10:43:22,389 - modules.detector - ERROR - Detection error: 'Upsample' object has no attribute 'recompute_scale_factor'
2026-05-06 10:43:22,418 - modules.detector - ERROR - Detection error: 'Upsample' object has no attribute 'recompute_scale_factor'
2026-05-06 10:43:22,445 - modules.detector - ERROR - Detection error: 'Upsample' object has no attribute 'recompute_scale_factor'
2026-05-06 10:43:22,462 - modules.detector - ERROR - Detection error: 'Upsample' object has no attribute 'recompute_scale_factor'
2026-05-06 10:43:22,488 - modules.detector - ERROR - Detection error: 'Upsample' object has no attribute 'recompute_scale_factor'
2026-05-06 10:43:22,510 - modules.detector - ERROR - Detection error: 'Upsample' object has no attribute 'recompute_scale_factor'
2026-05-06 10:43:22,530 - modules.detector - ERROR - Detection error: 'Upsample' object has no attribute 'recompute_scale_factor'
2026-05-06 10:43:22,560 - modules.detector - ERROR - Detection error: 'Upsample' object has no attribute 'recompute_scale_factor'
2026-05-06 10:43:22,579 - modules.detector - ERROR - Detection error: 'Upsample' object has no attribute 'recompute_scale_factor'
2026-05-06 10:43:22,597 - modules.detector - ERROR - Detection error: 'Upsample' object has no attribute 'recompute_scale_factor'
2026-05-06 10:43:22,625 - modules.detector - ERROR - Detection error: 'Upsample' object has no attribute 'recompute_scale_factor'
2026-05-06 10:43:22,647 - modules.detector - ERROR - Detection error: 'Upsample' object has no attribute 'recompute_scale_factor'
2026-05-06 10:43:22,667 - modules.detector - ERROR - Detection error: 'Upsample' object has no attribute 'recompute_scale_factor'
2026-05-06 10:43:22,696 - modules.detector - ERROR - Detection error: 'Upsample' object has no attribute 'recompute_scale_factor'
2026-05-06 10:43:22,719 - modules.detector - ERROR - Detection error: 'Upsample' object has no attribute 'recompute_scale_factor'
2026-05-06 10:43:22,737 - modules.detector - ERROR - Detection error: 'Upsample' object has no attribute 'recompute_scale_factor'
2026-05-06 10:43:22,766 - modules.detector - ERROR - Detection error: 'Upsample' object has no attribute 'recompute_scale_factor'
2026-05-06 10:43:22,790 - modules.detector - ERROR - Detection error: 'Upsample' object has no attribute 'recompute_scale_factor'
2026-05-06 10:43:22,809 - modules.detector - ERROR - Detection error: 'Upsample' object has no attribute 'recompute_scale_factor'
2026-05-06 10:43:22,841 - modules.detector - ERROR - Detection error: 'Upsample' object has no attribute 'recompute_scale_factor'
2026-05-06 10:43:22,861 - modules.detector - ERROR - Detection error: 'Upsample' object has no attribute 'recompute_scale_factor'
2026-05-06 10:43:22,879 - modules.detector - ERROR - Detection error: 'Upsample' object has no attribute 'recompute_scale_factor'
2026-05-06 10:43:22,907 - modules.detector - ERROR - Detection error: 'Upsample' object has no attribute 'recompute_scale_factor'
2026-05-06 10:43:22,929 - modules.detector - ERROR - Detection error: 'Upsample' object has no attribute 'recompute_scale_factor'
2026-05-06 10:43:22,948 - modules.detector - ERROR - Detection error: 'Upsample' object has no attribute 'recompute_scale_factor'
2026-05-06 10:43:22,975 - modules.detector - ERROR - Detection error: 'Upsample' object has no attribute 'recompute_scale_factor'
2026-05-06 10:43:22,998 - modules.detector - ERROR - Detection error: 'Upsample' object has no attribute 'recompute_scale_factor'
2026-05-06 10:43:23,086 - modules.detector - ERROR - Detection error: 'Upsample' object has no attribute 'recompute_scale_factor'
2026-05-06 10:43:23,194 - modules.detector - ERROR - Detection error: 'Upsample' object has no attribute 'recompute_scale_factor'
2026-05-06 10:43:23,276 - modules.detector - ERROR - Detection error: 'Upsample' object has no attribute 'recompute_scale_factor'
2026-05-06 10:43:23,300 - __main__ - INFO - Interrupted by user
2026-05-06 10:43:23,301 - __main__ - INFO - Cleaning up...
2026-05-06 10:43:23,368 - modules.camera_controller - INFO - Camera destroyed
2026-05-06 10:43:23,371 - modules.camera_controller - INFO - Camera destroyed
2026-05-06 10:43:23,373 - modules.camera_controller - INFO - Camera destroyed
2026-05-06 10:43:23,662 - modules.traffic_generator - INFO - Cleaning up traffic actors...
2026-05-06 10:43:23,687 - modules.traffic_generator - INFO - Traffic cleanup completed
2026-05-06 10:43:23,690 - __main__ - INFO - Cleanup completed
2026-06-12 23:23:53,674 - __main__ - ERROR - Failed to initialize CARLA: No module named 'carla'
2026-06-12 23:25:27,376 - __main__ - INFO - Initializing: CARLABridgeClient
2026-06-12 23:25:27,376 - modules.video_source - INFO - CARLABridgeClient connecting to 127.0.0.1:8765 ...
2026-06-12 23:25:27,401 - modules.video_source - INFO - CARLABridgeClient connected to 127.0.0.1:8765
2026-06-12 23:25:27,411 - __main__ - INFO - Initializing: ObjectDetector
2026-06-12 23:25:28,139 - modules.detector - INFO - Model loaded: E:\School_project\finalproject\custom_tracking_system\weights\yolo11m_vn.pt
2026-06-12 23:25:28,139 - modules.detector - INFO - ObjectDetector initialised: E:\School_project\finalproject\custom_tracking_system\weights\yolo11m_vn.pt on cpu
2026-06-12 23:25:28,139 - __main__ - INFO - Initializing: ByteTrackWrapper (per camera)
2026-06-12 23:25:28,568 - modules.tracker - INFO - ByteTrackWrapper initialised (frame_rate=10, buffer=30)
2026-06-12 23:25:28,570 - modules.tracker - INFO - ByteTrackWrapper initialised (frame_rate=10, buffer=30)
2026-06-12 23:25:28,571 - modules.tracker - INFO - ByteTrackWrapper initialised (frame_rate=10, buffer=30)
2026-06-12 23:25:28,571 - __main__ - INFO - Initializing: ReIDExtractor
2026-06-12 23:25:28,690 - modules.reid - INFO - Loaded osnet_x1_0 (Market-1501 pretrained) via torchreid
2026-06-12 23:25:28,690 - modules.reid - INFO - ReIDExtractor ready: model=osnet_x1_0, device=cpu, feature_dim=512
2026-06-12 23:25:28,690 - __main__ - INFO - Initializing: GlobalTracker
2026-06-12 23:25:28,690 - modules.global_tracking - INFO - GlobalTracker initialised: threshold=0.50, topology_pairs=0
2026-06-12 23:25:28,690 - __main__ - INFO - Initializing: TrajectoryPredictor
2026-06-12 23:25:28,700 - modules.calibration - INFO - CalibrationStore: loaded 3 camera calibration(s) from config/camera_config.yaml
2026-06-12 23:25:28,700 - modules.trajectory_predictor - INFO - TrajectoryPredictor initialised (Kalman constant-acceleration): window=10, horizons=[0.5, 1.0, 1.5, 2.0, 3.0] s, process_noise_std=50.0, measurement_noise_std=5.0
2026-06-12 23:25:28,718 - modules.trajectory_predictor - INFO - LearnedTrajectoryPredictor: loaded checkpoint weights/trajectory_gru.pth (t_obs=8)
2026-06-12 23:25:28,718 - modules.trajectory_predictor - INFO - EnsembleTrajectoryPredictor: Kalman + GRU ensemble active (3 camera calibration(s))
2026-06-12 23:25:28,718 - __main__ - INFO - Initializing: AlertSystem
2026-06-12 23:25:28,719 - modules.alert_system - INFO - AlertSystem initialized
2026-06-12 23:25:28,719 - modules.alert_system - INFO - Set 3 ROIs for 3 cameras
2026-06-12 23:25:28,719 - __main__ - INFO - Initializing: IncidentDetector
2026-06-12 23:25:28,719 - modules.incident_detector - INFO - IncidentDetector initialized
2026-06-12 23:25:28,719 - __main__ - INFO - Initializing: EvidencePackage
2026-06-12 23:25:28,719 - modules.evidence_package - INFO - EvidencePackage initialized — output: evidence, buffer: 30s @ 10fps
2026-06-12 23:25:28,720 - __main__ - INFO - Initializing: Visualizer
2026-06-12 23:25:28,720 - utils.visualization - INFO - Visualizer initialized
2026-06-12 23:25:28,720 - __main__ - INFO - Initializing: MetricsCollector
2026-06-12 23:25:28,720 - utils.metrics - INFO - MetricsCollector initialized
2026-06-12 23:25:28,720 - __main__ - INFO - Initializing: Eval output (pred_<CAM_ID>.txt)
2026-06-12 23:25:28,721 - __main__ - INFO - All modules initialised successfully
2026-06-12 23:25:28,721 - __main__ - INFO - Starting tracking system...
2026-06-12 23:26:20,891 - __main__ - INFO - Pipeline FPS: 1.9  (frame 100)
2026-06-12 23:26:20,891 - __main__ - INFO - Reached max frames (100), stopping.
2026-06-12 23:26:20,892 - __main__ - INFO - Cleaning up...
2026-06-12 23:26:20,903 - __main__ - INFO - Cleanup completed
2026-06-12 23:32:46,314 - __main__ - INFO - Initializing: CARLABridgeClient
2026-06-12 23:32:46,314 - modules.video_source - INFO - CARLABridgeClient connecting to 127.0.0.1:8765 ...
2026-06-12 23:32:46,315 - modules.video_source - INFO - CARLABridgeClient connected to 127.0.0.1:8765
2026-06-12 23:32:46,324 - __main__ - INFO - Initializing: ObjectDetector
2026-06-12 23:32:46,875 - modules.detector - INFO - Model loaded: E:\School_project\finalproject\custom_tracking_system\weights\yolo11m_vn.pt
2026-06-12 23:32:46,875 - modules.detector - INFO - ObjectDetector initialised: E:\School_project\finalproject\custom_tracking_system\weights\yolo11m_vn.pt on cpu
2026-06-12 23:32:46,875 - __main__ - INFO - Initializing: ByteTrackWrapper (per camera)
2026-06-12 23:32:47,149 - modules.tracker - INFO - ByteTrackWrapper initialised (frame_rate=10, buffer=30)
2026-06-12 23:32:47,151 - modules.tracker - INFO - ByteTrackWrapper initialised (frame_rate=10, buffer=30)
2026-06-12 23:32:47,153 - modules.tracker - INFO - ByteTrackWrapper initialised (frame_rate=10, buffer=30)
2026-06-12 23:32:47,153 - __main__ - INFO - Initializing: ReIDExtractor
2026-06-12 23:32:47,234 - modules.reid - INFO - Loaded osnet_x1_0 (Market-1501 pretrained) via torchreid
2026-06-12 23:32:47,234 - modules.reid - INFO - ReIDExtractor ready: model=osnet_x1_0, device=cpu, feature_dim=512
2026-06-12 23:32:47,234 - __main__ - INFO - Initializing: GlobalTracker
2026-06-12 23:32:47,234 - modules.global_tracking - INFO - GlobalTracker initialised: threshold=0.50, topology_pairs=0
2026-06-12 23:32:47,234 - __main__ - INFO - Initializing: TrajectoryPredictor
2026-06-12 23:32:47,242 - modules.calibration - INFO - CalibrationStore: loaded 3 camera calibration(s) from config/camera_config.yaml
2026-06-12 23:32:47,242 - modules.trajectory_predictor - INFO - TrajectoryPredictor initialised (Kalman constant-acceleration): window=10, horizons=[0.5, 1.0, 1.5, 2.0, 3.0] s, process_noise_std=50.0, measurement_noise_std=5.0
2026-06-12 23:32:47,247 - modules.trajectory_predictor - INFO - LearnedTrajectoryPredictor: loaded checkpoint weights/trajectory_gru.pth (t_obs=8)
2026-06-12 23:32:47,247 - modules.trajectory_predictor - INFO - EnsembleTrajectoryPredictor: Kalman + GRU ensemble active (3 camera calibration(s))
2026-06-12 23:32:47,247 - __main__ - INFO - Initializing: AlertSystem
2026-06-12 23:32:47,247 - modules.alert_system - INFO - AlertSystem initialized
2026-06-12 23:32:47,247 - modules.alert_system - INFO - Set 3 ROIs for 3 cameras
2026-06-12 23:32:47,248 - __main__ - INFO - Initializing: IncidentDetector
2026-06-12 23:32:47,248 - modules.incident_detector - INFO - IncidentDetector initialized
2026-06-12 23:32:47,248 - __main__ - INFO - Initializing: EvidencePackage
2026-06-12 23:32:47,249 - modules.evidence_package - INFO - EvidencePackage initialized — output: evidence, buffer: 30s @ 10fps
2026-06-12 23:32:47,249 - __main__ - INFO - Initializing: Visualizer
2026-06-12 23:32:47,249 - utils.visualization - INFO - Visualizer initialized
2026-06-12 23:32:47,249 - __main__ - INFO - Initializing: MetricsCollector
2026-06-12 23:32:47,249 - utils.metrics - INFO - MetricsCollector initialized
2026-06-12 23:32:47,249 - __main__ - INFO - Initializing: Eval output (pred_<CAM_ID>.txt)
2026-06-12 23:32:47,250 - __main__ - INFO - All modules initialised successfully
2026-06-12 23:32:47,250 - __main__ - INFO - Starting tracking system...
2026-06-12 23:33:40,010 - __main__ - INFO - Pipeline FPS: 1.9  (frame 100)
2026-06-12 23:33:40,010 - __main__ - INFO - Reached max frames (100), stopping.
2026-06-12 23:33:40,011 - __main__ - INFO - Cleaning up...
2026-06-12 23:33:40,018 - __main__ - INFO - Cleanup completed
2026-06-12 23:45:38,960 - __main__ - INFO - Initializing: CARLABridgeClient
2026-06-12 23:45:38,961 - modules.video_source - INFO - CARLABridgeClient connecting to 127.0.0.1:8765 ...
2026-06-12 23:45:38,961 - modules.video_source - INFO - CARLABridgeClient connected to 127.0.0.1:8765
2026-06-12 23:45:38,973 - __main__ - INFO - Initializing: ObjectDetector
2026-06-12 23:45:39,569 - modules.detector - INFO - Model loaded: E:\School_project\finalproject\custom_tracking_system\weights\yolo11m_vn.pt
2026-06-12 23:45:39,570 - modules.detector - INFO - ObjectDetector initialised: E:\School_project\finalproject\custom_tracking_system\weights\yolo11m_vn.pt on cpu
2026-06-12 23:45:39,570 - __main__ - INFO - Initializing: ByteTrackWrapper (per camera)
2026-06-12 23:45:39,861 - modules.tracker - INFO - ByteTrackWrapper initialised (frame_rate=10, buffer=30)
2026-06-12 23:45:39,863 - modules.tracker - INFO - ByteTrackWrapper initialised (frame_rate=10, buffer=30)
2026-06-12 23:45:39,865 - modules.tracker - INFO - ByteTrackWrapper initialised (frame_rate=10, buffer=30)
2026-06-12 23:45:39,865 - __main__ - INFO - Initializing: ReIDExtractor
2026-06-12 23:45:39,950 - modules.reid - INFO - Loaded osnet_x1_0 (Market-1501 pretrained) via torchreid
2026-06-12 23:45:42,237 - modules.reid - INFO - ReIDExtractor ready: model=osnet_x1_0, device=cpu, feature_dim=512
2026-06-12 23:45:42,237 - __main__ - INFO - Initializing: GlobalTracker
2026-06-12 23:45:42,237 - modules.global_tracking - INFO - GlobalTracker initialised: threshold=0.50, topology_pairs=0
2026-06-12 23:45:42,237 - __main__ - INFO - Initializing: TrajectoryPredictor
2026-06-12 23:45:42,247 - modules.calibration - INFO - CalibrationStore: loaded 3 camera calibration(s) from config/camera_config.yaml
2026-06-12 23:45:42,247 - modules.trajectory_predictor - INFO - TrajectoryPredictor initialised (Kalman constant-acceleration): window=10, horizons=[0.5, 1.0, 1.5, 2.0, 3.0] s, process_noise_std=50.0, measurement_noise_std=5.0
2026-06-12 23:45:42,251 - modules.trajectory_predictor - INFO - LearnedTrajectoryPredictor: loaded checkpoint weights/trajectory_gru.pth (t_obs=8)
2026-06-12 23:45:42,251 - modules.trajectory_predictor - INFO - EnsembleTrajectoryPredictor: Kalman + GRU ensemble active (3 camera calibration(s))
2026-06-12 23:45:42,251 - __main__ - INFO - Initializing: AlertSystem
2026-06-12 23:45:42,251 - modules.alert_system - INFO - AlertSystem initialized
2026-06-12 23:45:42,251 - modules.alert_system - INFO - Set 3 ROIs for 3 cameras
2026-06-12 23:45:42,251 - __main__ - INFO - Initializing: IncidentDetector
2026-06-12 23:45:42,251 - modules.incident_detector - INFO - IncidentDetector initialized
2026-06-12 23:45:42,251 - __main__ - INFO - Initializing: EvidencePackage
2026-06-12 23:45:42,252 - modules.evidence_package - INFO - EvidencePackage initialized — output: evidence, buffer: 30s @ 10fps
2026-06-12 23:45:42,252 - __main__ - INFO - Initializing: Visualizer
2026-06-12 23:45:42,252 - utils.visualization - INFO - Visualizer initialized
2026-06-12 23:45:42,252 - __main__ - INFO - Initializing: MetricsCollector
2026-06-12 23:45:42,252 - utils.metrics - INFO - MetricsCollector initialized
2026-06-12 23:45:42,252 - __main__ - INFO - Initializing: Eval output (pred_<CAM_ID>.txt)
2026-06-12 23:45:42,253 - __main__ - INFO - All modules initialised successfully
2026-06-12 23:45:42,253 - __main__ - INFO - Starting tracking system...
2026-06-12 23:46:46,946 - __main__ - INFO - Pipeline FPS: 1.5  (frame 100)
2026-06-12 23:46:46,946 - __main__ - INFO - Reached max frames (100), stopping.
2026-06-12 23:46:46,946 - __main__ - INFO - Cleaning up...
2026-06-12 23:46:46,957 - __main__ - INFO - Cleanup completed
2026-06-12 23:47:30,786 - __main__ - INFO - Initializing: CARLABridgeClient
2026-06-12 23:47:30,786 - modules.video_source - INFO - CARLABridgeClient connecting to 127.0.0.1:8765 ...
2026-06-12 23:47:32,835 - __main__ - ERROR - Failed to initialize modules: [WinError 10061] No connection could be made because the target machine actively refused it
Traceback (most recent call last):
  File "E:\School_project\finalproject\custom_tracking_system\main.py", line 126, in initialize_modules
    self.frame_source = CARLABridgeClient(
  File "E:\School_project\finalproject\custom_tracking_system\modules\video_source.py", line 335, in __init__
    self._sock = socket.create_connection((host, port), timeout=connect_timeout)
  File "C:\Users\PC\anaconda3\envs\veri-train\lib\socket.py", line 857, in create_connection
    raise err
  File "C:\Users\PC\anaconda3\envs\veri-train\lib\socket.py", line 845, in create_connection
    sock.connect(sa)
ConnectionRefusedError: [WinError 10061] No connection could be made because the target machine actively refused it
2026-06-12 23:49:11,487 - __main__ - INFO - Initializing: CARLABridgeClient
2026-06-12 23:49:11,488 - modules.video_source - INFO - CARLABridgeClient connecting to 127.0.0.1:8765 ...
2026-06-12 23:49:11,488 - modules.video_source - INFO - CARLABridgeClient connected to 127.0.0.1:8765
2026-06-12 23:49:11,496 - __main__ - INFO - Initializing: ObjectDetector
2026-06-12 23:49:12,042 - modules.detector - INFO - Model loaded: E:\School_project\finalproject\custom_tracking_system\weights\yolo11m_vn.pt
2026-06-12 23:49:12,043 - modules.detector - INFO - ObjectDetector initialised: E:\School_project\finalproject\custom_tracking_system\weights\yolo11m_vn.pt on cpu
2026-06-12 23:49:12,043 - __main__ - INFO - Initializing: ByteTrackWrapper (per camera)
2026-06-12 23:49:12,307 - modules.tracker - INFO - ByteTrackWrapper initialised (frame_rate=10, buffer=30)
2026-06-12 23:49:12,308 - modules.tracker - INFO - ByteTrackWrapper initialised (frame_rate=10, buffer=30)
2026-06-12 23:49:12,310 - modules.tracker - INFO - ByteTrackWrapper initialised (frame_rate=10, buffer=30)
2026-06-12 23:49:12,310 - __main__ - INFO - Initializing: ReIDExtractor
2026-06-12 23:49:12,388 - modules.reid - INFO - Loaded osnet_x1_0 (Market-1501 pretrained) via torchreid
2026-06-12 23:49:14,492 - modules.reid - INFO - ReIDExtractor ready: model=osnet_x1_0, device=cpu, feature_dim=512
2026-06-12 23:49:14,492 - __main__ - INFO - Initializing: GlobalTracker
2026-06-12 23:49:14,493 - modules.global_tracking - INFO - GlobalTracker initialised: threshold=0.50, topology_pairs=0
2026-06-12 23:49:14,493 - __main__ - INFO - Initializing: TrajectoryPredictor
2026-06-12 23:49:14,500 - modules.calibration - INFO - CalibrationStore: loaded 3 camera calibration(s) from config/camera_config.yaml
2026-06-12 23:49:14,500 - modules.trajectory_predictor - INFO - TrajectoryPredictor initialised (Kalman constant-acceleration): window=10, horizons=[0.5, 1.0, 1.5, 2.0, 3.0] s, process_noise_std=50.0, measurement_noise_std=5.0
2026-06-12 23:49:14,505 - modules.trajectory_predictor - INFO - LearnedTrajectoryPredictor: loaded checkpoint weights/trajectory_gru.pth (t_obs=8)
2026-06-12 23:49:14,505 - modules.trajectory_predictor - INFO - EnsembleTrajectoryPredictor: Kalman + GRU ensemble active (3 camera calibration(s))
2026-06-12 23:49:14,505 - __main__ - INFO - Initializing: AlertSystem
2026-06-12 23:49:14,505 - modules.alert_system - INFO - AlertSystem initialized
2026-06-12 23:49:14,505 - modules.alert_system - INFO - Set 3 ROIs for 3 cameras
2026-06-12 23:49:14,505 - __main__ - INFO - Initializing: IncidentDetector
2026-06-12 23:49:14,505 - modules.incident_detector - INFO - IncidentDetector initialized
2026-06-12 23:49:14,505 - __main__ - INFO - Initializing: EvidencePackage
2026-06-12 23:49:14,506 - modules.evidence_package - INFO - EvidencePackage initialized — output: evidence, buffer: 30s @ 10fps
2026-06-12 23:49:14,506 - __main__ - INFO - Initializing: Visualizer
2026-06-12 23:49:14,506 - utils.visualization - INFO - Visualizer initialized
2026-06-12 23:49:14,506 - __main__ - INFO - Initializing: MetricsCollector
2026-06-12 23:49:14,506 - utils.metrics - INFO - MetricsCollector initialized
2026-06-12 23:49:14,506 - __main__ - INFO - Initializing: Eval output (pred_<CAM_ID>.txt)
2026-06-12 23:49:14,507 - __main__ - INFO - All modules initialised successfully
2026-06-12 23:49:14,507 - __main__ - INFO - Starting tracking system...
2026-06-12 23:50:03,778 - __main__ - INFO - Pipeline FPS: 2.0  (frame 100)
2026-06-12 23:50:03,779 - __main__ - INFO - Reached max frames (100), stopping.
2026-06-12 23:50:03,779 - __main__ - INFO - Cleaning up...
2026-06-12 23:50:03,788 - __main__ - INFO - Cleanup completed
2026-06-12 23:54:28,369 - __main__ - INFO - Initializing: CARLABridgeClient
2026-06-12 23:54:28,369 - modules.video_source - INFO - CARLABridgeClient connecting to 127.0.0.1:8765 ...
2026-06-12 23:54:28,369 - modules.video_source - INFO - CARLABridgeClient connected to 127.0.0.1:8765
2026-06-12 23:54:28,376 - __main__ - INFO - Initializing: ObjectDetector
2026-06-12 23:54:28,920 - modules.detector - INFO - Model loaded: E:\School_project\finalproject\custom_tracking_system\weights\yolo11m_vn.pt
2026-06-12 23:54:28,920 - modules.detector - INFO - ObjectDetector initialised: E:\School_project\finalproject\custom_tracking_system\weights\yolo11m_vn.pt on cpu
2026-06-12 23:54:28,920 - __main__ - INFO - Initializing: ByteTrackWrapper (per camera)
2026-06-12 23:54:29,232 - modules.tracker - INFO - ByteTrackWrapper initialised (frame_rate=10, buffer=30)
2026-06-12 23:54:29,235 - modules.tracker - INFO - ByteTrackWrapper initialised (frame_rate=10, buffer=30)
2026-06-12 23:54:29,238 - modules.tracker - INFO - ByteTrackWrapper initialised (frame_rate=10, buffer=30)
2026-06-12 23:54:29,238 - __main__ - INFO - Initializing: ReIDExtractor
2026-06-12 23:54:29,329 - modules.reid - INFO - Loaded osnet_x1_0 (Market-1501 pretrained) via torchreid
2026-06-12 23:54:31,521 - modules.reid - INFO - ReIDExtractor ready: model=osnet_x1_0, device=cpu, feature_dim=512
2026-06-12 23:54:31,522 - __main__ - INFO - Initializing: GlobalTracker
2026-06-12 23:54:31,522 - modules.global_tracking - INFO - GlobalTracker initialised: threshold=0.50, topology_pairs=0
2026-06-12 23:54:31,522 - __main__ - INFO - Initializing: TrajectoryPredictor
2026-06-12 23:54:31,530 - modules.calibration - INFO - CalibrationStore: loaded 3 camera calibration(s) from config/camera_config.yaml
2026-06-12 23:54:31,530 - modules.trajectory_predictor - INFO - TrajectoryPredictor initialised (Kalman constant-acceleration): window=10, horizons=[0.5, 1.0, 1.5, 2.0, 3.0] s, process_noise_std=50.0, measurement_noise_std=5.0
2026-06-12 23:54:31,533 - modules.trajectory_predictor - INFO - LearnedTrajectoryPredictor: loaded checkpoint weights/trajectory_gru.pth (t_obs=8)
2026-06-12 23:54:31,534 - modules.trajectory_predictor - INFO - EnsembleTrajectoryPredictor: Kalman + GRU ensemble active (3 camera calibration(s))
2026-06-12 23:54:31,534 - __main__ - INFO - Initializing: AlertSystem
2026-06-12 23:54:31,534 - modules.alert_system - INFO - AlertSystem initialized
2026-06-12 23:54:31,534 - modules.alert_system - INFO - Set 3 ROIs for 3 cameras
2026-06-12 23:54:31,534 - __main__ - INFO - Initializing: IncidentDetector
2026-06-12 23:54:31,534 - modules.incident_detector - INFO - IncidentDetector initialized
2026-06-12 23:54:31,534 - __main__ - INFO - Initializing: EvidencePackage
2026-06-12 23:54:31,535 - modules.evidence_package - INFO - EvidencePackage initialized — output: evidence, buffer: 30s @ 10fps
2026-06-12 23:54:31,535 - __main__ - INFO - Initializing: Visualizer
2026-06-12 23:54:31,535 - utils.visualization - INFO - Visualizer initialized
2026-06-12 23:54:31,535 - __main__ - INFO - Initializing: MetricsCollector
2026-06-12 23:54:31,535 - utils.metrics - INFO - MetricsCollector initialized
2026-06-12 23:54:31,535 - __main__ - INFO - Initializing: Eval output (pred_<CAM_ID>.txt)
2026-06-12 23:54:31,536 - __main__ - INFO - All modules initialised successfully
2026-06-12 23:54:31,536 - __main__ - INFO - Starting tracking system...
2026-06-12 23:55:24,234 - __main__ - INFO - Pipeline FPS: 1.9  (frame 100)
2026-06-12 23:55:24,234 - __main__ - INFO - Reached max frames (100), stopping.
2026-06-12 23:55:24,234 - __main__ - INFO - Cleaning up...
2026-06-12 23:55:24,242 - __main__ - INFO - Cleanup completed
2026-06-14 00:07:46,311 - __main__ - INFO - CARLA client initialized
2026-06-14 00:07:46,345 - __main__ - INFO - Synchronous mode enabled at 10 fps
2026-06-14 00:07:46,364 - __main__ - INFO - Initializing: CameraController
2026-06-14 00:07:46,382 - modules.camera_controller - INFO - Configuration loaded successfully
2026-06-14 00:07:46,382 - modules.camera_controller - INFO - CameraController initialized with config: config/camera_config.yaml
2026-06-14 00:07:46,387 - modules.camera_controller - INFO - Camera CAM_001 spawned at [0, 0, 3]
2026-06-14 00:07:46,388 - modules.camera_controller - INFO - Camera CAM_002 spawned at [50, 0, 3]
2026-06-14 00:07:46,388 - modules.camera_controller - INFO - Camera CAM_003 spawned at [25, 38, 3]
2026-06-14 00:07:46,388 - __main__ - INFO - Initializing: TrafficGenerator
2026-06-14 00:07:46,388 - modules.traffic_generator - INFO - TrafficGenerator initialized: 10 vehicles, 5 pedestrians
2026-06-14 00:07:46,659 - modules.traffic_generator - ERROR - Error starting walker controller: rpc::rpc_error during call in function set_actor_collisions
2026-06-14 00:07:46,660 - modules.traffic_generator - ERROR - Error starting walker controller: rpc::rpc_error during call in function set_actor_collisions
2026-06-14 00:07:46,661 - modules.traffic_generator - ERROR - Error starting walker controller: rpc::rpc_error during call in function set_actor_collisions
2026-06-14 00:07:46,661 - modules.traffic_generator - ERROR - Error starting walker controller: rpc::rpc_error during call in function set_actor_collisions
2026-06-14 00:07:46,661 - modules.traffic_generator - ERROR - Error starting walker controller: rpc::rpc_error during call in function set_actor_collisions
2026-06-14 00:07:46,661 - modules.traffic_generator - INFO - Spawned 10 vehicles and 5 pedestrians
2026-06-14 00:07:46,662 - __main__ - INFO - Initializing: ObjectDetector
2026-06-14 00:07:47,630 - modules.detector - INFO - Model loaded: E:\School_project\finalproject\custom_tracking_system\weights\yolo11m_vn.pt
2026-06-14 00:07:47,631 - modules.detector - INFO - ObjectDetector initialised: E:\School_project\finalproject\custom_tracking_system\weights\yolo11m_vn.pt on cpu
2026-06-14 00:07:47,631 - __main__ - INFO - Initializing: ByteTrackWrapper (per camera)
2026-06-14 00:07:48,449 - __main__ - ERROR - Failed to initialize modules: No module named 'boxmot.trackers.bytetrack'
Traceback (most recent call last):
  File "E:\School_project\finalproject\custom_tracking_system\main.py", line 180, in initialize_modules
    self.modules['trackers'] = {
  File "E:\School_project\finalproject\custom_tracking_system\main.py", line 181, in <dictcomp>
    cam_id: ByteTrackWrapper(
  File "E:\School_project\finalproject\custom_tracking_system\modules\tracker.py", line 52, in __init__
    self._init_tracker()
  File "E:\School_project\finalproject\custom_tracking_system\modules\tracker.py", line 57, in _init_tracker
    from boxmot.trackers.bytetrack.byte_tracker import BYTETracker
ModuleNotFoundError: No module named 'boxmot.trackers.bytetrack'
2026-06-14 00:09:37,433 - __main__ - INFO - CARLA client initialized
2026-06-14 00:09:38,450 - __main__ - INFO - Synchronous mode enabled at 10 fps
2026-06-14 00:09:38,453 - __main__ - INFO - Initializing: CameraController
2026-06-14 00:09:38,462 - modules.camera_controller - INFO - Configuration loaded successfully
2026-06-14 00:09:38,462 - modules.camera_controller - INFO - CameraController initialized with config: config/camera_config.yaml
2026-06-14 00:09:38,694 - modules.camera_controller - INFO - Camera CAM_001 spawned at [0, 0, 3]
2026-06-14 00:09:38,695 - modules.camera_controller - INFO - Camera CAM_002 spawned at [50, 0, 3]
2026-06-14 00:09:38,696 - modules.camera_controller - INFO - Camera CAM_003 spawned at [25, 38, 3]
2026-06-14 00:09:38,697 - __main__ - INFO - Initializing: TrafficGenerator
2026-06-14 00:09:38,697 - modules.traffic_generator - INFO - TrafficGenerator initialized: 10 vehicles, 5 pedestrians
2026-06-14 00:09:42,857 - modules.traffic_generator - ERROR - Error starting walker controller: rpc::rpc_error during call in function set_actor_collisions
2026-06-14 00:09:42,857 - modules.traffic_generator - ERROR - Error starting walker controller: rpc::rpc_error during call in function set_actor_collisions
2026-06-14 00:09:42,858 - modules.traffic_generator - ERROR - Error starting walker controller: rpc::rpc_error during call in function set_actor_collisions
2026-06-14 00:09:42,858 - modules.traffic_generator - ERROR - Error starting walker controller: rpc::rpc_error during call in function set_actor_collisions
2026-06-14 00:09:42,859 - modules.traffic_generator - ERROR - Error starting walker controller: rpc::rpc_error during call in function set_actor_collisions
2026-06-14 00:09:42,859 - modules.traffic_generator - INFO - Spawned 10 vehicles and 5 pedestrians
2026-06-14 00:09:42,859 - __main__ - INFO - Initializing: ObjectDetector
2026-06-14 00:09:43,363 - modules.detector - INFO - Model loaded: E:\School_project\finalproject\custom_tracking_system\weights\yolo11m_vn.pt
2026-06-14 00:09:43,363 - modules.detector - INFO - ObjectDetector initialised: E:\School_project\finalproject\custom_tracking_system\weights\yolo11m_vn.pt on cpu
2026-06-14 00:09:43,363 - __main__ - INFO - Initializing: ByteTrackWrapper (per camera)
2026-06-14 00:09:43,520 - modules.tracker - INFO - ByteTrackWrapper initialised (frame_rate=10, buffer=30)
2026-06-14 00:09:43,522 - modules.tracker - INFO - ByteTrackWrapper initialised (frame_rate=10, buffer=30)
2026-06-14 00:09:43,523 - modules.tracker - INFO - ByteTrackWrapper initialised (frame_rate=10, buffer=30)
2026-06-14 00:09:43,523 - __main__ - INFO - Initializing: ReIDExtractor
2026-06-14 00:09:43,685 - modules.reid - INFO - Loaded osnet_x1_0 (Market-1501 pretrained) via torchreid
2026-06-14 00:09:45,791 - modules.reid - INFO - ReIDExtractor ready: model=osnet_x1_0, device=cpu, feature_dim=512
2026-06-14 00:09:45,791 - __main__ - INFO - Initializing: GlobalTracker
2026-06-14 00:09:45,791 - modules.global_tracking - INFO - GlobalTracker initialised: threshold=0.50, topology_pairs=0
2026-06-14 00:09:45,791 - __main__ - INFO - Initializing: TrajectoryPredictor
2026-06-14 00:09:45,801 - modules.calibration - INFO - CalibrationStore: loaded 3 camera calibration(s) from config/camera_config.yaml
2026-06-14 00:09:45,801 - modules.trajectory_predictor - INFO - TrajectoryPredictor initialised (Kalman constant-acceleration): window=10, horizons=[0.5, 1.0, 1.5, 2.0, 3.0] s, process_noise_std=50.0, measurement_noise_std=5.0
2026-06-14 00:09:45,835 - modules.trajectory_predictor - INFO - LearnedTrajectoryPredictor: loaded checkpoint weights/trajectory_gru.pth (t_obs=8)
2026-06-14 00:09:45,835 - modules.trajectory_predictor - INFO - EnsembleTrajectoryPredictor: Kalman + GRU ensemble active (3 camera calibration(s))
2026-06-14 00:09:45,835 - __main__ - INFO - Initializing: AlertSystem
2026-06-14 00:09:45,835 - modules.alert_system - INFO - AlertSystem initialized
2026-06-14 00:09:45,835 - modules.alert_system - INFO - Set 3 ROIs for 3 cameras
2026-06-14 00:09:45,835 - __main__ - INFO - Initializing: IncidentDetector
2026-06-14 00:09:45,835 - modules.incident_detector - INFO - IncidentDetector initialized
2026-06-14 00:09:45,835 - __main__ - INFO - Initializing: EvidencePackage
2026-06-14 00:09:45,835 - modules.evidence_package - INFO - EvidencePackage initialized — output: evidence, buffer: 30s @ 10fps
2026-06-14 00:09:45,836 - __main__ - INFO - Initializing: Visualizer
2026-06-14 00:09:45,836 - utils.visualization - INFO - Visualizer initialized
2026-06-14 00:09:45,836 - __main__ - INFO - Initializing: MetricsCollector
2026-06-14 00:09:45,836 - utils.metrics - INFO - MetricsCollector initialized
2026-06-14 00:09:45,836 - __main__ - INFO - Initializing: Eval output (pred_<CAM_ID>.txt)
2026-06-14 00:09:45,837 - __main__ - INFO - All modules initialised successfully
2026-06-14 00:09:45,837 - __main__ - INFO - Starting tracking system...
2026-06-14 00:10:35,321 - __main__ - INFO - Pipeline FPS: 2.0  (frame 100)
2026-06-14 00:10:35,321 - __main__ - INFO - Reached max frames (100), stopping.
2026-06-14 00:10:35,321 - __main__ - INFO - Cleaning up...
2026-06-14 00:10:35,330 - modules.camera_controller - INFO - Camera destroyed
2026-06-14 00:10:35,330 - modules.camera_controller - INFO - Camera destroyed
2026-06-14 00:10:35,331 - modules.camera_controller - INFO - Camera destroyed
2026-06-14 00:10:35,382 - modules.traffic_generator - INFO - Cleaning up traffic actors...
2026-06-14 00:10:35,390 - modules.traffic_generator - INFO - Traffic cleanup completed
2026-06-14 00:10:35,414 - __main__ - INFO - Cleanup completed
2026-06-14 00:11:57,669 - __main__ - INFO - CARLA client initialized
2026-06-14 00:11:57,694 - __main__ - INFO - Synchronous mode enabled at 10 fps
2026-06-14 00:11:57,696 - __main__ - INFO - Initializing: CameraController
2026-06-14 00:11:57,704 - modules.camera_controller - INFO - Configuration loaded successfully
2026-06-14 00:11:57,705 - modules.camera_controller - INFO - CameraController initialized with config: config/camera_config.yaml
2026-06-14 00:11:57,707 - modules.camera_controller - INFO - Camera CAM_001 spawned at [0, 0, 3]
2026-06-14 00:11:57,707 - modules.camera_controller - INFO - Camera CAM_002 spawned at [50, 0, 3]
2026-06-14 00:11:57,709 - modules.camera_controller - INFO - Camera CAM_003 spawned at [25, 38, 3]
2026-06-14 00:11:57,709 - __main__ - INFO - Initializing: TrafficGenerator
2026-06-14 00:11:57,709 - modules.traffic_generator - INFO - TrafficGenerator initialized: 10 vehicles, 5 pedestrians
2026-06-14 00:12:01,829 - modules.traffic_generator - WARNING - Failed to spawn vehicle at Location(x=32.337723, y=130.460068, z=0.600000)
2026-06-14 00:12:01,830 - modules.traffic_generator - WARNING - Failed to spawn vehicle at Location(x=-111.120361, y=72.898865, z=0.600000)
2026-06-14 00:12:01,831 - modules.traffic_generator - WARNING - Failed to spawn vehicle at Location(x=22.881157, y=-60.899998, z=0.600000)
2026-06-14 00:12:01,848 - modules.traffic_generator - ERROR - Error starting walker controller: rpc::rpc_error during call in function set_actor_collisions
2026-06-14 00:12:01,848 - modules.traffic_generator - ERROR - Error starting walker controller: rpc::rpc_error during call in function set_actor_collisions
2026-06-14 00:12:01,848 - modules.traffic_generator - ERROR - Error starting walker controller: rpc::rpc_error during call in function set_actor_collisions
2026-06-14 00:12:01,849 - modules.traffic_generator - ERROR - Error starting walker controller: rpc::rpc_error during call in function set_actor_collisions
2026-06-14 00:12:01,849 - modules.traffic_generator - ERROR - Error starting walker controller: rpc::rpc_error during call in function set_actor_collisions
2026-06-14 00:12:01,849 - modules.traffic_generator - INFO - Spawned 7 vehicles and 5 pedestrians
2026-06-14 00:12:01,849 - __main__ - INFO - Initializing: ObjectDetector
2026-06-14 00:12:02,345 - modules.detector - INFO - Model loaded: E:\School_project\finalproject\custom_tracking_system\weights\yolo11m_vn.pt
2026-06-14 00:12:02,345 - modules.detector - INFO - ObjectDetector initialised: E:\School_project\finalproject\custom_tracking_system\weights\yolo11m_vn.pt on cpu
2026-06-14 00:12:02,345 - __main__ - INFO - Initializing: ByteTrackWrapper (per camera)
2026-06-14 00:12:02,539 - modules.tracker - INFO - ByteTrackWrapper initialised (frame_rate=10, buffer=30)
2026-06-14 00:12:02,541 - modules.tracker - INFO - ByteTrackWrapper initialised (frame_rate=10, buffer=30)
2026-06-14 00:12:02,543 - modules.tracker - INFO - ByteTrackWrapper initialised (frame_rate=10, buffer=30)
2026-06-14 00:12:02,543 - __main__ - INFO - Initializing: ReIDExtractor
2026-06-14 00:12:02,709 - modules.reid - INFO - Loaded osnet_x1_0 (Market-1501 pretrained) via torchreid
2026-06-14 00:12:04,684 - modules.reid - INFO - ReIDExtractor ready: model=osnet_x1_0, device=cpu, feature_dim=512
2026-06-14 00:12:04,684 - __main__ - INFO - Initializing: GlobalTracker
2026-06-14 00:12:04,684 - modules.global_tracking - INFO - GlobalTracker initialised: threshold=0.50, topology_pairs=0
2026-06-14 00:12:04,684 - __main__ - INFO - Initializing: TrajectoryPredictor
2026-06-14 00:12:04,692 - modules.calibration - INFO - CalibrationStore: loaded 3 camera calibration(s) from config/camera_config.yaml
2026-06-14 00:12:04,692 - modules.trajectory_predictor - INFO - TrajectoryPredictor initialised (Kalman constant-acceleration): window=10, horizons=[0.5, 1.0, 1.5, 2.0, 3.0] s, process_noise_std=50.0, measurement_noise_std=5.0
2026-06-14 00:12:04,696 - modules.trajectory_predictor - INFO - LearnedTrajectoryPredictor: loaded checkpoint weights/trajectory_gru.pth (t_obs=8)
2026-06-14 00:12:04,696 - modules.trajectory_predictor - INFO - EnsembleTrajectoryPredictor: Kalman + GRU ensemble active (3 camera calibration(s))
2026-06-14 00:12:04,696 - __main__ - INFO - Initializing: AlertSystem
2026-06-14 00:12:04,696 - modules.alert_system - INFO - AlertSystem initialized
2026-06-14 00:12:04,697 - modules.alert_system - INFO - Set 3 ROIs for 3 cameras
2026-06-14 00:12:04,697 - __main__ - INFO - Initializing: IncidentDetector
2026-06-14 00:12:04,697 - modules.incident_detector - INFO - IncidentDetector initialized
2026-06-14 00:12:04,697 - __main__ - INFO - Initializing: EvidencePackage
2026-06-14 00:12:04,697 - modules.evidence_package - INFO - EvidencePackage initialized — output: evidence, buffer: 30s @ 10fps
2026-06-14 00:12:04,697 - __main__ - INFO - Initializing: Visualizer
2026-06-14 00:12:04,697 - utils.visualization - INFO - Visualizer initialized
2026-06-14 00:12:04,697 - __main__ - INFO - Initializing: MetricsCollector
2026-06-14 00:12:04,697 - utils.metrics - INFO - MetricsCollector initialized
2026-06-14 00:12:04,697 - __main__ - INFO - All modules initialised successfully
2026-06-14 00:12:04,697 - __main__ - INFO - Starting tracking system...
2026-06-14 00:12:05,334 - __main__ - INFO - DEBUG detections per camera: [[], [], []]
2026-06-14 00:12:05,831 - __main__ - INFO - DEBUG detections per camera: [[], [], []]
2026-06-14 00:12:06,289 - __main__ - INFO - DEBUG detections per camera: [[], [], []]
2026-06-14 00:12:06,747 - __main__ - INFO - DEBUG detections per camera: [[], [], []]
2026-06-14 00:12:07,195 - __main__ - INFO - DEBUG detections per camera: [[], [], []]
2026-06-14 00:12:07,649 - __main__ - INFO - DEBUG detections per camera: [[], [], []]
2026-06-14 00:12:08,102 - __main__ - INFO - DEBUG detections per camera: [[], [], []]
2026-06-14 00:12:08,558 - __main__ - INFO - DEBUG detections per camera: [[], [], []]
2026-06-14 00:12:08,583 - __main__ - INFO - Reached max frames (8), stopping.
2026-06-14 00:12:08,583 - __main__ - INFO - Cleaning up...
2026-06-14 00:12:08,590 - modules.camera_controller - INFO - Camera destroyed
2026-06-14 00:12:08,590 - modules.camera_controller - INFO - Camera destroyed
2026-06-14 00:12:08,590 - modules.camera_controller - INFO - Camera destroyed
2026-06-14 00:12:08,593 - modules.traffic_generator - INFO - Cleaning up traffic actors...
2026-06-14 00:12:08,600 - modules.traffic_generator - INFO - Traffic cleanup completed
2026-06-14 00:12:08,622 - __main__ - INFO - Cleanup completed
2026-06-14 00:12:53,708 - __main__ - INFO - CARLA client initialized
2026-06-14 00:12:53,732 - __main__ - INFO - Synchronous mode enabled at 10 fps
2026-06-14 00:12:53,734 - __main__ - INFO - Initializing: CameraController
2026-06-14 00:12:53,743 - modules.camera_controller - INFO - Configuration loaded successfully
2026-06-14 00:12:53,744 - modules.camera_controller - INFO - CameraController initialized with config: config/camera_config.yaml
2026-06-14 00:12:53,746 - modules.camera_controller - INFO - Camera CAM_001 spawned at [0, 0, 3]
2026-06-14 00:12:53,747 - modules.camera_controller - INFO - Camera CAM_002 spawned at [50, 0, 3]
2026-06-14 00:12:53,747 - modules.camera_controller - INFO - Camera CAM_003 spawned at [25, 38, 3]
2026-06-14 00:12:53,747 - __main__ - INFO - Initializing: TrafficGenerator
2026-06-14 00:12:53,747 - modules.traffic_generator - INFO - TrafficGenerator initialized: 10 vehicles, 5 pedestrians
2026-06-14 00:12:57,886 - modules.traffic_generator - WARNING - Failed to spawn vehicle at Location(x=-48.819988, y=-4.795075, z=0.600000)
2026-06-14 00:12:57,900 - modules.traffic_generator - ERROR - Error starting walker controller: rpc::rpc_error during call in function set_actor_collisions
2026-06-14 00:12:57,900 - modules.traffic_generator - ERROR - Error starting walker controller: rpc::rpc_error during call in function set_actor_collisions
2026-06-14 00:12:57,900 - modules.traffic_generator - ERROR - Error starting walker controller: rpc::rpc_error during call in function set_actor_collisions
2026-06-14 00:12:57,901 - modules.traffic_generator - ERROR - Error starting walker controller: rpc::rpc_error during call in function set_actor_collisions
2026-06-14 00:12:57,901 - modules.traffic_generator - ERROR - Error starting walker controller: rpc::rpc_error during call in function set_actor_collisions
2026-06-14 00:12:57,901 - modules.traffic_generator - INFO - Spawned 9 vehicles and 5 pedestrians
2026-06-14 00:12:57,901 - __main__ - INFO - Initializing: ObjectDetector
2026-06-14 00:12:58,404 - modules.detector - INFO - Model loaded: E:\School_project\finalproject\custom_tracking_system\weights\yolo11m_vn.pt
2026-06-14 00:12:58,404 - modules.detector - INFO - ObjectDetector initialised: E:\School_project\finalproject\custom_tracking_system\weights\yolo11m_vn.pt on cpu
2026-06-14 00:12:58,404 - __main__ - INFO - Initializing: ByteTrackWrapper (per camera)
2026-06-14 00:12:58,565 - modules.tracker - INFO - ByteTrackWrapper initialised (frame_rate=10, buffer=30)
2026-06-14 00:12:58,567 - modules.tracker - INFO - ByteTrackWrapper initialised (frame_rate=10, buffer=30)
2026-06-14 00:12:58,571 - modules.tracker - INFO - ByteTrackWrapper initialised (frame_rate=10, buffer=30)
2026-06-14 00:12:58,571 - __main__ - INFO - Initializing: ReIDExtractor
2026-06-14 00:12:58,704 - modules.reid - INFO - Loaded osnet_x1_0 (Market-1501 pretrained) via torchreid
2026-06-14 00:13:00,470 - modules.reid - INFO - ReIDExtractor ready: model=osnet_x1_0, device=cpu, feature_dim=512
2026-06-14 00:13:00,470 - __main__ - INFO - Initializing: GlobalTracker
2026-06-14 00:13:00,470 - modules.global_tracking - INFO - GlobalTracker initialised: threshold=0.50, topology_pairs=0
2026-06-14 00:13:00,470 - __main__ - INFO - Initializing: TrajectoryPredictor
2026-06-14 00:13:00,479 - modules.calibration - INFO - CalibrationStore: loaded 3 camera calibration(s) from config/camera_config.yaml
2026-06-14 00:13:00,479 - modules.trajectory_predictor - INFO - TrajectoryPredictor initialised (Kalman constant-acceleration): window=10, horizons=[0.5, 1.0, 1.5, 2.0, 3.0] s, process_noise_std=50.0, measurement_noise_std=5.0
2026-06-14 00:13:00,483 - modules.trajectory_predictor - INFO - LearnedTrajectoryPredictor: loaded checkpoint weights/trajectory_gru.pth (t_obs=8)
2026-06-14 00:13:00,483 - modules.trajectory_predictor - INFO - EnsembleTrajectoryPredictor: Kalman + GRU ensemble active (3 camera calibration(s))
2026-06-14 00:13:00,483 - __main__ - INFO - Initializing: AlertSystem
2026-06-14 00:13:00,483 - modules.alert_system - INFO - AlertSystem initialized
2026-06-14 00:13:00,483 - modules.alert_system - INFO - Set 3 ROIs for 3 cameras
2026-06-14 00:13:00,483 - __main__ - INFO - Initializing: IncidentDetector
2026-06-14 00:13:00,483 - modules.incident_detector - INFO - IncidentDetector initialized
2026-06-14 00:13:00,483 - __main__ - INFO - Initializing: EvidencePackage
2026-06-14 00:13:00,483 - modules.evidence_package - INFO - EvidencePackage initialized — output: evidence, buffer: 30s @ 10fps
2026-06-14 00:13:00,484 - __main__ - INFO - Initializing: Visualizer
2026-06-14 00:13:00,484 - utils.visualization - INFO - Visualizer initialized
2026-06-14 00:13:00,484 - __main__ - INFO - Initializing: MetricsCollector
2026-06-14 00:13:00,484 - utils.metrics - INFO - MetricsCollector initialized
2026-06-14 00:13:00,484 - __main__ - INFO - All modules initialised successfully
2026-06-14 00:13:00,484 - __main__ - INFO - Starting tracking system...
2026-06-14 00:13:01,079 - __main__ - INFO - DEBUG detections per camera: [[], [], [('person', 0.05)]]
2026-06-14 00:13:01,560 - __main__ - INFO - DEBUG detections per camera: [[], [], [('person', 0.05)]]
2026-06-14 00:13:02,051 - __main__ - INFO - DEBUG detections per camera: [[], [], [('person', 0.05)]]
2026-06-14 00:13:02,529 - __main__ - INFO - DEBUG detections per camera: [[], [], [('person', 0.05)]]
2026-06-14 00:13:02,986 - __main__ - INFO - DEBUG detections per camera: [[], [], [('person', 0.05)]]
2026-06-14 00:13:03,431 - __main__ - INFO - DEBUG detections per camera: [[], [], [('person', 0.05)]]
2026-06-14 00:13:04,050 - __main__ - INFO - DEBUG detections per camera: [[], [], [('person', 0.06), ('person', 0.05)]]
2026-06-14 00:13:04,552 - __main__ - INFO - DEBUG detections per camera: [[], [], [('person', 0.05)]]
2026-06-14 00:13:04,579 - __main__ - INFO - Reached max frames (8), stopping.
2026-06-14 00:13:04,580 - __main__ - INFO - Cleaning up...
2026-06-14 00:13:04,587 - modules.camera_controller - INFO - Camera destroyed
2026-06-14 00:13:04,587 - modules.camera_controller - INFO - Camera destroyed
2026-06-14 00:13:04,589 - modules.camera_controller - INFO - Camera destroyed
2026-06-14 00:13:04,595 - modules.traffic_generator - INFO - Cleaning up traffic actors...
2026-06-14 00:13:04,603 - modules.traffic_generator - INFO - Traffic cleanup completed
2026-06-14 00:13:04,625 - __main__ - INFO - Cleanup completed
2026-06-14 00:13:33,674 - __main__ - INFO - CARLA client initialized
2026-06-14 00:13:33,700 - __main__ - INFO - Synchronous mode enabled at 10 fps
2026-06-14 00:13:33,702 - __main__ - INFO - Initializing: CameraController
2026-06-14 00:13:33,711 - modules.camera_controller - INFO - Configuration loaded successfully
2026-06-14 00:13:33,711 - modules.camera_controller - INFO - CameraController initialized with config: config/camera_config.yaml
2026-06-14 00:13:33,713 - modules.camera_controller - INFO - Camera CAM_001 spawned at [0, 0, 3]
2026-06-14 00:13:33,714 - modules.camera_controller - INFO - Camera CAM_002 spawned at [50, 0, 3]
2026-06-14 00:13:33,715 - modules.camera_controller - INFO - Camera CAM_003 spawned at [25, 38, 3]
2026-06-14 00:13:33,715 - __main__ - INFO - Initializing: TrafficGenerator
2026-06-14 00:13:33,715 - modules.traffic_generator - INFO - TrafficGenerator initialized: 10 vehicles, 5 pedestrians
2026-06-14 00:13:37,854 - modules.traffic_generator - WARNING - Failed to spawn vehicle at Location(x=-89.885788, y=27.934278, z=0.600000)
2026-06-14 00:13:37,855 - modules.traffic_generator - WARNING - Failed to spawn vehicle at Location(x=-48.839951, y=-17.213200, z=0.600000)
2026-06-14 00:13:37,870 - modules.traffic_generator - ERROR - Error starting walker controller: rpc::rpc_error during call in function set_actor_collisions
2026-06-14 00:13:37,870 - modules.traffic_generator - ERROR - Error starting walker controller: rpc::rpc_error during call in function set_actor_collisions
2026-06-14 00:13:37,871 - modules.traffic_generator - ERROR - Error starting walker controller: rpc::rpc_error during call in function set_actor_collisions
2026-06-14 00:13:37,871 - modules.traffic_generator - ERROR - Error starting walker controller: rpc::rpc_error during call in function set_actor_collisions
2026-06-14 00:13:37,871 - modules.traffic_generator - ERROR - Error starting walker controller: rpc::rpc_error during call in function set_actor_collisions
2026-06-14 00:13:37,871 - modules.traffic_generator - INFO - Spawned 8 vehicles and 5 pedestrians
2026-06-14 00:13:37,872 - __main__ - INFO - Initializing: ObjectDetector
2026-06-14 00:13:38,385 - modules.detector - INFO - Model loaded: E:\School_project\finalproject\custom_tracking_system\weights\yolo11m_vn.pt
2026-06-14 00:13:38,385 - modules.detector - INFO - ObjectDetector initialised: E:\School_project\finalproject\custom_tracking_system\weights\yolo11m_vn.pt on cpu
2026-06-14 00:13:38,385 - __main__ - INFO - Initializing: ByteTrackWrapper (per camera)
2026-06-14 00:13:38,556 - modules.tracker - INFO - ByteTrackWrapper initialised (frame_rate=10, buffer=30)
2026-06-14 00:13:38,559 - modules.tracker - INFO - ByteTrackWrapper initialised (frame_rate=10, buffer=30)
2026-06-14 00:13:38,560 - modules.tracker - INFO - ByteTrackWrapper initialised (frame_rate=10, buffer=30)
2026-06-14 00:13:38,560 - __main__ - INFO - Initializing: ReIDExtractor
2026-06-14 00:13:38,695 - modules.reid - INFO - Loaded osnet_x1_0 (Market-1501 pretrained) via torchreid
2026-06-14 00:13:40,503 - modules.reid - INFO - ReIDExtractor ready: model=osnet_x1_0, device=cpu, feature_dim=512
2026-06-14 00:13:40,503 - __main__ - INFO - Initializing: GlobalTracker
2026-06-14 00:13:40,503 - modules.global_tracking - INFO - GlobalTracker initialised: threshold=0.50, topology_pairs=0
2026-06-14 00:13:40,503 - __main__ - INFO - Initializing: TrajectoryPredictor
2026-06-14 00:13:40,513 - modules.calibration - INFO - CalibrationStore: loaded 3 camera calibration(s) from config/camera_config.yaml
2026-06-14 00:13:40,513 - modules.trajectory_predictor - INFO - TrajectoryPredictor initialised (Kalman constant-acceleration): window=10, horizons=[0.5, 1.0, 1.5, 2.0, 3.0] s, process_noise_std=50.0, measurement_noise_std=5.0
2026-06-14 00:13:40,517 - modules.trajectory_predictor - INFO - LearnedTrajectoryPredictor: loaded checkpoint weights/trajectory_gru.pth (t_obs=8)
2026-06-14 00:13:40,517 - modules.trajectory_predictor - INFO - EnsembleTrajectoryPredictor: Kalman + GRU ensemble active (3 camera calibration(s))
2026-06-14 00:13:40,517 - __main__ - INFO - Initializing: AlertSystem
2026-06-14 00:13:40,517 - modules.alert_system - INFO - AlertSystem initialized
2026-06-14 00:13:40,517 - modules.alert_system - INFO - Set 3 ROIs for 3 cameras
2026-06-14 00:13:40,517 - __main__ - INFO - Initializing: IncidentDetector
2026-06-14 00:13:40,517 - modules.incident_detector - INFO - IncidentDetector initialized
2026-06-14 00:13:40,517 - __main__ - INFO - Initializing: EvidencePackage
2026-06-14 00:13:40,517 - modules.evidence_package - INFO - EvidencePackage initialized — output: evidence, buffer: 30s @ 10fps
2026-06-14 00:13:40,517 - __main__ - INFO - Initializing: Visualizer
2026-06-14 00:13:40,517 - utils.visualization - INFO - Visualizer initialized
2026-06-14 00:13:40,517 - __main__ - INFO - Initializing: MetricsCollector
2026-06-14 00:13:40,517 - utils.metrics - INFO - MetricsCollector initialized
2026-06-14 00:13:40,517 - __main__ - INFO - All modules initialised successfully
2026-06-14 00:13:40,517 - __main__ - INFO - Starting tracking system...
2026-06-14 00:13:40,546 - __main__ - INFO - DEBUG frame 0 shape=(540, 960, 3) dtype=uint8 min=0 max=254
2026-06-14 00:13:40,573 - __main__ - INFO - DEBUG frame 1 shape=(540, 960, 3) dtype=uint8 min=0 max=255
2026-06-14 00:13:40,601 - __main__ - INFO - DEBUG frame 2 shape=(540, 960, 3) dtype=uint8 min=0 max=255
2026-06-14 00:13:41,235 - __main__ - INFO - DEBUG detections per camera: [[], [], [('person', 0.08), ('person', 0.06), ('person', 0.06), ('person', 0.05)]]
2026-06-14 00:13:41,725 - __main__ - INFO - DEBUG detections per camera: [[], [], [('person', 0.08), ('person', 0.06), ('person', 0.06), ('person', 0.05)]]
2026-06-14 00:13:41,751 - __main__ - INFO - Reached max frames (2), stopping.
2026-06-14 00:13:41,751 - __main__ - INFO - Cleaning up...
2026-06-14 00:13:41,758 - modules.camera_controller - INFO - Camera destroyed
2026-06-14 00:13:41,759 - modules.camera_controller - INFO - Camera destroyed
2026-06-14 00:13:41,759 - modules.camera_controller - INFO - Camera destroyed
2026-06-14 00:13:41,759 - modules.traffic_generator - INFO - Cleaning up traffic actors...
2026-06-14 00:13:41,766 - modules.traffic_generator - INFO - Traffic cleanup completed
2026-06-14 00:13:41,787 - __main__ - INFO - Cleanup completed
2026-06-14 00:14:41,913 - __main__ - INFO - CARLA client initialized
2026-06-14 00:14:41,941 - __main__ - INFO - Synchronous mode enabled at 10 fps
2026-06-14 00:14:41,943 - __main__ - INFO - Initializing: CameraController
2026-06-14 00:14:41,952 - modules.camera_controller - INFO - Configuration loaded successfully
2026-06-14 00:14:41,952 - modules.camera_controller - INFO - CameraController initialized with config: config/camera_config.yaml
2026-06-14 00:14:41,955 - modules.camera_controller - INFO - Camera CAM_001 spawned at [0, 0, 3]
2026-06-14 00:14:41,955 - modules.camera_controller - INFO - Camera CAM_002 spawned at [50, 0, 3]
2026-06-14 00:14:41,956 - modules.camera_controller - INFO - Camera CAM_003 spawned at [25, 38, 3]
2026-06-14 00:14:41,956 - __main__ - INFO - Initializing: TrafficGenerator
2026-06-14 00:14:41,956 - modules.traffic_generator - INFO - TrafficGenerator initialized: 10 vehicles, 5 pedestrians
2026-06-14 00:14:46,100 - modules.traffic_generator - ERROR - Error starting walker controller: rpc::rpc_error during call in function set_actor_collisions
2026-06-14 00:14:46,100 - modules.traffic_generator - ERROR - Error starting walker controller: rpc::rpc_error during call in function set_actor_collisions
2026-06-14 00:14:46,100 - modules.traffic_generator - ERROR - Error starting walker controller: rpc::rpc_error during call in function set_actor_collisions
2026-06-14 00:14:46,101 - modules.traffic_generator - ERROR - Error starting walker controller: rpc::rpc_error during call in function set_actor_collisions
2026-06-14 00:14:46,101 - modules.traffic_generator - ERROR - Error starting walker controller: rpc::rpc_error during call in function set_actor_collisions
2026-06-14 00:14:46,101 - modules.traffic_generator - INFO - Spawned 10 vehicles and 5 pedestrians
2026-06-14 00:14:46,101 - __main__ - INFO - Initializing: ObjectDetector
2026-06-14 00:14:46,609 - modules.detector - INFO - Model loaded: E:\School_project\finalproject\custom_tracking_system\weights\yolo11m_vn.pt
2026-06-14 00:14:46,609 - modules.detector - INFO - ObjectDetector initialised: E:\School_project\finalproject\custom_tracking_system\weights\yolo11m_vn.pt on cpu
2026-06-14 00:14:46,609 - __main__ - INFO - Initializing: ByteTrackWrapper (per camera)
2026-06-14 00:14:46,775 - modules.tracker - INFO - ByteTrackWrapper initialised (frame_rate=10, buffer=30)
2026-06-14 00:14:46,776 - modules.tracker - INFO - ByteTrackWrapper initialised (frame_rate=10, buffer=30)
2026-06-14 00:14:46,778 - modules.tracker - INFO - ByteTrackWrapper initialised (frame_rate=10, buffer=30)
2026-06-14 00:14:46,779 - __main__ - INFO - Initializing: ReIDExtractor
2026-06-14 00:14:46,914 - modules.reid - INFO - Loaded osnet_x1_0 (Market-1501 pretrained) via torchreid
2026-06-14 00:14:48,927 - modules.reid - INFO - ReIDExtractor ready: model=osnet_x1_0, device=cpu, feature_dim=512
2026-06-14 00:14:48,927 - __main__ - INFO - Initializing: GlobalTracker
2026-06-14 00:14:48,927 - modules.global_tracking - INFO - GlobalTracker initialised: threshold=0.50, topology_pairs=0
2026-06-14 00:14:48,927 - __main__ - INFO - Initializing: TrajectoryPredictor
2026-06-14 00:14:48,938 - modules.calibration - INFO - CalibrationStore: loaded 3 camera calibration(s) from config/camera_config.yaml
2026-06-14 00:14:48,938 - modules.trajectory_predictor - INFO - TrajectoryPredictor initialised (Kalman constant-acceleration): window=10, horizons=[0.5, 1.0, 1.5, 2.0, 3.0] s, process_noise_std=50.0, measurement_noise_std=5.0
2026-06-14 00:14:48,942 - modules.trajectory_predictor - INFO - LearnedTrajectoryPredictor: loaded checkpoint weights/trajectory_gru.pth (t_obs=8)
2026-06-14 00:14:48,942 - modules.trajectory_predictor - INFO - EnsembleTrajectoryPredictor: Kalman + GRU ensemble active (3 camera calibration(s))
2026-06-14 00:14:48,942 - __main__ - INFO - Initializing: AlertSystem
2026-06-14 00:14:48,942 - modules.alert_system - INFO - AlertSystem initialized
2026-06-14 00:14:48,942 - modules.alert_system - INFO - Set 3 ROIs for 3 cameras
2026-06-14 00:14:48,942 - __main__ - INFO - Initializing: IncidentDetector
2026-06-14 00:14:48,942 - modules.incident_detector - INFO - IncidentDetector initialized
2026-06-14 00:14:48,942 - __main__ - INFO - Initializing: EvidencePackage
2026-06-14 00:14:48,942 - modules.evidence_package - INFO - EvidencePackage initialized — output: evidence, buffer: 30s @ 10fps
2026-06-14 00:14:48,943 - __main__ - INFO - Initializing: Visualizer
2026-06-14 00:14:48,943 - utils.visualization - INFO - Visualizer initialized
2026-06-14 00:14:48,943 - __main__ - INFO - Initializing: MetricsCollector
2026-06-14 00:14:48,943 - utils.metrics - INFO - MetricsCollector initialized
2026-06-14 00:14:48,943 - __main__ - INFO - All modules initialised successfully
2026-06-14 00:14:48,943 - __main__ - INFO - Starting tracking system...
2026-06-14 00:14:48,972 - __main__ - INFO - DEBUG frame 0 shape=(540, 960, 3) dtype=uint8 min=0 max=255
2026-06-14 00:14:49,002 - __main__ - INFO - DEBUG frame 1 shape=(540, 960, 3) dtype=uint8 min=0 max=255
2026-06-14 00:14:49,031 - __main__ - INFO - DEBUG frame 2 shape=(540, 960, 3) dtype=uint8 min=0 max=255
2026-06-14 00:14:49,689 - __main__ - INFO - DEBUG detections per camera: [[], [], []]
2026-06-14 00:14:50,260 - __main__ - INFO - DEBUG detections per camera: [[], [], []]
2026-06-14 00:14:50,293 - __main__ - INFO - Reached max frames (2), stopping.
2026-06-14 00:14:50,293 - __main__ - INFO - Cleaning up...
2026-06-14 00:14:50,304 - modules.camera_controller - INFO - Camera destroyed
2026-06-14 00:14:50,304 - modules.camera_controller - INFO - Camera destroyed
2026-06-14 00:14:50,304 - modules.camera_controller - INFO - Camera destroyed
2026-06-14 00:14:50,305 - modules.traffic_generator - INFO - Cleaning up traffic actors...
2026-06-14 00:14:50,316 - modules.traffic_generator - INFO - Traffic cleanup completed
2026-06-14 00:14:50,345 - __main__ - INFO - Cleanup completed
